第１表,,,,刑法犯　罪種別　認知・検挙件数・検挙人員　対前年比較,,,,,,,,,,,,,,,暫定値,,,,,,,,,,,,,,,,,,,,,,,,,,,,,,,,
,,,,,,,,,,,,,,,,,,,２０２６年２月１日確定,,,,,,,,,,,,,,,,,,,,,,,,,,,,,,,,
,,,,,,,,,,,,,,,,,,,,,,,,,,,,,,,,,,,,,,,,,,,,,,,,,,,
,,認知件数,認知件数,認知件数,認知件数,検挙件数,検挙件数,検挙件数,検挙件数,検挙率,検挙率,検挙率,検挙人員,検挙人員,検挙人員,検挙人員,"検挙人員
うち)少年","検挙人員
うち)少年","検挙人員
うち)少年","検挙人員
うち)少年",,,,,,,,,,,,,,,,,,,,,,,,,,,,,,,
,罪種,"2025年
1～11月","2024年
1～11月",増減,増減率(％）,"2025年
1～11月","2024年
1～11月",増減,増減率(％),"2025年
1～11月","2024年
1～11月",増減ポイント,"2025年
1～11月","2024年
1～11月",増減,増減率(％),"2025年
1～11月","2024年
1～11月",増減,増減率(％),,,,,,,,,,,,,,,,,,,,,,,,,,,,,,,
刑法犯総数,,709385,678008,31377,4.6,275988,263151,12837,4.9,38.9,38.8,0.1,182883,175630,7253,4.1,21929,19475,2454,12.6,,,,,,,,,,,,,,,,,,,,,,,,,,,,,,,
凶悪犯,計,6688,6442,246,3.8,5970,5710,260,4.6,89.3,88.6,0.7,5959,5685,274,4.8,785,702,83,11.8,,,,,,,,,,,,,,,,,,,,,,,,,,,,,,,
凶悪犯,殺人,919,897,22,2.5,874,866,8,0.9,95.1,96.5,-1.4,801,845,-44,-5.2,52,49,3,6.1,,,,,,,,,,,,,,,,,,,,,,,,,,,,,,,
凶悪犯,強盗,1320,1257,63,5,1220,1160,60,5.2,92.4,92.3,0.1,1641,1572,69,4.4,434,382,52,13.6,,,,,,,,,,,,,,,,,,,,,,,,,,,,,,,
凶悪犯,放火,630,679,-49,-7.2,519,589,-70,-11.9,82.4,86.7,-4.3,453,463,-10,-2.2,29,28,1,3.6,,,,,,,,,,,,,,,,,,,,,,,,,,,,,,,
凶悪犯,不同意性交等,3819,3609,210,5.8,3357,3095,262,8.5,87.9,85.8,2.1,3064,2805,259,9.2,270,243,27,11.1,,,,,,,,,,,,,,,,,,,,,,,,,,,,,,,
粗暴犯,計,56541,53053,3488,6.6,45244,43905,1339,3,80,82.8,-2.8,46691,45461,1230,2.7,4121,3573,548,15.3,,,,,,,,,,,,,,,,,,,,,,,,,,,,,,,
粗暴犯,凶器準備集合,22,13,9,69.2,22,10,12,120,100,76.9,23.1,108,21,87,414.3,74,8,66,825,,,,,,,,,,,,,,,,,,,,,,,,,,,,,,,
粗暴犯,暴行,28579,26943,1636,6.1,22955,22486,469,2.1,80.3,83.5,-3.2,22921,22675,246,1.1,969,960,9,0.9,,,,,,,,,,,,,,,,,,,,,,,,,,,,,,,
粗暴犯,傷害,21344,20371,973,4.8,17178,16891,287,1.7,80.5,82.9,-2.4,19091,18521,570,3.1,2324,2023,301,14.9,,,,,,,,,,,,,,,,,,,,,,,,,,,,,,,
粗暴犯,傷害　うち）傷害致死,45,62,-17,-27.4,43,58,-15,-25.9,95.6,93.5,2.1,53,75,-22,-29.3,5,4,1,25,,,,,,,,,,,,,,,,,,,,,,,,,,,,,,,
粗暴犯,脅迫,4731,4184,547,13.1,3840,3424,416,12.1,81.2,81.8,-0.6,3178,2998,180,6,254,207,47,22.7,,,,,,,,,,,,,,,,,,,,,,,,,,,,,,,
粗暴犯,恐喝,1865,1542,323,20.9,1249,1094,155,14.2,67,70.9,-3.9,1393,1246,147,11.8,500,375,125,33.3,,,,,,,,,,,,,,,,,,,,,,,,,,,,,,,
窃盗犯,計,472771,461820,10951,2.4,159709,152652,7057,4.6,33.8,33.1,0.7,84818,81143,3675,4.5,11402,9945,1457,14.7,,,,,,,,,,,,,,,,,,,,,,,,,,,,,,,
窃盗犯,侵入盗,43770,39299,4471,11.4,22925,22964,-39,-0.2,52.4,58.4,-6,4877,4846,31,0.6,424,322,102,31.7,,,,,,,,,,,,,,,,,,,,,,,,,,,,,,,
窃盗犯,乗り物盗,178646,177432,1214,0.7,15311,14762,549,3.7,8.6,8.3,0.3,6908,6728,180,2.7,3610,3372,238,7.1,,,,,,,,,,,,,,,,,,,,,,,,,,,,,,,
窃盗犯,非侵入盗,250355,245089,5266,2.1,121473,114926,6547,5.7,48.5,46.9,1.6,73033,69569,3464,5,7368,6251,1117,17.9,,,,,,,,,,,,,,,,,,,,,,,,,,,,,,,
知能犯,計,69370,55964,13406,24,18816,17270,1546,9,27.1,30.9,-3.8,10925,10455,470,4.5,850,774,76,9.8,,,,,,,,,,,,,,,,,,,,,,,,,,,,,,,
知能犯,詐欺,64872,51710,13162,25.5,15754,14350,1404,9.8,24.3,27.8,-3.5,8547,8166,381,4.7,735,701,34,4.9,,,,,,,,,,,,,,,,,,,,,,,,,,,,,,,
知能犯,横領,2296,2146,150,7,1476,1379,97,7,64.3,64.3,0,1294,1206,88,7.3,19,13,6,46.2,,,,,,,,,,,,,,,,,,,,,,,,,,,,,,,
知能犯,偽造,1995,1916,79,4.1,1420,1392,28,2,71.2,72.7,-1.5,912,896,16,1.8,92,60,32,53.3,,,,,,,,,,,,,,,,,,,,,,,,,,,,,,,
知能犯,偽造　うち）通貨偽造,281,276,5,1.8,90,52,38,73.1,32,18.8,13.2,37,27,10,37,0,0,0,0,,,,,,,,,,,,,,,,,,,,,,,,,,,,,,,
知能犯,偽造　うち）文書偽造,1584,1551,33,2.1,1263,1267,-4,-0.3,79.7,81.7,-2,845,822,23,2.8,83,56,27,48.2,,,,,,,,,,,,,,,,,,,,,,,,,,,,,,,
知能犯,偽造　うち）支払用カード偽造,4,11,-7,-63.6,3,10,-7,-70,75,90.9,-15.9,1,2,-1,-50,1,0,1,0,,,,,,,,,,,,,,,,,,,,,,,,,,,,,,,
知能犯,偽造　うち）有価証券偽造,90,35,55,157.1,29,25,4,16,32.2,71.4,-39.2,11,19,-8,-42.1,1,1,0,0,,,,,,,,,,,,,,,,,,,,,,,,,,,,,,,
知能犯,汚職,72,95,-23,-24.2,74,80,-6,-7.5,102.8,84.2,18.6,89,107,-18,-16.8,0,0,0,0,,,,,,,,,,,,,,,,,,,,,,,,,,,,,,,
知能犯,汚職　うち）賄賂,33,30,3,10,29,33,-4,-12.1,87.9,110,-22.1,52,49,3,6.1,0,0,0,0,,,,,,,,,,,,,,,,,,,,,,,,,,,,,,,
知能犯,あっせん利得処罰法,0,0,0,0,0,0,0,0,0,0,0,0,0,0,0,0,0,0,0,,,,,,,,,,,,,,,,,,,,,,,,,,,,,,,
知能犯,背任,135,97,38,39.2,92,69,23,33.3,68.1,71.1,-3,83,80,3,3.8,4,0,4,0,,,,,,,,,,,,,,,,,,,,,,,,,,,,,,,
風俗犯,計,18540,17050,1490,8.7,15581,13770,1811,13.2,84,80.8,3.2,11071,10064,1007,10,1208,1092,116,10.6,,,,,,,,,,,,,,,,,,,,,,,,,,,,,,,
風俗犯,賭博,328,240,88,36.7,325,216,109,50.5,99.1,90,9.1,641,534,107,20,27,11,16,145.5,,,,,,,,,,,,,,,,,,,,,,,,,,,,,,,
風俗犯,わいせつ,9049,9108,-59,-0.6,7382,7418,-36,-0.5,81.6,81.4,0.2,5675,5531,144,2.6,534,503,31,6.2,,,,,,,,,,,,,,,,,,,,,,,,,,,,,,,
風俗犯,わいせつ　うち）不同意わいせつ,6564,6481,83,1.3,5518,5386,132,2.5,84.1,83.1,1,4254,4052,202,5,405,364,41,11.3,,,,,,,,,,,,,,,,,,,,,,,,,,,,,,,
風俗犯,わいせつ　うち）公然わいせつ,2101,2145,-44,-2.1,1534,1559,-25,-1.6,73,72.7,0.3,1236,1222,14,1.1,97,93,4,4.3,,,,,,,,,,,,,,,,,,,,,,,,,,,,,,,
風俗犯,わいせつ　うち）面会要求等,144,139,5,3.6,118,119,-1,-0.8,81.9,85.6,-3.7,58,48,10,20.8,12,7,5,71.4,,,,,,,,,,,,,,,,,,,,,,,,,,,,,,,
風俗犯,性的姿態撮影等処罰法,9163,7702,1461,19,7874,6136,1738,28.3,85.9,79.7,6.2,4755,3999,756,18.9,647,578,69,11.9,,,,,,,,,,,,,,,,,,,,,,,,,,,,,,,
その他の刑法犯,計,85475,83679,1796,2.1,30668,29844,824,2.8,35.9,35.7,0.2,23419,22822,597,2.6,3563,3389,174,5.1,,,,,,,,,,,,,,,,,,,,,,,,,,,,,,,
その他の刑法犯,うち）占有離脱物横領,13527,13183,344,2.6,8704,8976,-272,-3,64.3,68.1,-3.8,8202,8380,-178,-2.1,1496,1507,-11,-0.7,,,,,,,,,,,,,,,,,,,,,,,,,,,,,,,
その他の刑法犯,うち）公務執行妨害,2014,1955,59,3,1896,1919,-23,-1.2,94.1,98.2,-4.1,1446,1460,-14,-1,115,86,29,33.7,,,,,,,,,,,,,,,,,,,,,,,,,,,,,,,
その他の刑法犯,うち）住居侵入,10022,9431,591,6.3,5154,4982,172,3.5,51.4,52.8,-1.4,3212,3085,127,4.1,749,735,14,1.9,,,,,,,,,,,,,,,,,,,,,,,,,,,,,,,
その他の刑法犯,うち）逮捕監禁,323,268,55,20.5,264,238,26,10.9,81.7,88.8,-7.1,315,299,16,5.4,50,44,6,13.6,,,,,,,,,,,,,,,,,,,,,,,,,,,,,,,
その他の刑法犯,うち）略取誘拐・人身売買,553,545,8,1.5,517,507,10,2,93.5,93,0.5,497,447,50,11.2,46,20,26,130,,,,,,,,,,,,,,,,,,,,,,,,,,,,,,,
その他の刑法犯,うち）盗品,997,886,111,12.5,891,802,89,11.1,89.4,90.5,-1.1,766,631,135,21.4,322,274,48,17.5,,,,,,,,,,,,,,,,,,,,,,,,,,,,,,,
その他の刑法犯,うち）器物損壊等,48643,49501,-858,-1.7,7202,7463,-261,-3.5,14.8,15.1,-0.3,4241,4296,-55,-1.3,484,425,59,13.9,,,,,,,,,,,,,,,,,,,,,,,,,,,,,,,
,,,,,,,,,,,,,,,,,,,,,,,,,,,,,,,,,,,,,,,,,,,,,,,,,,,
,,,,,,,,,,,,,,,,,,,,,,,,,,,,,,,,,,,,,,,,,,,,,,,,,,,
,,,,,,,,,,,,,,,,,,,,,,,,,,,,,,,,,,,,,,,,,,,,,,,,,,,
,,,,,,,,,,,,,,,,,,,,,,,,,,,,,,,,,,,,,,,,,,,,,,,,,,,
,,,,,,,,,,,,,,,,,,,,,,,,,,,,,,,,,,,,,,,,,,,,,,,,,,,
,,,,,,,,,,,,,,,,,,,,,,,,,,,,,,,,,,,,,,,,,,,,,,,,,,,
,,,,,,,,,,,,,,,,,,,,,,,,,,,,,,,,,,,,,,,,,,,,,,,,,,,
,,,,,,,,,,,,,,,,,,,,,,,,,,,,,,,,,,,,,,,,,,,,,,,,,,,
,,,,,,,,,,,,,,,,,,,,,,,,,,,,,,,,,,,,,,,,,,,,,,,,,,,
第２表,,,,窃盗　手口別　認知・検挙件数・検挙人員　対前年比較,,,,,,,,,,,,,,,暫定値,,,,,,,,,,,,,,,,,,,,,,,,,,,,,,,,
,,,,,,,,,,,,,,,,,,,２０２６年２月１日確定,,,,,,,,,,,,,,,,,,,,,,,,,,,,,,,,
,,,,,,,,,,,,,,,,,,,,,,,,,,,,,,,,,,,,,,,,,,,,,,,,,,,
,,認知件数,認知件数,認知件数,認知件数,検挙件数,検挙件数,検挙件数,検挙件数,検挙率,検挙率,検挙率,検挙人員,検挙人員,検挙人員,検挙人員,"検挙人員
うち)少年","検挙人員
うち)少年","検挙人員
うち)少年","検挙人員
うち)少年",,,,,,,,,,,,,,,,,,,,,,,,,,,,,,,
,罪種,"2025年
1～11月","2024年
1～11月",増減,増減率(％）,"2025年
1～11月","2024年
1～11月",増減,増減率(％),"2025年
1～11月","2024年
1～11月",増減ポイント,"2025年
1～11月","2024年
1～11月",増減,増減率(％),"2025年
1～11月","2024年
1～11月",増減,増減率(％),,,,,,,,,,,,,,,,,,,,,,,,,,,,,,,
窃盗総数,,472771,461820,10951,2.4,159709,152652,7057,4.6,33.8,33.1,0.7,84818,81143,3675,4.5,11402,9945,1457,14.7,,,,,,,,,,,,,,,,,,,,,,,,,,,,,,,
侵入盗,計,43770,39299,4471,11.4,22925,22964,-39,-0.2,52.4,58.4,-6,4877,4846,31,0.6,424,322,102,31.7,,,,,,,,,,,,,,,,,,,,,,,,,,,,,,,
侵入盗,空き巣,10736,10080,656,6.5,4812,4998,-186,-3.7,44.8,49.6,-4.8,1240,1255,-15,-1.2,107,78,29,37.2,,,,,,,,,,,,,,,,,,,,,,,,,,,,,,,
侵入盗,忍込み,4537,3755,782,20.8,2181,2213,-32,-1.4,48.1,58.9,-10.8,271,272,-1,-0.4,26,30,-4,-13.3,,,,,,,,,,,,,,,,,,,,,,,,,,,,,,,
侵入盗,居空き,651,763,-112,-14.7,363,479,-116,-24.2,55.8,62.8,-7,165,159,6,3.8,16,13,3,23.1,,,,,,,,,,,,,,,,,,,,,,,,,,,,,,,
侵入盗,ＡＴＭ破り,5,8,-3,-37.5,4,6,-2,-33.3,80,75,5,1,5,-4,-80,0,0,0,0,,,,,,,,,,,,,,,,,,,,,,,,,,,,,,,
侵入盗,金庫破り,684,692,-8,-1.2,355,479,-124,-25.9,51.9,69.2,-17.3,136,142,-6,-4.2,5,6,-1,-16.7,,,,,,,,,,,,,,,,,,,,,,,,,,,,,,,
侵入盗,旅館荒し,158,248,-90,-36.3,85,212,-127,-59.9,53.8,85.5,-31.7,49,48,1,2.1,1,5,-4,-80,,,,,,,,,,,,,,,,,,,,,,,,,,,,,,,
侵入盗,官公署荒し,56,61,-5,-8.2,45,44,1,2.3,80.4,72.1,8.3,16,24,-8,-33.3,2,0,2,0,,,,,,,,,,,,,,,,,,,,,,,,,,,,,,,
侵入盗,学校荒し,463,284,179,63,296,186,110,59.1,63.9,65.5,-1.6,123,99,24,24.2,44,35,9,25.7,,,,,,,,,,,,,,,,,,,,,,,,,,,,,,,
侵入盗,病院荒し,172,208,-36,-17.3,110,208,-98,-47.1,64,100,-36,34,39,-5,-12.8,0,0,0,0,,,,,,,,,,,,,,,,,,,,,,,,,,,,,,,
侵入盗,給油所荒し,65,48,17,35.4,42,49,-7,-14.3,64.6,102.1,-37.5,5,6,-1,-16.7,1,1,0,0,,,,,,,,,,,,,,,,,,,,,,,,,,,,,,,
侵入盗,事務所荒し,2437,2700,-263,-9.7,1439,1633,-194,-11.9,59,60.5,-1.5,435,421,14,3.3,34,18,16,88.9,,,,,,,,,,,,,,,,,,,,,,,,,,,,,,,
侵入盗,出店荒し,3812,4017,-205,-5.1,2402,3180,-778,-24.5,63,79.2,-16.2,625,697,-72,-10.3,45,39,6,15.4,,,,,,,,,,,,,,,,,,,,,,,,,,,,,,,
侵入盗,工場荒し,513,558,-45,-8.1,336,462,-126,-27.3,65.5,82.8,-17.3,92,101,-9,-8.9,4,0,4,0,,,,,,,,,,,,,,,,,,,,,,,,,,,,,,,
侵入盗,更衣室荒し,594,451,143,31.7,426,358,68,19,71.7,79.4,-7.7,103,98,5,5.1,23,21,2,9.5,,,,,,,,,,,,,,,,,,,,,,,,,,,,,,,
侵入盗,倉庫荒し,3747,3967,-220,-5.5,2390,2566,-176,-6.9,63.8,64.7,-0.9,572,581,-9,-1.5,31,16,15,93.8,,,,,,,,,,,,,,,,,,,,,,,,,,,,,,,
侵入盗,その他,15140,11459,3681,32.1,7639,5891,1748,29.7,50.5,51.4,-0.9,1010,899,111,12.3,85,60,25,41.7,,,,,,,,,,,,,,,,,,,,,,,,,,,,,,,
乗り物盗,計,178646,177432,1214,0.7,15311,14762,549,3.7,8.6,8.3,0.3,6908,6728,180,2.7,3610,3372,238,7.1,,,,,,,,,,,,,,,,,,,,,,,,,,,,,,,
乗り物盗,自動車盗,6012,5574,438,7.9,2221,2584,-363,-14,36.9,46.4,-9.5,709,566,143,25.3,113,52,61,117.3,,,,,,,,,,,,,,,,,,,,,,,,,,,,,,,
乗り物盗,オートバイ盗,13348,10668,2680,25.1,2704,1888,816,43.2,20.3,17.7,2.6,1263,1152,111,9.6,1157,1059,98,9.3,,,,,,,,,,,,,,,,,,,,,,,,,,,,,,,
乗り物盗,自転車盗,159286,161190,-1904,-1.2,10386,10290,96,0.9,6.5,6.4,0.1,4936,5010,-74,-1.5,2340,2261,79,3.5,,,,,,,,,,,,,,,,,,,,,,,,,,,,,,,
非侵入盗,計,250355,245089,5266,2.1,121473,114926,6547,5.7,48.5,46.9,1.6,73033,69569,3464,5,7368,6251,1117,17.9,,,,,,,,,,,,,,,,,,,,,,,,,,,,,,,
非侵入盗,職権盗,1038,1095,-57,-5.2,886,1036,-150,-14.5,85.4,94.6,-9.2,205,229,-24,-10.5,38,29,9,31,,,,,,,,,,,,,,,,,,,,,,,,,,,,,,,
非侵入盗,慶弔盗,1,5,-4,-80,0,2,-2,-100,0,40,-40,0,2,-2,-100,0,0,0,0,,,,,,,,,,,,,,,,,,,,,,,,,,,,,,,
非侵入盗,追出し盗,3,21,-18,-85.7,5,11,-6,-54.5,166.7,52.4,114.3,6,2,4,200,0,0,0,0,,,,,,,,,,,,,,,,,,,,,,,,,,,,,,,
非侵入盗,買物盗,677,765,-88,-11.5,349,375,-26,-6.9,51.6,49,2.6,192,189,3,1.6,82,73,9,12.3,,,,,,,,,,,,,,,,,,,,,,,,,,,,,,,
非侵入盗,訪問盗,778,915,-137,-15,383,604,-221,-36.6,49.2,66,-16.8,196,231,-35,-15.2,18,22,-4,-18.2,,,,,,,,,,,,,,,,,,,,,,,,,,,,,,,
非侵入盗,払出盗,6834,7145,-311,-4.4,6306,6603,-297,-4.5,92.3,92.4,-0.1,326,335,-9,-2.7,35,37,-2,-5.4,,,,,,,,,,,,,,,,,,,,,,,,,,,,,,,
非侵入盗,ＡＴＭねらい,6,1,5,500,4,1,3,300,66.7,100,-33.3,3,1,2,200,0,0,0,0,,,,,,,,,,,,,,,,,,,,,,,,,,,,,,,
非侵入盗,窓口ねらい,3,3,0,0,2,3,-1,-33.3,66.7,100,-33.3,1,1,0,0,0,0,0,0,,,,,,,,,,,,,,,,,,,,,,,,,,,,,,,
非侵入盗,途中ねらい,6,2,4,200,3,0,3,0,50,0,50,3,0,3,0,0,0,0,0,,,,,,,,,,,,,,,,,,,,,,,,,,,,,,,
非侵入盗,室内ねらい,280,314,-34,-10.8,55,71,-16,-22.5,19.6,22.6,-3,15,5,10,200,3,1,2,200,,,,,,,,,,,,,,,,,,,,,,,,,,,,,,,
非侵入盗,客室ねらい,119,134,-15,-11.2,39,54,-15,-27.8,32.8,40.3,-7.5,23,27,-4,-14.8,1,0,1,0,,,,,,,,,,,,,,,,,,,,,,,,,,,,,,,
非侵入盗,病室ねらい,359,348,11,3.2,47,101,-54,-53.5,13.1,29,-15.9,25,15,10,66.7,2,0,2,0,,,,,,,,,,,,,,,,,,,,,,,,,,,,,,,
非侵入盗,ひったくり,439,523,-84,-16.1,340,421,-81,-19.2,77.4,80.5,-3.1,202,232,-30,-12.9,76,91,-15,-16.5,,,,,,,,,,,,,,,,,,,,,,,,,,,,,,,
非侵入盗,すり,1432,1302,130,10,517,450,67,14.9,36.1,34.6,1.5,300,344,-44,-12.8,32,34,-2,-5.9,,,,,,,,,,,,,,,,,,,,,,,,,,,,,,,
非侵入盗,置引き,9275,9329,-54,-0.6,3131,3253,-122,-3.8,33.8,34.9,-1.1,2550,2500,50,2,192,158,34,21.5,,,,,,,,,,,,,,,,,,,,,,,,,,,,,,,
非侵入盗,仮睡者ねらい,3109,2890,219,7.6,388,331,57,17.2,12.5,11.5,1,122,143,-21,-14.7,34,19,15,78.9,,,,,,,,,,,,,,,,,,,,,,,,,,,,,,,
非侵入盗,車上ねらい,20776,21289,-513,-2.4,5581,6801,-1220,-17.9,26.9,31.9,-5,1162,1192,-30,-2.5,139,142,-3,-2.1,,,,,,,,,,,,,,,,,,,,,,,,,,,,,,,
非侵入盗,部品ねらい,14077,13562,515,3.8,1957,2176,-219,-10.1,13.9,16,-2.1,383,370,13,3.5,181,185,-4,-2.2,,,,,,,,,,,,,,,,,,,,,,,,,,,,,,,
非侵入盗,脱衣場ねらい,1419,1404,15,1.1,210,254,-44,-17.3,14.8,18.1,-3.3,114,104,10,9.6,13,8,5,62.5,,,,,,,,,,,,,,,,,,,,,,,,,,,,,,,
非侵入盗,自動販売機ねらい,2569,2239,330,14.7,1495,858,637,74.2,58.2,38.3,19.9,113,78,35,44.9,40,21,19,90.5,,,,,,,,,,,,,,,,,,,,,,,,,,,,,,,
非侵入盗,色情ねらい,3654,3760,-106,-2.8,1770,1866,-96,-5.1,48.4,49.6,-1.2,441,428,13,3,50,49,1,2,,,,,,,,,,,,,,,,,,,,,,,,,,,,,,,
非侵入盗,工事場ねらい,4643,5038,-395,-7.8,1947,1508,439,29.1,41.9,29.9,12,254,203,51,25.1,9,7,2,28.6,,,,,,,,,,,,,,,,,,,,,,,,,,,,,,,
非侵入盗,万引き,96231,90052,6179,6.9,66250,61749,4501,7.3,68.8,68.6,0.2,50583,47411,3172,6.7,5578,4513,1065,23.6,,,,,,,,,,,,,,,,,,,,,,,,,,,,,,,
非侵入盗,職場ねらい,8541,8287,254,3.1,3459,3197,262,8.2,40.5,38.6,1.9,2644,2489,155,6.2,268,268,0,0,,,,,,,,,,,,,,,,,,,,,,,,,,,,,,,
非侵入盗,同居ねらい,655,629,26,4.1,252,243,9,3.7,38.5,38.6,-0.1,183,192,-9,-4.7,7,14,-7,-50,,,,,,,,,,,,,,,,,,,,,,,,,,,,,,,
非侵入盗,さい銭ねらい,2705,2568,137,5.3,1843,1483,360,24.3,68.1,57.7,10.4,491,444,47,10.6,7,7,0,0,,,,,,,,,,,,,,,,,,,,,,,,,,,,,,,
非侵入盗,その他,70726,71469,-743,-1,24254,21475,2779,12.9,34.3,30,4.3,12496,12402,94,0.8,563,573,-10,-1.7,,,,,,,,,,,,,,,,,,,,,,,,,,,,,,,
,,,,,,,,,,,,,,,,,,,,,,,,,,,,,,,,,,,,,,,,,,,,,,,,,,,
第３表,,,刑法犯総数　都道府県別　認知・検挙件数・検挙人員　対前年比較,,,,,,,,,,,,暫定値,,,,,,,,,,,,,,,,,,,,,,,,,,,,,,,,,,,,
,,,,,,,,,,,,,,,２０２６年２月１日確定,,,,,,,,,,,,,,,,,,,,,,,,,,,,,,,,,,,,
,,,,,,,,,,,,,,,,,,,,,,,,,,,,,,,,,,,,,,,,,,,,,,,,,,,
,,認知件数,認知件数,認知件数,認知件数,検挙件数,検挙件数,検挙件数,検挙件数,検挙人員,検挙人員,検挙人員,検挙人員,検挙率,検挙率,検挙率,,,,,,,,,,,,,,,,,,,,,,,,,,,,,,,,,,,
,都道府県,"2025年
1～11月","2024年
1～11月",増減,増減率(％),"2025年
1～11月","2024年
1～11月",増減,増減率(％),"2025年
1～11月","2024年
1～11月",増減,増減率(％）,"2025年
1～11月","2024年
1～11月",増減ポイント,,,,,,,,,,,,,,,,,,,,,,,,,,,,,,,,,,,
総数,,709385,678008,31377,4.6,275988,263151,12837,4.9,182883,175630,7253,4.1,38.9,38.8,0.1,,,,,,,,,,,,,,,,,,,,,,,,,,,,,,,,,,,
北海道,計,22534,21118,1416,6.7,11946,10336,1610,15.6,8812,8308,504,6.1,53,48.9,4.1,,,,,,,,,,,,,,,,,,,,,,,,,,,,,,,,,,,
北海道,札幌方面,16547,15473,1074,6.9,7972,6832,1140,16.7,6000,5476,524,9.6,48.2,44.2,4,,,,,,,,,,,,,,,,,,,,,,,,,,,,,,,,,,,
北海道,函館方面,1591,1527,64,4.2,941,794,147,18.5,625,626,-1,-0.2,59.1,52,7.1,,,,,,,,,,,,,,,,,,,,,,,,,,,,,,,,,,,
北海道,旭川方面,1839,1720,119,6.9,1208,1167,41,3.5,865,934,-69,-7.4,65.7,67.8,-2.1,,,,,,,,,,,,,,,,,,,,,,,,,,,,,,,,,,,
北海道,釧路方面,1861,1709,152,8.9,1342,1072,270,25.2,927,882,45,5.1,72.1,62.7,9.4,,,,,,,,,,,,,,,,,,,,,,,,,,,,,,,,,,,
北海道,北見方面,696,689,7,1,483,471,12,2.5,395,390,5,1.3,69.4,68.4,1,,,,,,,,,,,,,,,,,,,,,,,,,,,,,,,,,,,
東北,計,31071,31132,-61,-0.2,14841,14864,-23,-0.2,9183,9340,-157,-1.7,47.8,47.7,0.1,,,,,,,,,,,,,,,,,,,,,,,,,,,,,,,,,,,
東北,青森県,4306,4083,223,5.5,1926,2073,-147,-7.1,1388,1384,4,0.3,44.7,50.8,-6.1,,,,,,,,,,,,,,,,,,,,,,,,,,,,,,,,,,,
東北,岩手県,3074,3135,-61,-1.9,1565,1704,-139,-8.2,1099,1057,42,4,50.9,54.4,-3.5,,,,,,,,,,,,,,,,,,,,,,,,,,,,,,,,,,,
東北,宮城県,10351,10542,-191,-1.8,4523,4561,-38,-0.8,2719,2760,-41,-1.5,43.7,43.3,0.4,,,,,,,,,,,,,,,,,,,,,,,,,,,,,,,,,,,
東北,秋田県,2422,2367,55,2.3,1279,1425,-146,-10.2,855,953,-98,-10.3,52.8,60.2,-7.4,,,,,,,,,,,,,,,,,,,,,,,,,,,,,,,,,,,
東北,山形県,2973,2844,129,4.5,2188,1971,217,11,1257,1232,25,2,73.6,69.3,4.3,,,,,,,,,,,,,,,,,,,,,,,,,,,,,,,,,,,
東北,福島県,7945,8161,-216,-2.6,3360,3130,230,7.3,1865,1954,-89,-4.6,42.3,38.4,3.9,,,,,,,,,,,,,,,,,,,,,,,,,,,,,,,,,,,
東京都,,90334,86619,3715,4.3,31988,30777,1211,3.9,22257,21483,774,3.6,35.4,35.5,-0.1,,,,,,,,,,,,,,,,,,,,,,,,,,,,,,,,,,,
関東,計,210617,202265,8352,4.1,81739,77495,4244,5.5,48664,45753,2911,6.4,38.8,38.3,0.5,,,,,,,,,,,,,,,,,,,,,,,,,,,,,,,,,,,
関東,茨城県,17665,19485,-1820,-9.3,7683,5924,1759,29.7,3956,3385,571,16.9,43.5,30.4,13.1,,,,,,,,,,,,,,,,,,,,,,,,,,,,,,,,,,,
関東,栃木県,11679,11143,536,4.8,3709,4060,-351,-8.6,2011,1887,124,6.6,31.8,36.4,-4.6,,,,,,,,,,,,,,,,,,,,,,,,,,,,,,,,,,,
関東,群馬県,14198,13382,816,6.1,6455,5375,1080,20.1,2989,2839,150,5.3,45.5,40.2,5.3,,,,,,,,,,,,,,,,,,,,,,,,,,,,,,,,,,,
関東,埼玉県,49066,47212,1854,3.9,15182,14599,583,4,9324,8728,596,6.8,30.9,30.9,0,,,,,,,,,,,,,,,,,,,,,,,,,,,,,,,,,,,
関東,千葉県,36561,35361,1200,3.4,12917,13273,-356,-2.7,8005,7780,225,2.9,35.3,37.5,-2.2,,,,,,,,,,,,,,,,,,,,,,,,,,,,,,,,,,,
関東,神奈川県,45750,41741,4009,9.6,18551,17278,1273,7.4,11227,10715,512,4.8,40.5,41.4,-0.9,,,,,,,,,,,,,,,,,,,,,,,,,,,,,,,,,,,
関東,新潟県,8917,8782,135,1.5,5216,5072,144,2.8,3026,2754,272,9.9,58.5,57.8,0.7,,,,,,,,,,,,,,,,,,,,,,,,,,,,,,,,,,,
関東,山梨県,2993,3159,-166,-5.3,1365,1259,106,8.4,826,774,52,6.7,45.6,39.9,5.7,,,,,,,,,,,,,,,,,,,,,,,,,,,,,,,,,,,
関東,長野県,7406,7064,342,4.8,3251,3333,-82,-2.5,1968,1862,106,5.7,43.9,47.2,-3.3,,,,,,,,,,,,,,,,,,,,,,,,,,,,,,,,,,,
関東,静岡県,16382,14936,1446,9.7,7410,7322,88,1.2,5332,5029,303,6,45.2,49,-3.8,,,,,,,,,,,,,,,,,,,,,,,,,,,,,,,,,,,
中部,計,86321,80360,5961,7.4,31746,30835,911,3,21111,21237,-126,-0.6,36.8,38.4,-1.6,,,,,,,,,,,,,,,,,,,,,,,,,,,,,,,,,,,
中部,富山県,4920,4582,338,7.4,3180,2914,266,9.1,1792,1694,98,5.8,64.6,63.6,1,,,,,,,,,,,,,,,,,,,,,,,,,,,,,,,,,,,
中部,石川県,4849,5006,-157,-3.1,2332,2827,-495,-17.5,1378,1443,-65,-4.5,48.1,56.5,-8.4,,,,,,,,,,,,,,,,,,,,,,,,,,,,,,,,,,,
中部,福井県,2931,2634,297,11.3,2051,1920,131,6.8,1134,1164,-30,-2.6,70,72.9,-2.9,,,,,,,,,,,,,,,,,,,,,,,,,,,,,,,,,,,
中部,岐阜県,11893,11067,826,7.5,4316,4525,-209,-4.6,2742,2830,-88,-3.1,36.3,40.9,-4.6,,,,,,,,,,,,,,,,,,,,,,,,,,,,,,,,,,,
中部,愛知県,51944,46965,4979,10.6,15925,15242,683,4.5,12071,11906,165,1.4,30.7,32.5,-1.8,,,,,,,,,,,,,,,,,,,,,,,,,,,,,,,,,,,
中部,三重県,9784,10106,-322,-3.2,3942,3407,535,15.7,1994,2200,-206,-9.4,40.3,33.7,6.6,,,,,,,,,,,,,,,,,,,,,,,,,,,,,,,,,,,
近畿,計,142211,137674,4537,3.3,48278,47306,972,2.1,35369,34499,870,2.5,33.9,34.4,-0.5,,,,,,,,,,,,,,,,,,,,,,,,,,,,,,,,,,,
近畿,滋賀県,7830,7414,416,5.6,3174,2964,210,7.1,2296,2195,101,4.6,40.5,40,0.5,,,,,,,,,,,,,,,,,,,,,,,,,,,,,,,,,,,
近畿,京都府,11284,11033,251,2.3,5249,5021,228,4.5,3600,3552,48,1.4,46.5,45.5,1,,,,,,,,,,,,,,,,,,,,,,,,,,,,,,,,,,,
近畿,大阪府,77279,75117,2162,2.9,19786,19793,-7,0,15376,14818,558,3.8,25.6,26.3,-0.7,,,,,,,,,,,,,,,,,,,,,,,,,,,,,,,,,,,
近畿,兵庫県,36487,34660,1827,5.3,14333,13795,538,3.9,10416,10088,328,3.3,39.3,39.8,-0.5,,,,,,,,,,,,,,,,,,,,,,,,,,,,,,,,,,,
近畿,奈良県,5726,5700,26,0.5,3331,3324,7,0.2,2173,2238,-65,-2.9,58.2,58.3,-0.1,,,,,,,,,,,,,,,,,,,,,,,,,,,,,,,,,,,
近畿,和歌山県,3605,3750,-145,-3.9,2405,2409,-4,-0.2,1508,1608,-100,-6.2,66.7,64.2,2.5,,,,,,,,,,,,,,,,,,,,,,,,,,,,,,,,,,,
中国,計,32228,30827,1401,4.5,14655,13930,725,5.2,10180,9500,680,7.2,45.5,45.2,0.3,,,,,,,,,,,,,,,,,,,,,,,,,,,,,,,,,,,
中国,鳥取県,2733,2055,678,33,1455,1304,151,11.6,995,832,163,19.6,53.2,63.5,-10.3,,,,,,,,,,,,,,,,,,,,,,,,,,,,,,,,,,,
中国,島根県,1980,1930,50,2.6,1349,1306,43,3.3,787,712,75,10.5,68.1,67.7,0.4,,,,,,,,,,,,,,,,,,,,,,,,,,,,,,,,,,,
中国,岡山県,9454,8897,557,6.3,4175,3611,564,15.6,2801,2618,183,7,44.2,40.6,3.6,,,,,,,,,,,,,,,,,,,,,,,,,,,,,,,,,,,
中国,広島県,13563,13531,32,0.2,5287,5533,-246,-4.4,3817,3759,58,1.5,39,40.9,-1.9,,,,,,,,,,,,,,,,,,,,,,,,,,,,,,,,,,,
中国,山口県,4498,4414,84,1.9,2389,2176,213,9.8,1780,1579,201,12.7,53.1,49.3,3.8,,,,,,,,,,,,,,,,,,,,,,,,,,,,,,,,,,,
四国,計,18443,17799,644,3.6,8448,8325,123,1.5,5022,4901,121,2.5,45.8,46.8,-1,,,,,,,,,,,,,,,,,,,,,,,,,,,,,,,,,,,
四国,徳島県,2943,2714,229,8.4,1314,1146,168,14.7,800,753,47,6.2,44.6,42.2,2.4,,,,,,,,,,,,,,,,,,,,,,,,,,,,,,,,,,,
四国,香川県,5801,5445,356,6.5,2553,2508,45,1.8,1526,1543,-17,-1.1,44,46.1,-2.1,,,,,,,,,,,,,,,,,,,,,,,,,,,,,,,,,,,
四国,愛媛県,6397,6417,-20,-0.3,2947,3114,-167,-5.4,1710,1676,34,2,46.1,48.5,-2.4,,,,,,,,,,,,,,,,,,,,,,,,,,,,,,,,,,,
四国,高知県,3302,3223,79,2.5,1634,1557,77,4.9,986,929,57,6.1,49.5,48.3,1.2,,,,,,,,,,,,,,,,,,,,,,,,,,,,,,,,,,,
九州,計,75626,70214,5412,7.7,32347,29283,3064,10.5,22285,20609,1676,8.1,42.8,41.7,1.1,,,,,,,,,,,,,,,,,,,,,,,,,,,,,,,,,,,
九州,福岡県,35599,34110,1489,4.4,12844,11897,947,8,9024,8404,620,7.4,36.1,34.9,1.2,,,,,,,,,,,,,,,,,,,,,,,,,,,,,,,,,,,
九州,佐賀県,3843,3631,212,5.8,1984,1928,56,2.9,1353,1270,83,6.5,51.6,53.1,-1.5,,,,,,,,,,,,,,,,,,,,,,,,,,,,,,,,,,,
九州,長崎県,3802,3705,97,2.6,2257,2096,161,7.7,1689,1576,113,7.2,59.4,56.6,2.8,,,,,,,,,,,,,,,,,,,,,,,,,,,,,,,,,,,
九州,熊本県,6849,6224,625,10,3324,3290,34,1,2527,2369,158,6.7,48.5,52.9,-4.4,,,,,,,,,,,,,,,,,,,,,,,,,,,,,,,,,,,
九州,大分県,3840,3124,716,22.9,2068,1600,468,29.3,1328,1123,205,18.3,53.9,51.2,2.7,,,,,,,,,,,,,,,,,,,,,,,,,,,,,,,,,,,
九州,宮崎県,4377,3952,425,10.8,2090,1908,182,9.5,1385,1236,149,12.1,47.7,48.3,-0.6,,,,,,,,,,,,,,,,,,,,,,,,,,,,,,,,,,,
九州,鹿児島県,7695,6658,1037,15.6,3102,2541,561,22.1,1931,1810,121,6.7,40.3,38.2,2.1,,,,,,,,,,,,,,,,,,,,,,,,,,,,,,,,,,,
九州,沖縄県,9621,8810,811,9.2,4678,4023,655,16.3,3048,2821,227,8,48.6,45.7,2.9,,,,,,,,,,,,,,,,,,,,,,,,,,,,,,,,,,,
,,,,,,,,,,,,,,,,,,,,,,,,,,,,,,,,,,,,,,,,,,,,,,,,,,,
,,,,,,,,,,,,,,,,,,,,,,,,,,,,,,,,,,,,,,,,,,,,,,,,,,,
,,,,,,,,,,,,,,,,,,,,,,,,,,,,,,,,,,,,,,,,,,,,,,,,,,,
,,,,,,,,,,,,,,,,,,,,,,,,,,,,,,,,,,,,,,,,,,,,,,,,,,,
第４表,,,窃盗犯総数　都道府県別　認知・検挙件数・検挙人員　対前年比較,,,,,,,,,,,,暫定値,,,,,,,,,,,,,,,,,,,,,,,,,,,,,,,,,,,,
,,,,,,,,,,,,,,,２０２６年２月１日確定,,,,,,,,,,,,,,,,,,,,,,,,,,,,,,,,,,,,
,,,,,,,,,,,,,,,,,,,,,,,,,,,,,,,,,,,,,,,,,,,,,,,,,,,
,,認知件数,認知件数,認知件数,認知件数,検挙件数,検挙件数,検挙件数,検挙件数,検挙人員,検挙人員,検挙人員,検挙人員,検挙率,検挙率,検挙率,,,,,,,,,,,,,,,,,,,,,,,,,,,,,,,,,,,
,都道府県,"2025年
1～11月","2024年
1～11月",増減,増減率(％),"2025年
1～11月","2024年
1～11月",増減,増減率(％),"2025年
1～11月","2024年
1～11月",増減,増減率(％）,"2025年
1～11月","2024年
1～11月",増減ポイント,,,,,,,,,,,,,,,,,,,,,,,,,,,,,,,,,,,
総数,,472771,461820,10951,2.4,159709,152652,7057,4.6,84818,81143,3675,4.5,33.8,33.1,0.7,,,,,,,,,,,,,,,,,,,,,,,,,,,,,,,,,,,
北海道,計,14154,13361,793,5.9,5926,4988,938,18.8,3446,3325,121,3.6,41.9,37.3,4.6,,,,,,,,,,,,,,,,,,,,,,,,,,,,,,,,,,,
北海道,札幌方面,10851,10239,612,6,3865,3297,568,17.2,2373,2205,168,7.6,35.6,32.2,3.4,,,,,,,,,,,,,,,,,,,,,,,,,,,,,,,,,,,
北海道,函館方面,995,922,73,7.9,546,419,127,30.3,263,299,-36,-12,54.9,45.4,9.5,,,,,,,,,,,,,,,,,,,,,,,,,,,,,,,,,,,
北海道,旭川方面,1021,985,36,3.7,630,616,14,2.3,350,392,-42,-10.7,61.7,62.5,-0.8,,,,,,,,,,,,,,,,,,,,,,,,,,,,,,,,,,,
北海道,釧路方面,976,896,80,8.9,692,464,228,49.1,324,325,-1,-0.3,70.9,51.8,19.1,,,,,,,,,,,,,,,,,,,,,,,,,,,,,,,,,,,
北海道,北見方面,311,319,-8,-2.5,193,192,1,0.5,136,104,32,30.8,62.1,60.2,1.9,,,,,,,,,,,,,,,,,,,,,,,,,,,,,,,,,,,
東北,計,20050,20303,-253,-1.2,8961,8925,36,0.4,4520,4646,-126,-2.7,44.7,44,0.7,,,,,,,,,,,,,,,,,,,,,,,,,,,,,,,,,,,
東北,青森県,2529,2482,47,1.9,1045,1193,-148,-12.4,694,724,-30,-4.1,41.3,48.1,-6.8,,,,,,,,,,,,,,,,,,,,,,,,,,,,,,,,,,,
東北,岩手県,1882,2142,-260,-12.1,931,1130,-199,-17.6,580,577,3,0.5,49.5,52.8,-3.3,,,,,,,,,,,,,,,,,,,,,,,,,,,,,,,,,,,
東北,宮城県,6642,6592,50,0.8,2656,2451,205,8.4,1224,1137,87,7.7,40,37.2,2.8,,,,,,,,,,,,,,,,,,,,,,,,,,,,,,,,,,,
東北,秋田県,1544,1481,63,4.3,784,951,-167,-17.6,479,577,-98,-17,50.8,64.2,-13.4,,,,,,,,,,,,,,,,,,,,,,,,,,,,,,,,,,,
東北,山形県,1917,1691,226,13.4,1376,1222,154,12.6,555,544,11,2,71.8,72.3,-0.5,,,,,,,,,,,,,,,,,,,,,,,,,,,,,,,,,,,
東北,福島県,5536,5915,-379,-6.4,2169,1978,191,9.7,988,1087,-99,-9.1,39.2,33.4,5.8,,,,,,,,,,,,,,,,,,,,,,,,,,,,,,,,,,,
東京都,,56987,56708,279,0.5,15522,14918,604,4,8543,8231,312,3.8,27.2,26.3,0.9,,,,,,,,,,,,,,,,,,,,,,,,,,,,,,,,,,,
関東,計,151094,148169,2925,2,51445,48862,2583,5.3,24021,22210,1811,8.2,34,33,1,,,,,,,,,,,,,,,,,,,,,,,,,,,,,,,,,,,
関東,茨城県,12993,15241,-2248,-14.7,5504,3953,1551,39.2,1873,1603,270,16.8,42.4,25.9,16.5,,,,,,,,,,,,,,,,,,,,,,,,,,,,,,,,,,,
関東,栃木県,9010,8638,372,4.3,2491,2905,-414,-14.3,1125,1010,115,11.4,27.6,33.6,-6,,,,,,,,,,,,,,,,,,,,,,,,,,,,,,,,,,,
関東,群馬県,10731,10068,663,6.6,4449,3420,1029,30.1,1359,1214,145,11.9,41.5,34,7.5,,,,,,,,,,,,,,,,,,,,,,,,,,,,,,,,,,,
関東,埼玉県,35287,34720,567,1.6,8489,8375,114,1.4,4198,3860,338,8.8,24.1,24.1,0,,,,,,,,,,,,,,,,,,,,,,,,,,,,,,,,,,,
関東,千葉県,27068,26765,303,1.1,8364,8802,-438,-5,4243,4172,71,1.7,30.9,32.9,-2,,,,,,,,,,,,,,,,,,,,,,,,,,,,,,,,,,,
関東,神奈川県,32389,29879,2510,8.4,11722,11072,650,5.9,5785,5502,283,5.1,36.2,37.1,-0.9,,,,,,,,,,,,,,,,,,,,,,,,,,,,,,,,,,,
関東,新潟県,5879,5858,21,0.4,3329,3205,124,3.9,1518,1275,243,19.1,56.6,54.7,1.9,,,,,,,,,,,,,,,,,,,,,,,,,,,,,,,,,,,
関東,山梨県,2208,2422,-214,-8.8,938,876,62,7.1,468,455,13,2.9,42.5,36.2,6.3,,,,,,,,,,,,,,,,,,,,,,,,,,,,,,,,,,,
関東,長野県,4803,4866,-63,-1.3,1976,2175,-199,-9.1,1080,944,136,14.4,41.1,44.7,-3.6,,,,,,,,,,,,,,,,,,,,,,,,,,,,,,,,,,,
関東,静岡県,10726,9712,1014,10.4,4183,4079,104,2.5,2372,2175,197,9.1,39,42,-3,,,,,,,,,,,,,,,,,,,,,,,,,,,,,,,,,,,
中部,計,56979,53710,3269,6.1,18697,18105,592,3.3,9857,9865,-8,-0.1,32.8,33.7,-0.9,,,,,,,,,,,,,,,,,,,,,,,,,,,,,,,,,,,
中部,富山県,3360,3129,231,7.4,2127,1939,188,9.7,790,772,18,2.3,63.3,62,1.3,,,,,,,,,,,,,,,,,,,,,,,,,,,,,,,,,,,
中部,石川県,3186,3514,-328,-9.3,1564,1959,-395,-20.2,695,678,17,2.5,49.1,55.7,-6.6,,,,,,,,,,,,,,,,,,,,,,,,,,,,,,,,,,,
中部,福井県,1914,1854,60,3.2,1309,1266,43,3.4,554,551,3,0.5,68.4,68.3,0.1,,,,,,,,,,,,,,,,,,,,,,,,,,,,,,,,,,,
中部,岐阜県,7840,7097,743,10.5,2593,2814,-221,-7.9,1265,1331,-66,-5,33.1,39.7,-6.6,,,,,,,,,,,,,,,,,,,,,,,,,,,,,,,,,,,
中部,愛知県,34152,31343,2809,9,8487,8121,366,4.5,5598,5486,112,2,24.9,25.9,-1,,,,,,,,,,,,,,,,,,,,,,,,,,,,,,,,,,,
中部,三重県,6527,6773,-246,-3.6,2617,2006,611,30.5,955,1047,-92,-8.8,40.1,29.6,10.5,,,,,,,,,,,,,,,,,,,,,,,,,,,,,,,,,,,
近畿,計,93092,91770,1322,1.4,25960,25542,418,1.6,15459,15041,418,2.8,27.9,27.8,0.1,,,,,,,,,,,,,,,,,,,,,,,,,,,,,,,,,,,
近畿,滋賀県,4589,4453,136,3.1,1801,1648,153,9.3,1089,1067,22,2.1,39.2,37,2.2,,,,,,,,,,,,,,,,,,,,,,,,,,,,,,,,,,,
近畿,京都府,7624,7581,43,0.6,3111,2878,233,8.1,1803,1749,54,3.1,40.8,38,2.8,,,,,,,,,,,,,,,,,,,,,,,,,,,,,,,,,,,
近畿,大阪府,53963,53544,419,0.8,10314,10757,-443,-4.1,6529,6480,49,0.8,19.1,20.1,-1,,,,,,,,,,,,,,,,,,,,,,,,,,,,,,,,,,,
近畿,兵庫県,21332,20543,789,3.8,7229,6856,373,5.4,4135,3831,304,7.9,33.9,33.4,0.5,,,,,,,,,,,,,,,,,,,,,,,,,,,,,,,,,,,
近畿,奈良県,3572,3429,143,4.2,2007,1967,40,2,1186,1153,33,2.9,56.2,57.4,-1.2,,,,,,,,,,,,,,,,,,,,,,,,,,,,,,,,,,,
近畿,和歌山県,2012,2220,-208,-9.4,1498,1436,62,4.3,717,761,-44,-5.8,74.5,64.7,9.8,,,,,,,,,,,,,,,,,,,,,,,,,,,,,,,,,,,
中国,計,20612,20548,64,0.3,8454,8342,112,1.3,5158,4844,314,6.5,41,40.6,0.4,,,,,,,,,,,,,,,,,,,,,,,,,,,,,,,,,,,
中国,鳥取県,1728,1382,346,25,915,840,75,8.9,587,512,75,14.6,53,60.8,-7.8,,,,,,,,,,,,,,,,,,,,,,,,,,,,,,,,,,,
中国,島根県,1145,1204,-59,-4.9,806,845,-39,-4.6,390,355,35,9.9,70.4,70.2,0.2,,,,,,,,,,,,,,,,,,,,,,,,,,,,,,,,,,,
中国,岡山県,6432,6237,195,3.1,2384,1912,472,24.7,1317,1159,158,13.6,37.1,30.7,6.4,,,,,,,,,,,,,,,,,,,,,,,,,,,,,,,,,,,
中国,広島県,8466,8844,-378,-4.3,2898,3389,-491,-14.5,1878,1888,-10,-0.5,34.2,38.3,-4.1,,,,,,,,,,,,,,,,,,,,,,,,,,,,,,,,,,,
中国,山口県,2841,2881,-40,-1.4,1451,1356,95,7,986,930,56,6,51.1,47.1,4,,,,,,,,,,,,,,,,,,,,,,,,,,,,,,,,,,,
四国,計,11638,11474,164,1.4,5556,5571,-15,-0.3,2773,2737,36,1.3,47.7,48.6,-0.9,,,,,,,,,,,,,,,,,,,,,,,,,,,,,,,,,,,
四国,徳島県,1974,1935,39,2,941,791,150,19,545,479,66,13.8,47.7,40.9,6.8,,,,,,,,,,,,,,,,,,,,,,,,,,,,,,,,,,,
四国,香川県,3146,2949,197,6.7,1489,1442,47,3.3,725,760,-35,-4.6,47.3,48.9,-1.6,,,,,,,,,,,,,,,,,,,,,,,,,,,,,,,,,,,
四国,愛媛県,4351,4361,-10,-0.2,2070,2299,-229,-10,972,979,-7,-0.7,47.6,52.7,-5.1,,,,,,,,,,,,,,,,,,,,,,,,,,,,,,,,,,,
四国,高知県,2167,2229,-62,-2.8,1056,1039,17,1.6,531,519,12,2.3,48.7,46.6,2.1,,,,,,,,,,,,,,,,,,,,,,,,,,,,,,,,,,,
九州,計,48165,45777,2388,5.2,19188,17399,1789,10.3,11041,10244,797,7.8,39.8,38,1.8,,,,,,,,,,,,,,,,,,,,,,,,,,,,,,,,,,,
九州,福岡県,23745,23057,688,3,7773,7193,580,8.1,4525,4018,507,12.6,32.7,31.2,1.5,,,,,,,,,,,,,,,,,,,,,,,,,,,,,,,,,,,
九州,佐賀県,2262,2305,-43,-1.9,1210,1178,32,2.7,663,656,7,1.1,53.5,51.1,2.4,,,,,,,,,,,,,,,,,,,,,,,,,,,,,,,,,,,
九州,長崎県,1944,1989,-45,-2.3,1211,1174,37,3.2,845,792,53,6.7,62.3,59,3.3,,,,,,,,,,,,,,,,,,,,,,,,,,,,,,,,,,,
九州,熊本県,4301,4076,225,5.5,1821,1943,-122,-6.3,1248,1236,12,1,42.3,47.7,-5.4,,,,,,,,,,,,,,,,,,,,,,,,,,,,,,,,,,,
九州,大分県,2495,2060,435,21.1,1291,1043,248,23.8,692,639,53,8.3,51.7,50.6,1.1,,,,,,,,,,,,,,,,,,,,,,,,,,,,,,,,,,,
九州,宮崎県,3067,2692,375,13.9,1281,1090,191,17.5,721,608,113,18.6,41.8,40.5,1.3,,,,,,,,,,,,,,,,,,,,,,,,,,,,,,,,,,,
九州,鹿児島県,4506,4125,381,9.2,1922,1536,386,25.1,937,934,3,0.3,42.7,37.2,5.5,,,,,,,,,,,,,,,,,,,,,,,,,,,,,,,,,,,
九州,沖縄県,5845,5473,372,6.8,2679,2242,437,19.5,1410,1361,49,3.6,45.8,41,4.8,,,,,,,,,,,,,,,,,,,,,,,,,,,,,,,,,,,
,,,,,,,,,,,,,,,,,,,,,,,,,,,,,,,,,,,,,,,,,,,,,,,,,,,
,,,,,,,,,,,,,,,,,,,,,,,,,,,,,,,,,,,,,,,,,,,,,,,,,,,
,,,,,,,,,,,,,,,,,,,,,,,,,,,,,,,,,,,,,,,,,,,,,,,,,,,
,,,,,,,,,,,,,,,,,,,,,,,,,,,,,,,,,,,,,,,,,,,,,,,,,,,
,第５表,,重要犯罪・重要窃盗犯　認知・検挙件数・検挙人員 対前年比較,,,,,,,,,暫定値,,,,,,,,,,,,,,,,,,,,,,,,,,,,,,,,,,,,,,,
,,,,,,,,,,,,２０２６年２月１日確定,,,,,,,,,,,,,,,,,,,,,,,,,,,,,,,,,,,,,,,
,,,,,,,,,,,,,,,,,,,,,,,,,,,,,,,,,,,,,,,,,,,,,,,,,,,
,,認知件数,認知件数,認知件数,認知件数,検挙件数,検挙件数,検挙件数,検挙件数,検挙率,検挙率,検挙率,,,,,,,,,,,,,,,,,,,,,,,,,,,,,,,,,,,,,,,
,罪種（手口）,"2025年
1～11月","2024年
1～11月",増減,増減率(％),"2025年
1～11月","2024年
1～11月",増減,増減率(％),"2025年
1～11月","2024年
1～11月",増減ポイント,,,,,,,,,,,,,,,,,,,,,,,,,,,,,,,,,,,,,,,
重要犯罪,計,13805,13468,337,2.5,12005,11603,402,3.5,87,86.2,0.8,,,,,,,,,,,,,,,,,,,,,,,,,,,,,,,,,,,,,,,
重要犯罪,殺人,919,897,22,2.5,874,866,8,0.9,95.1,96.5,-1.4,,,,,,,,,,,,,,,,,,,,,,,,,,,,,,,,,,,,,,,
重要犯罪,強盗,1320,1257,63,5,1220,1160,60,5.2,92.4,92.3,0.1,,,,,,,,,,,,,,,,,,,,,,,,,,,,,,,,,,,,,,,
重要犯罪,放火,630,679,-49,-7.2,519,589,-70,-11.9,82.4,86.7,-4.3,,,,,,,,,,,,,,,,,,,,,,,,,,,,,,,,,,,,,,,
重要犯罪,不同意性交等,3819,3609,210,5.8,3357,3095,262,8.5,87.9,85.8,2.1,,,,,,,,,,,,,,,,,,,,,,,,,,,,,,,,,,,,,,,
重要犯罪,略取誘拐・人身売買,553,545,8,1.5,517,507,10,2,93.5,93,0.5,,,,,,,,,,,,,,,,,,,,,,,,,,,,,,,,,,,,,,,
重要犯罪,不同意わいせつ,6564,6481,83,1.3,5518,5386,132,2.5,84.1,83.1,1,,,,,,,,,,,,,,,,,,,,,,,,,,,,,,,,,,,,,,,
重要窃盗犯,計,51653,46698,4955,10.6,26003,26419,-416,-1.6,50.3,56.6,-6.3,,,,,,,,,,,,,,,,,,,,,,,,,,,,,,,,,,,,,,,
重要窃盗犯,侵入盗,43770,39299,4471,11.4,22925,22964,-39,-0.2,52.4,58.4,-6,,,,,,,,,,,,,,,,,,,,,,,,,,,,,,,,,,,,,,,
重要窃盗犯,侵入盗　うち）住宅対象,15924,14598,1326,9.1,7356,7690,-334,-4.3,46.2,52.7,-6.5,,,,,,,,,,,,,,,,,,,,,,,,,,,,,,,,,,,,,,,
重要窃盗犯,侵入盗　うち）その他,27846,24701,3145,12.7,15569,15274,295,1.9,55.9,61.8,-5.9,,,,,,,,,,,,,,,,,,,,,,,,,,,,,,,,,,,,,,,
重要窃盗犯,自動車盗,6012,5574,438,7.9,2221,2584,-363,-14,36.9,46.4,-9.5,,,,,,,,,,,,,,,,,,,,,,,,,,,,,,,,,,,,,,,
重要窃盗犯,ひったくり,439,523,-84,-16.1,340,421,-81,-19.2,77.4,80.5,-3.1,,,,,,,,,,,,,,,,,,,,,,,,,,,,,,,,,,,,,,,
重要窃盗犯,すり,1432,1302,130,10,517,450,67,14.9,36.1,34.6,1.5,,,,,,,,,,,,,,,,,,,,,,,,,,,,,,,,,,,,,,,
,,,,,,,,,,,,,,,,,,,,,,,,,,,,,,,,,,,,,,,,,,,,,,,,,,,
,,検挙人員,検挙人員,検挙人員,検挙人員,"検挙人員
20歳以上","検挙人員
20歳以上","検挙人員
20歳以上","検挙人員
20歳以上","検挙人員
少年","検挙人員
少年","検挙人員
少年","検挙人員
少年",,,,,,,,,,,,,,,,,,,,,,,,,,,,,,,,,,,,,,
,罪種（手口）,"2025年
1～11月","2024年
1～11月",増減,増減率(％),"2025年
1～11月","2024年
1～11月",増減,増減率(％),"2025年
1～11月","2024年
1～11月",増減,増減率(％),,,,,,,,,,,,,,,,,,,,,,,,,,,,,,,,,,,,,,
重要犯罪,計,10710,10184,526,5.2,9474,9098,376,4.1,1236,1086,150,13.8,,,,,,,,,,,,,,,,,,,,,,,,,,,,,,,,,,,,,,
重要犯罪,殺人,801,845,-44,-5.2,749,796,-47,-5.9,52,49,3,6.1,,,,,,,,,,,,,,,,,,,,,,,,,,,,,,,,,,,,,,
重要犯罪,強盗,1641,1572,69,4.4,1207,1190,17,1.4,434,382,52,13.6,,,,,,,,,,,,,,,,,,,,,,,,,,,,,,,,,,,,,,
重要犯罪,放火,453,463,-10,-2.2,424,435,-11,-2.5,29,28,1,3.6,,,,,,,,,,,,,,,,,,,,,,,,,,,,,,,,,,,,,,
重要犯罪,不同意性交等,3064,2805,259,9.2,2794,2562,232,9.1,270,243,27,11.1,,,,,,,,,,,,,,,,,,,,,,,,,,,,,,,,,,,,,,
重要犯罪,略取誘拐・人身売買,497,447,50,11.2,451,427,24,5.6,46,20,26,130,,,,,,,,,,,,,,,,,,,,,,,,,,,,,,,,,,,,,,
重要犯罪,不同意わいせつ,4254,4052,202,5,3849,3688,161,4.4,405,364,41,11.3,,,,,,,,,,,,,,,,,,,,,,,,,,,,,,,,,,,,,,
重要窃盗犯,計,6088,5988,100,1.7,5443,5489,-46,-0.8,645,499,146,29.3,,,,,,,,,,,,,,,,,,,,,,,,,,,,,,,,,,,,,,
重要窃盗犯,侵入盗,4877,4846,31,0.6,4453,4524,-71,-1.6,424,322,102,31.7,,,,,,,,,,,,,,,,,,,,,,,,,,,,,,,,,,,,,,
重要窃盗犯,侵入盗　うち）住宅対象,1676,1686,-10,-0.6,1527,1565,-38,-2.4,149,121,28,23.1,,,,,,,,,,,,,,,,,,,,,,,,,,,,,,,,,,,,,,
重要窃盗犯,侵入盗　うち）その他,3201,3160,41,1.3,2926,2959,-33,-1.1,275,201,74,36.8,,,,,,,,,,,,,,,,,,,,,,,,,,,,,,,,,,,,,,
重要窃盗犯,自動車盗,709,566,143,25.3,596,514,82,16,113,52,61,117.3,,,,,,,,,,,,,,,,,,,,,,,,,,,,,,,,,,,,,,
重要窃盗犯,ひったくり,202,232,-30,-12.9,126,141,-15,-10.6,76,91,-15,-16.5,,,,,,,,,,,,,,,,,,,,,,,,,,,,,,,,,,,,,,
重要窃盗犯,すり,300,344,-44,-12.8,268,310,-42,-13.5,32,34,-2,-5.9,,,,,,,,,,,,,,,,,,,,,,,,,,,,,,,,,,,,,,
,,,,,,,,,,,,,,,,,,,,,,,,,,,,,,,,,,,,,,,,,,,,,,,,,,,
注　侵入盗の「住宅対象」とは、空き巣、忍込み及び居空きをいう。,,,,,,,,,,,,,,,,,,,,,,,,,,,,,,,,,,,,,,,,,,,,,,,,,,,
第６表,,,重要犯罪・重要窃盗犯　都道府県別　認知・検挙件数・検挙人員　対前年比較　（重要犯罪総数）,,,,,,,,,,,,暫定値,,,,,,,,,,,,,,,,,,,,,,,,,,,,,,,,,,,,
,,,,,,,,,,,,,,,２０２６年２月１日確定,,,,,,,,,,,,,,,,,,,,,,,,,,,,,,,,,,,,
,,,,,,,,,,,,,,,,,,,,,,,,,,,,,,,,,,,,,,,,,,,,,,,,,,,
,,認知件数,認知件数,認知件数,認知件数,検挙件数,検挙件数,検挙件数,検挙件数,検挙人員,検挙人員,検挙人員,検挙人員,検挙率,検挙率,検挙率,,,,,,,,,,,,,,,,,,,,,,,,,,,,,,,,,,,
,都道府県,"2025年
1～11月","2024年
1～11月",増減,増減率(％),"2025年
1～11月","2024年
1～11月",増減,増減率(％),"2025年
1～11月","2024年
1～11月",増減,増減率(％）,"2025年
1～11月","2024年
1～11月",増減ポイント,,,,,,,,,,,,,,,,,,,,,,,,,,,,,,,,,,,
総数,,13805,13468,337,2.5,12005,11603,402,3.5,10710,10184,526,5.2,87,86.2,0.8,,,,,,,,,,,,,,,,,,,,,,,,,,,,,,,,,,,
北海道,計,508,473,35,7.4,498,482,16,3.3,396,419,-23,-5.5,98,101.9,-3.9,,,,,,,,,,,,,,,,,,,,,,,,,,,,,,,,,,,
北海道,札幌方面,345,315,30,9.5,336,313,23,7.3,265,271,-6,-2.2,97.4,99.4,-2,,,,,,,,,,,,,,,,,,,,,,,,,,,,,,,,,,,
北海道,函館方面,32,35,-3,-8.6,29,34,-5,-14.7,26,25,1,4,90.6,97.1,-6.5,,,,,,,,,,,,,,,,,,,,,,,,,,,,,,,,,,,
北海道,旭川方面,43,41,2,4.9,36,42,-6,-14.3,26,36,-10,-27.8,83.7,102.4,-18.7,,,,,,,,,,,,,,,,,,,,,,,,,,,,,,,,,,,
北海道,釧路方面,59,50,9,18,64,61,3,4.9,51,60,-9,-15,108.5,122,-13.5,,,,,,,,,,,,,,,,,,,,,,,,,,,,,,,,,,,
北海道,北見方面,29,32,-3,-9.4,33,32,1,3.1,28,27,1,3.7,113.8,100,13.8,,,,,,,,,,,,,,,,,,,,,,,,,,,,,,,,,,,
東北,計,760,899,-139,-15.5,647,795,-148,-18.6,557,605,-48,-7.9,85.1,88.4,-3.3,,,,,,,,,,,,,,,,,,,,,,,,,,,,,,,,,,,
東北,青森県,137,168,-31,-18.5,112,133,-21,-15.8,91,104,-13,-12.5,81.8,79.2,2.6,,,,,,,,,,,,,,,,,,,,,,,,,,,,,,,,,,,
東北,岩手県,92,111,-19,-17.1,84,108,-24,-22.2,72,89,-17,-19.1,91.3,97.3,-6,,,,,,,,,,,,,,,,,,,,,,,,,,,,,,,,,,,
東北,宮城県,282,334,-52,-15.6,240,287,-47,-16.4,215,223,-8,-3.6,85.1,85.9,-0.8,,,,,,,,,,,,,,,,,,,,,,,,,,,,,,,,,,,
東北,秋田県,45,57,-12,-21.1,38,55,-17,-30.9,40,45,-5,-11.1,84.4,96.5,-12.1,,,,,,,,,,,,,,,,,,,,,,,,,,,,,,,,,,,
東北,山形県,58,64,-6,-9.4,52,54,-2,-3.7,42,39,3,7.7,89.7,84.4,5.3,,,,,,,,,,,,,,,,,,,,,,,,,,,,,,,,,,,
東北,福島県,146,165,-19,-11.5,121,158,-37,-23.4,97,105,-8,-7.6,82.9,95.8,-12.9,,,,,,,,,,,,,,,,,,,,,,,,,,,,,,,,,,,
東京都,,1875,1753,122,7,1613,1573,40,2.5,1490,1489,1,0.1,86,89.7,-3.7,,,,,,,,,,,,,,,,,,,,,,,,,,,,,,,,,,,
関東,計,3625,3547,78,2.2,3220,3089,131,4.2,2773,2626,147,5.6,88.8,87.1,1.7,,,,,,,,,,,,,,,,,,,,,,,,,,,,,,,,,,,
関東,茨城県,220,229,-9,-3.9,214,184,30,16.3,220,174,46,26.4,97.3,80.3,17,,,,,,,,,,,,,,,,,,,,,,,,,,,,,,,,,,,
関東,栃木県,149,113,36,31.9,129,90,39,43.3,110,93,17,18.3,86.6,79.6,7,,,,,,,,,,,,,,,,,,,,,,,,,,,,,,,,,,,
関東,群馬県,164,160,4,2.5,147,152,-5,-3.3,122,129,-7,-5.4,89.6,95,-5.4,,,,,,,,,,,,,,,,,,,,,,,,,,,,,,,,,,,
関東,埼玉県,1076,1065,11,1,987,937,50,5.3,768,748,20,2.7,91.7,88,3.7,,,,,,,,,,,,,,,,,,,,,,,,,,,,,,,,,,,
関東,千葉県,582,596,-14,-2.3,530,541,-11,-2,443,418,25,6,91.1,90.8,0.3,,,,,,,,,,,,,,,,,,,,,,,,,,,,,,,,,,,
関東,神奈川県,741,775,-34,-4.4,646,645,1,0.2,561,580,-19,-3.3,87.2,83.2,4,,,,,,,,,,,,,,,,,,,,,,,,,,,,,,,,,,,
関東,新潟県,156,134,22,16.4,154,126,28,22.2,141,106,35,33,98.7,94,4.7,,,,,,,,,,,,,,,,,,,,,,,,,,,,,,,,,,,
関東,山梨県,56,52,4,7.7,49,44,5,11.4,48,40,8,20,87.5,84.6,2.9,,,,,,,,,,,,,,,,,,,,,,,,,,,,,,,,,,,
関東,長野県,111,109,2,1.8,96,97,-1,-1,100,74,26,35.1,86.5,89,-2.5,,,,,,,,,,,,,,,,,,,,,,,,,,,,,,,,,,,
関東,静岡県,370,314,56,17.8,268,273,-5,-1.8,260,264,-4,-1.5,72.4,86.9,-14.5,,,,,,,,,,,,,,,,,,,,,,,,,,,,,,,,,,,
中部,計,1483,1390,93,6.7,1328,1183,145,12.3,1166,1062,104,9.8,89.5,85.1,4.4,,,,,,,,,,,,,,,,,,,,,,,,,,,,,,,,,,,
中部,富山県,82,80,2,2.5,75,68,7,10.3,67,66,1,1.5,91.5,85,6.5,,,,,,,,,,,,,,,,,,,,,,,,,,,,,,,,,,,
中部,石川県,88,99,-11,-11.1,78,83,-5,-6,66,72,-6,-8.3,88.6,83.8,4.8,,,,,,,,,,,,,,,,,,,,,,,,,,,,,,,,,,,
中部,福井県,50,69,-19,-27.5,45,69,-24,-34.8,36,47,-11,-23.4,90,100,-10,,,,,,,,,,,,,,,,,,,,,,,,,,,,,,,,,,,
中部,岐阜県,152,152,0,0,146,137,9,6.6,131,107,24,22.4,96.1,90.1,6,,,,,,,,,,,,,,,,,,,,,,,,,,,,,,,,,,,
中部,愛知県,978,879,99,11.3,866,740,126,17,763,686,77,11.2,88.5,84.2,4.3,,,,,,,,,,,,,,,,,,,,,,,,,,,,,,,,,,,
中部,三重県,133,111,22,19.8,118,86,32,37.2,103,84,19,22.6,88.7,77.5,11.2,,,,,,,,,,,,,,,,,,,,,,,,,,,,,,,,,,,
近畿,計,3149,3090,59,1.9,2547,2516,31,1.2,2443,2302,141,6.1,80.9,81.4,-0.5,,,,,,,,,,,,,,,,,,,,,,,,,,,,,,,,,,,
近畿,滋賀県,195,186,9,4.8,163,152,11,7.2,168,129,39,30.2,83.6,81.7,1.9,,,,,,,,,,,,,,,,,,,,,,,,,,,,,,,,,,,
近畿,京都府,248,248,0,0,202,206,-4,-1.9,181,216,-35,-16.2,81.5,83.1,-1.6,,,,,,,,,,,,,,,,,,,,,,,,,,,,,,,,,,,
近畿,大阪府,1712,1635,77,4.7,1282,1239,43,3.5,1237,1113,124,11.1,74.9,75.8,-0.9,,,,,,,,,,,,,,,,,,,,,,,,,,,,,,,,,,,
近畿,兵庫県,816,863,-47,-5.4,731,769,-38,-4.9,705,707,-2,-0.3,89.6,89.1,0.5,,,,,,,,,,,,,,,,,,,,,,,,,,,,,,,,,,,
近畿,奈良県,102,86,16,18.6,99,76,23,30.3,86,63,23,36.5,97.1,88.4,8.7,,,,,,,,,,,,,,,,,,,,,,,,,,,,,,,,,,,
近畿,和歌山県,76,72,4,5.6,70,74,-4,-5.4,66,74,-8,-10.8,92.1,102.8,-10.7,,,,,,,,,,,,,,,,,,,,,,,,,,,,,,,,,,,
中国,計,703,577,126,21.8,646,544,102,18.8,538,447,91,20.4,91.9,94.3,-2.4,,,,,,,,,,,,,,,,,,,,,,,,,,,,,,,,,,,
中国,鳥取県,57,61,-4,-6.6,52,51,1,2,41,33,8,24.2,91.2,83.6,7.6,,,,,,,,,,,,,,,,,,,,,,,,,,,,,,,,,,,
中国,島根県,50,43,7,16.3,43,47,-4,-8.5,33,44,-11,-25,86,109.3,-23.3,,,,,,,,,,,,,,,,,,,,,,,,,,,,,,,,,,,
中国,岡山県,206,138,68,49.3,214,151,63,41.7,159,121,38,31.4,103.9,109.4,-5.5,,,,,,,,,,,,,,,,,,,,,,,,,,,,,,,,,,,
中国,広島県,303,281,22,7.8,255,244,11,4.5,212,208,4,1.9,84.2,86.8,-2.6,,,,,,,,,,,,,,,,,,,,,,,,,,,,,,,,,,,
中国,山口県,87,54,33,61.1,82,51,31,60.8,93,41,52,126.8,94.3,94.4,-0.1,,,,,,,,,,,,,,,,,,,,,,,,,,,,,,,,,,,
四国,計,280,306,-26,-8.5,264,260,4,1.5,233,225,8,3.6,94.3,85,9.3,,,,,,,,,,,,,,,,,,,,,,,,,,,,,,,,,,,
四国,徳島県,34,53,-19,-35.8,33,37,-4,-10.8,24,30,-6,-20,97.1,69.8,27.3,,,,,,,,,,,,,,,,,,,,,,,,,,,,,,,,,,,
四国,香川県,98,97,1,1,88,89,-1,-1.1,88,81,7,8.6,89.8,91.8,-2,,,,,,,,,,,,,,,,,,,,,,,,,,,,,,,,,,,
四国,愛媛県,80,88,-8,-9.1,79,82,-3,-3.7,72,75,-3,-4,98.8,93.2,5.6,,,,,,,,,,,,,,,,,,,,,,,,,,,,,,,,,,,
四国,高知県,68,68,0,0,64,52,12,23.1,49,39,10,25.6,94.1,76.5,17.6,,,,,,,,,,,,,,,,,,,,,,,,,,,,,,,,,,,
九州,計,1422,1433,-11,-0.8,1242,1161,81,7,1114,1009,105,10.4,87.3,81,6.3,,,,,,,,,,,,,,,,,,,,,,,,,,,,,,,,,,,
九州,福岡県,529,571,-42,-7.4,452,426,26,6.1,417,367,50,13.6,85.4,74.6,10.8,,,,,,,,,,,,,,,,,,,,,,,,,,,,,,,,,,,
九州,佐賀県,93,91,2,2.2,73,92,-19,-20.7,63,90,-27,-30,78.5,101.1,-22.6,,,,,,,,,,,,,,,,,,,,,,,,,,,,,,,,,,,
九州,長崎県,103,87,16,18.4,99,82,17,20.7,75,61,14,23,96.1,94.3,1.8,,,,,,,,,,,,,,,,,,,,,,,,,,,,,,,,,,,
九州,熊本県,203,163,40,24.5,161,140,21,15,126,125,1,0.8,79.3,85.9,-6.6,,,,,,,,,,,,,,,,,,,,,,,,,,,,,,,,,,,
九州,大分県,57,60,-3,-5,59,55,4,7.3,63,45,18,40,103.5,91.7,11.8,,,,,,,,,,,,,,,,,,,,,,,,,,,,,,,,,,,
九州,宮崎県,80,105,-25,-23.8,84,97,-13,-13.4,73,84,-11,-13.1,105,92.4,12.6,,,,,,,,,,,,,,,,,,,,,,,,,,,,,,,,,,,
九州,鹿児島県,176,181,-5,-2.8,134,123,11,8.9,126,105,21,20,76.1,68,8.1,,,,,,,,,,,,,,,,,,,,,,,,,,,,,,,,,,,
九州,沖縄県,181,175,6,3.4,180,146,34,23.3,171,132,39,29.5,99.4,83.4,16,,,,,,,,,,,,,,,,,,,,,,,,,,,,,,,,,,,
,,,,,,,,,,,,,,,,,,,,,,,,,,,,,,,,,,,,,,,,,,,,,,,,,,,
,,,,,,,,,,,,,,,,,,,,,,,,,,,,,,,,,,,,,,,,,,,,,,,,,,,
,,,,,,,,,,,,,,,,,,,,,,,,,,,,,,,,,,,,,,,,,,,,,,,,,,,
,,,,,,,,,,,,,,,,,,,,,,,,,,,,,,,,,,,,,,,,,,,,,,,,,,,
第６表,,,重要犯罪・重要窃盗犯　都道府県別　認知・検挙件数・検挙人員　対前年比較　（殺人）,,,,,,,,,,,,暫定値,,,,,,,,,,,,,,,,,,,,,,,,,,,,,,,,,,,,
,,,,,,,,,,,,,,,２０２６年２月１日確定,,,,,,,,,,,,,,,,,,,,,,,,,,,,,,,,,,,,
,,,,,,,,,,,,,,,,,,,,,,,,,,,,,,,,,,,,,,,,,,,,,,,,,,,
,,認知件数,認知件数,認知件数,認知件数,検挙件数,検挙件数,検挙件数,検挙件数,検挙人員,検挙人員,検挙人員,検挙人員,検挙率,検挙率,検挙率,,,,,,,,,,,,,,,,,,,,,,,,,,,,,,,,,,,
,都道府県,"2025年
1～11月","2024年
1～11月",増減,増減率(％),"2025年
1～11月","2024年
1～11月",増減,増減率(％),"2025年
1～11月","2024年
1～11月",増減,増減率(％）,"2025年
1～11月","2024年
1～11月",増減ポイント,,,,,,,,,,,,,,,,,,,,,,,,,,,,,,,,,,,
総数,,919,897,22,2.5,874,866,8,0.9,801,845,-44,-5.2,95.1,96.5,-1.4,,,,,,,,,,,,,,,,,,,,,,,,,,,,,,,,,,,
北海道,計,31,46,-15,-32.6,29,46,-17,-37,24,39,-15,-38.5,93.5,100,-6.5,,,,,,,,,,,,,,,,,,,,,,,,,,,,,,,,,,,
北海道,札幌方面,20,25,-5,-20,19,24,-5,-20.8,16,21,-5,-23.8,95,96,-1,,,,,,,,,,,,,,,,,,,,,,,,,,,,,,,,,,,
北海道,函館方面,3,2,1,50,3,2,1,50,2,1,1,100,100,100,0,,,,,,,,,,,,,,,,,,,,,,,,,,,,,,,,,,,
北海道,旭川方面,4,8,-4,-50,3,8,-5,-62.5,2,7,-5,-71.4,75,100,-25,,,,,,,,,,,,,,,,,,,,,,,,,,,,,,,,,,,
北海道,釧路方面,3,6,-3,-50,3,7,-4,-57.1,3,5,-2,-40,100,116.7,-16.7,,,,,,,,,,,,,,,,,,,,,,,,,,,,,,,,,,,
北海道,北見方面,1,5,-4,-80,1,5,-4,-80,1,5,-4,-80,100,100,0,,,,,,,,,,,,,,,,,,,,,,,,,,,,,,,,,,,
東北,計,56,49,7,14.3,55,46,9,19.6,46,39,7,17.9,98.2,93.9,4.3,,,,,,,,,,,,,,,,,,,,,,,,,,,,,,,,,,,
東北,青森県,8,5,3,60,8,4,4,100,4,5,-1,-20,100,80,20,,,,,,,,,,,,,,,,,,,,,,,,,,,,,,,,,,,
東北,岩手県,7,7,0,0,8,6,2,33.3,8,5,3,60,114.3,85.7,28.6,,,,,,,,,,,,,,,,,,,,,,,,,,,,,,,,,,,
東北,宮城県,17,17,0,0,15,17,-2,-11.8,15,14,1,7.1,88.2,100,-11.8,,,,,,,,,,,,,,,,,,,,,,,,,,,,,,,,,,,
東北,秋田県,7,5,2,40,7,5,2,40,7,4,3,75,100,100,0,,,,,,,,,,,,,,,,,,,,,,,,,,,,,,,,,,,
東北,山形県,2,4,-2,-50,2,4,-2,-50,1,1,0,0,100,100,0,,,,,,,,,,,,,,,,,,,,,,,,,,,,,,,,,,,
東北,福島県,15,11,4,36.4,15,10,5,50,11,10,1,10,100,90.9,9.1,,,,,,,,,,,,,,,,,,,,,,,,,,,,,,,,,,,
東京都,,107,87,20,23,104,86,18,20.9,89,94,-5,-5.3,97.2,98.9,-1.7,,,,,,,,,,,,,,,,,,,,,,,,,,,,,,,,,,,
関東,計,287,255,32,12.5,275,250,25,10,247,237,10,4.2,95.8,98,-2.2,,,,,,,,,,,,,,,,,,,,,,,,,,,,,,,,,,,
関東,茨城県,19,20,-1,-5,16,18,-2,-11.1,13,14,-1,-7.1,84.2,90,-5.8,,,,,,,,,,,,,,,,,,,,,,,,,,,,,,,,,,,
関東,栃木県,12,10,2,20,9,9,0,0,7,11,-4,-36.4,75,90,-15,,,,,,,,,,,,,,,,,,,,,,,,,,,,,,,,,,,
関東,群馬県,16,16,0,0,17,15,2,13.3,16,11,5,45.5,106.3,93.8,12.5,,,,,,,,,,,,,,,,,,,,,,,,,,,,,,,,,,,
関東,埼玉県,81,57,24,42.1,82,56,26,46.4,76,52,24,46.2,101.2,98.2,3,,,,,,,,,,,,,,,,,,,,,,,,,,,,,,,,,,,
関東,千葉県,43,35,8,22.9,40,34,6,17.6,33,36,-3,-8.3,93,97.1,-4.1,,,,,,,,,,,,,,,,,,,,,,,,,,,,,,,,,,,
関東,神奈川県,57,59,-2,-3.4,54,59,-5,-8.5,47,59,-12,-20.3,94.7,100,-5.3,,,,,,,,,,,,,,,,,,,,,,,,,,,,,,,,,,,
関東,新潟県,20,7,13,185.7,23,6,17,283.3,19,5,14,280,115,85.7,29.3,,,,,,,,,,,,,,,,,,,,,,,,,,,,,,,,,,,
関東,山梨県,4,5,-1,-20,3,5,-2,-40,2,4,-2,-50,75,100,-25,,,,,,,,,,,,,,,,,,,,,,,,,,,,,,,,,,,
関東,長野県,7,7,0,0,7,8,-1,-12.5,7,7,0,0,100,114.3,-14.3,,,,,,,,,,,,,,,,,,,,,,,,,,,,,,,,,,,
関東,静岡県,28,39,-11,-28.2,24,40,-16,-40,27,38,-11,-28.9,85.7,102.6,-16.9,,,,,,,,,,,,,,,,,,,,,,,,,,,,,,,,,,,
中部,計,73,81,-8,-9.9,73,84,-11,-13.1,66,82,-16,-19.5,100,103.7,-3.7,,,,,,,,,,,,,,,,,,,,,,,,,,,,,,,,,,,
中部,富山県,7,3,4,133.3,8,2,6,300,7,1,6,600,114.3,66.7,47.6,,,,,,,,,,,,,,,,,,,,,,,,,,,,,,,,,,,
中部,石川県,2,2,0,0,2,2,0,0,2,2,0,0,100,100,0,,,,,,,,,,,,,,,,,,,,,,,,,,,,,,,,,,,
中部,福井県,1,4,-3,-75,1,4,-3,-75,2,4,-2,-50,100,100,0,,,,,,,,,,,,,,,,,,,,,,,,,,,,,,,,,,,
中部,岐阜県,14,7,7,100,15,6,9,150,15,5,10,200,107.1,85.7,21.4,,,,,,,,,,,,,,,,,,,,,,,,,,,,,,,,,,,
中部,愛知県,39,57,-18,-31.6,38,64,-26,-40.6,32,64,-32,-50,97.4,112.3,-14.9,,,,,,,,,,,,,,,,,,,,,,,,,,,,,,,,,,,
中部,三重県,10,8,2,25,9,6,3,50,8,6,2,33.3,90,75,15,,,,,,,,,,,,,,,,,,,,,,,,,,,,,,,,,,,
近畿,計,240,221,19,8.6,221,198,23,11.6,224,199,25,12.6,92.1,89.6,2.5,,,,,,,,,,,,,,,,,,,,,,,,,,,,,,,,,,,
近畿,滋賀県,17,15,2,13.3,19,12,7,58.3,20,12,8,66.7,111.8,80,31.8,,,,,,,,,,,,,,,,,,,,,,,,,,,,,,,,,,,
近畿,京都府,6,7,-1,-14.3,6,7,-1,-14.3,5,6,-1,-16.7,100,100,0,,,,,,,,,,,,,,,,,,,,,,,,,,,,,,,,,,,
近畿,大阪府,154,135,19,14.1,137,118,19,16.1,137,127,10,7.9,89,87.4,1.6,,,,,,,,,,,,,,,,,,,,,,,,,,,,,,,,,,,
近畿,兵庫県,51,51,0,0,46,49,-3,-6.1,50,43,7,16.3,90.2,96.1,-5.9,,,,,,,,,,,,,,,,,,,,,,,,,,,,,,,,,,,
近畿,奈良県,9,5,4,80,11,4,7,175,10,3,7,233.3,122.2,80,42.2,,,,,,,,,,,,,,,,,,,,,,,,,,,,,,,,,,,
近畿,和歌山県,3,8,-5,-62.5,2,8,-6,-75,2,8,-6,-75,66.7,100,-33.3,,,,,,,,,,,,,,,,,,,,,,,,,,,,,,,,,,,
中国,計,43,36,7,19.4,37,35,2,5.7,31,31,0,0,86,97.2,-11.2,,,,,,,,,,,,,,,,,,,,,,,,,,,,,,,,,,,
中国,鳥取県,1,2,-1,-50,1,2,-1,-50,1,1,0,0,100,100,0,,,,,,,,,,,,,,,,,,,,,,,,,,,,,,,,,,,
中国,島根県,2,3,-1,-33.3,1,3,-2,-66.7,1,3,-2,-66.7,50,100,-50,,,,,,,,,,,,,,,,,,,,,,,,,,,,,,,,,,,
中国,岡山県,9,7,2,28.6,9,7,2,28.6,7,7,0,0,100,100,0,,,,,,,,,,,,,,,,,,,,,,,,,,,,,,,,,,,
中国,広島県,26,21,5,23.8,21,20,1,5,18,17,1,5.9,80.8,95.2,-14.4,,,,,,,,,,,,,,,,,,,,,,,,,,,,,,,,,,,
中国,山口県,5,3,2,66.7,5,3,2,66.7,4,3,1,33.3,100,100,0,,,,,,,,,,,,,,,,,,,,,,,,,,,,,,,,,,,
四国,計,18,33,-15,-45.5,18,31,-13,-41.9,18,32,-14,-43.8,100,93.9,6.1,,,,,,,,,,,,,,,,,,,,,,,,,,,,,,,,,,,
四国,徳島県,4,5,-1,-20,4,5,-1,-20,5,7,-2,-28.6,100,100,0,,,,,,,,,,,,,,,,,,,,,,,,,,,,,,,,,,,
四国,香川県,1,14,-13,-92.9,1,13,-12,-92.3,2,12,-10,-83.3,100,92.9,7.1,,,,,,,,,,,,,,,,,,,,,,,,,,,,,,,,,,,
四国,愛媛県,9,7,2,28.6,9,7,2,28.6,9,7,2,28.6,100,100,0,,,,,,,,,,,,,,,,,,,,,,,,,,,,,,,,,,,
四国,高知県,4,7,-3,-42.9,4,6,-2,-33.3,2,6,-4,-66.7,100,85.7,14.3,,,,,,,,,,,,,,,,,,,,,,,,,,,,,,,,,,,
九州,計,64,89,-25,-28.1,62,90,-28,-31.1,56,92,-36,-39.1,96.9,101.1,-4.2,,,,,,,,,,,,,,,,,,,,,,,,,,,,,,,,,,,
九州,福岡県,34,33,1,3,32,30,2,6.7,28,27,1,3.7,94.1,90.9,3.2,,,,,,,,,,,,,,,,,,,,,,,,,,,,,,,,,,,
九州,佐賀県,3,7,-4,-57.1,3,10,-7,-70,4,14,-10,-71.4,100,142.9,-42.9,,,,,,,,,,,,,,,,,,,,,,,,,,,,,,,,,,,
九州,長崎県,2,5,-3,-60,2,6,-4,-66.7,1,11,-10,-90.9,100,120,-20,,,,,,,,,,,,,,,,,,,,,,,,,,,,,,,,,,,
九州,熊本県,2,9,-7,-77.8,1,10,-9,-90,1,7,-6,-85.7,50,111.1,-61.1,,,,,,,,,,,,,,,,,,,,,,,,,,,,,,,,,,,
九州,大分県,3,4,-1,-25,3,4,-1,-25,3,3,0,0,100,100,0,,,,,,,,,,,,,,,,,,,,,,,,,,,,,,,,,,,
九州,宮崎県,5,5,0,0,5,5,0,0,5,5,0,0,100,100,0,,,,,,,,,,,,,,,,,,,,,,,,,,,,,,,,,,,
九州,鹿児島県,3,10,-7,-70,5,8,-3,-37.5,3,8,-5,-62.5,166.7,80,86.7,,,,,,,,,,,,,,,,,,,,,,,,,,,,,,,,,,,
九州,沖縄県,12,16,-4,-25,11,17,-6,-35.3,11,17,-6,-35.3,91.7,106.3,-14.6,,,,,,,,,,,,,,,,,,,,,,,,,,,,,,,,,,,
,,,,,,,,,,,,,,,,,,,,,,,,,,,,,,,,,,,,,,,,,,,,,,,,,,,
,,,,,,,,,,,,,,,,,,,,,,,,,,,,,,,,,,,,,,,,,,,,,,,,,,,
,,,,,,,,,,,,,,,,,,,,,,,,,,,,,,,,,,,,,,,,,,,,,,,,,,,
,,,,,,,,,,,,,,,,,,,,,,,,,,,,,,,,,,,,,,,,,,,,,,,,,,,
第６表,,,重要犯罪・重要窃盗犯　都道府県別　認知・検挙件数・検挙人員　対前年比較　（強盗）,,,,,,,,,,,,暫定値,,,,,,,,,,,,,,,,,,,,,,,,,,,,,,,,,,,,
,,,,,,,,,,,,,,,２０２６年２月１日確定,,,,,,,,,,,,,,,,,,,,,,,,,,,,,,,,,,,,
,,,,,,,,,,,,,,,,,,,,,,,,,,,,,,,,,,,,,,,,,,,,,,,,,,,
,,認知件数,認知件数,認知件数,認知件数,検挙件数,検挙件数,検挙件数,検挙件数,検挙人員,検挙人員,検挙人員,検挙人員,検挙率,検挙率,検挙率,,,,,,,,,,,,,,,,,,,,,,,,,,,,,,,,,,,
,都道府県,"2025年
1～11月","2024年
1～11月",増減,増減率(％),"2025年
1～11月","2024年
1～11月",増減,増減率(％),"2025年
1～11月","2024年
1～11月",増減,増減率(％）,"2025年
1～11月","2024年
1～11月",増減ポイント,,,,,,,,,,,,,,,,,,,,,,,,,,,,,,,,,,,
総数,,1320,1257,63,5,1220,1160,60,5.2,1641,1572,69,4.4,92.4,92.3,0.1,,,,,,,,,,,,,,,,,,,,,,,,,,,,,,,,,,,
北海道,計,40,41,-1,-2.4,37,43,-6,-14,38,55,-17,-30.9,92.5,104.9,-12.4,,,,,,,,,,,,,,,,,,,,,,,,,,,,,,,,,,,
北海道,札幌方面,27,30,-3,-10,27,31,-4,-12.9,29,40,-11,-27.5,100,103.3,-3.3,,,,,,,,,,,,,,,,,,,,,,,,,,,,,,,,,,,
北海道,函館方面,2,3,-1,-33.3,2,2,0,0,2,2,0,0,100,66.7,33.3,,,,,,,,,,,,,,,,,,,,,,,,,,,,,,,,,,,
北海道,旭川方面,5,6,-1,-16.7,4,6,-2,-33.3,4,5,-1,-20,80,100,-20,,,,,,,,,,,,,,,,,,,,,,,,,,,,,,,,,,,
北海道,釧路方面,5,2,3,150,4,4,0,0,3,8,-5,-62.5,80,200,-120,,,,,,,,,,,,,,,,,,,,,,,,,,,,,,,,,,,
北海道,北見方面,1,0,1,0,0,0,0,0,0,0,0,0,0,0,0,,,,,,,,,,,,,,,,,,,,,,,,,,,,,,,,,,,
東北,計,37,48,-11,-22.9,35,46,-11,-23.9,44,45,-1,-2.2,94.6,95.8,-1.2,,,,,,,,,,,,,,,,,,,,,,,,,,,,,,,,,,,
東北,青森県,3,2,1,50,2,2,0,0,4,2,2,100,66.7,100,-33.3,,,,,,,,,,,,,,,,,,,,,,,,,,,,,,,,,,,
東北,岩手県,5,8,-3,-37.5,5,8,-3,-37.5,5,6,-1,-16.7,100,100,0,,,,,,,,,,,,,,,,,,,,,,,,,,,,,,,,,,,
東北,宮城県,14,24,-10,-41.7,14,20,-6,-30,17,18,-1,-5.6,100,83.3,16.7,,,,,,,,,,,,,,,,,,,,,,,,,,,,,,,,,,,
東北,秋田県,2,1,1,100,2,1,1,100,4,1,3,300,100,100,0,,,,,,,,,,,,,,,,,,,,,,,,,,,,,,,,,,,
東北,山形県,2,3,-1,-33.3,2,3,-1,-33.3,4,3,1,33.3,100,100,0,,,,,,,,,,,,,,,,,,,,,,,,,,,,,,,,,,,
東北,福島県,11,10,1,10,10,12,-2,-16.7,10,15,-5,-33.3,90.9,120,-29.1,,,,,,,,,,,,,,,,,,,,,,,,,,,,,,,,,,,
東京都,,239,252,-13,-5.2,236,224,12,5.4,326,334,-8,-2.4,98.7,88.9,9.8,,,,,,,,,,,,,,,,,,,,,,,,,,,,,,,,,,,
関東,計,410,379,31,8.2,385,356,29,8.1,492,472,20,4.2,93.9,93.9,0,,,,,,,,,,,,,,,,,,,,,,,,,,,,,,,,,,,
関東,茨城県,25,30,-5,-16.7,26,26,0,0,48,46,2,4.3,104,86.7,17.3,,,,,,,,,,,,,,,,,,,,,,,,,,,,,,,,,,,
関東,栃木県,13,21,-8,-38.1,14,15,-1,-6.7,19,27,-8,-29.6,107.7,71.4,36.3,,,,,,,,,,,,,,,,,,,,,,,,,,,,,,,,,,,
関東,群馬県,16,11,5,45.5,12,11,1,9.1,18,9,9,100,75,100,-25,,,,,,,,,,,,,,,,,,,,,,,,,,,,,,,,,,,
関東,埼玉県,124,100,24,24,117,100,17,17,123,137,-14,-10.2,94.4,100,-5.6,,,,,,,,,,,,,,,,,,,,,,,,,,,,,,,,,,,
関東,千葉県,77,67,10,14.9,73,70,3,4.3,92,79,13,16.5,94.8,104.5,-9.7,,,,,,,,,,,,,,,,,,,,,,,,,,,,,,,,,,,
関東,神奈川県,87,99,-12,-12.1,74,87,-13,-14.9,97,111,-14,-12.6,85.1,87.9,-2.8,,,,,,,,,,,,,,,,,,,,,,,,,,,,,,,,,,,
関東,新潟県,13,7,6,85.7,14,9,5,55.6,21,9,12,133.3,107.7,128.6,-20.9,,,,,,,,,,,,,,,,,,,,,,,,,,,,,,,,,,,
関東,山梨県,3,6,-3,-50,4,3,1,33.3,6,7,-1,-14.3,133.3,50,83.3,,,,,,,,,,,,,,,,,,,,,,,,,,,,,,,,,,,
関東,長野県,14,8,6,75,15,7,8,114.3,26,8,18,225,107.1,87.5,19.6,,,,,,,,,,,,,,,,,,,,,,,,,,,,,,,,,,,
関東,静岡県,38,30,8,26.7,36,28,8,28.6,42,39,3,7.7,94.7,93.3,1.4,,,,,,,,,,,,,,,,,,,,,,,,,,,,,,,,,,,
中部,計,113,112,1,0.9,104,103,1,1,129,139,-10,-7.2,92,92,0,,,,,,,,,,,,,,,,,,,,,,,,,,,,,,,,,,,
中部,富山県,4,3,1,33.3,4,3,1,33.3,6,5,1,20,100,100,0,,,,,,,,,,,,,,,,,,,,,,,,,,,,,,,,,,,
中部,石川県,6,5,1,20,6,4,2,50,5,3,2,66.7,100,80,20,,,,,,,,,,,,,,,,,,,,,,,,,,,,,,,,,,,
中部,福井県,1,4,-3,-75,1,5,-4,-80,1,5,-4,-80,100,125,-25,,,,,,,,,,,,,,,,,,,,,,,,,,,,,,,,,,,
中部,岐阜県,10,6,4,66.7,6,7,-1,-14.3,13,8,5,62.5,60,116.7,-56.7,,,,,,,,,,,,,,,,,,,,,,,,,,,,,,,,,,,
中部,愛知県,85,85,0,0,79,77,2,2.6,91,104,-13,-12.5,92.9,90.6,2.3,,,,,,,,,,,,,,,,,,,,,,,,,,,,,,,,,,,
中部,三重県,7,9,-2,-22.2,8,7,1,14.3,13,14,-1,-7.1,114.3,77.8,36.5,,,,,,,,,,,,,,,,,,,,,,,,,,,,,,,,,,,
近畿,計,323,285,38,13.3,281,255,26,10.2,396,337,59,17.5,87,89.5,-2.5,,,,,,,,,,,,,,,,,,,,,,,,,,,,,,,,,,,
近畿,滋賀県,12,7,5,71.4,8,8,0,0,13,10,3,30,66.7,114.3,-47.6,,,,,,,,,,,,,,,,,,,,,,,,,,,,,,,,,,,
近畿,京都府,21,20,1,5,18,18,0,0,23,32,-9,-28.1,85.7,90,-4.3,,,,,,,,,,,,,,,,,,,,,,,,,,,,,,,,,,,
近畿,大阪府,202,182,20,11,183,154,29,18.8,246,205,41,20,90.6,84.6,6,,,,,,,,,,,,,,,,,,,,,,,,,,,,,,,,,,,
近畿,兵庫県,78,67,11,16.4,65,66,-1,-1.5,106,79,27,34.2,83.3,98.5,-15.2,,,,,,,,,,,,,,,,,,,,,,,,,,,,,,,,,,,
近畿,奈良県,7,7,0,0,5,7,-2,-28.6,6,6,0,0,71.4,100,-28.6,,,,,,,,,,,,,,,,,,,,,,,,,,,,,,,,,,,
近畿,和歌山県,3,2,1,50,2,2,0,0,2,5,-3,-60,66.7,100,-33.3,,,,,,,,,,,,,,,,,,,,,,,,,,,,,,,,,,,
中国,計,41,45,-4,-8.9,36,44,-8,-18.2,63,56,7,12.5,87.8,97.8,-10,,,,,,,,,,,,,,,,,,,,,,,,,,,,,,,,,,,
中国,鳥取県,1,3,-2,-66.7,1,3,-2,-66.7,4,2,2,100,100,100,0,,,,,,,,,,,,,,,,,,,,,,,,,,,,,,,,,,,
中国,島根県,1,2,-1,-50,1,2,-1,-50,1,3,-2,-66.7,100,100,0,,,,,,,,,,,,,,,,,,,,,,,,,,,,,,,,,,,
中国,岡山県,9,8,1,12.5,9,9,0,0,16,10,6,60,100,112.5,-12.5,,,,,,,,,,,,,,,,,,,,,,,,,,,,,,,,,,,
中国,広島県,23,24,-1,-4.2,18,21,-3,-14.3,23,34,-11,-32.4,78.3,87.5,-9.2,,,,,,,,,,,,,,,,,,,,,,,,,,,,,,,,,,,
中国,山口県,7,8,-1,-12.5,7,9,-2,-22.2,19,7,12,171.4,100,112.5,-12.5,,,,,,,,,,,,,,,,,,,,,,,,,,,,,,,,,,,
四国,計,26,13,13,100,23,12,11,91.7,22,12,10,83.3,88.5,92.3,-3.8,,,,,,,,,,,,,,,,,,,,,,,,,,,,,,,,,,,
四国,徳島県,3,2,1,50,3,1,2,200,3,1,2,200,100,50,50,,,,,,,,,,,,,,,,,,,,,,,,,,,,,,,,,,,
四国,香川県,8,6,2,33.3,6,7,-1,-14.3,8,6,2,33.3,75,116.7,-41.7,,,,,,,,,,,,,,,,,,,,,,,,,,,,,,,,,,,
四国,愛媛県,7,3,4,133.3,7,3,4,133.3,7,3,4,133.3,100,100,0,,,,,,,,,,,,,,,,,,,,,,,,,,,,,,,,,,,
四国,高知県,8,2,6,300,7,1,6,600,4,2,2,100,87.5,50,37.5,,,,,,,,,,,,,,,,,,,,,,,,,,,,,,,,,,,
九州,計,91,82,9,11,83,77,6,7.8,131,122,9,7.4,91.2,93.9,-2.7,,,,,,,,,,,,,,,,,,,,,,,,,,,,,,,,,,,
九州,福岡県,40,47,-7,-14.9,33,42,-9,-21.4,68,71,-3,-4.2,82.5,89.4,-6.9,,,,,,,,,,,,,,,,,,,,,,,,,,,,,,,,,,,
九州,佐賀県,10,2,8,400,9,2,7,350,11,5,6,120,90,100,-10,,,,,,,,,,,,,,,,,,,,,,,,,,,,,,,,,,,
九州,長崎県,3,2,1,50,4,2,2,100,3,1,2,200,133.3,100,33.3,,,,,,,,,,,,,,,,,,,,,,,,,,,,,,,,,,,
九州,熊本県,10,5,5,100,10,5,5,100,11,15,-4,-26.7,100,100,0,,,,,,,,,,,,,,,,,,,,,,,,,,,,,,,,,,,
九州,大分県,2,3,-1,-33.3,2,3,-1,-33.3,3,3,0,0,100,100,0,,,,,,,,,,,,,,,,,,,,,,,,,,,,,,,,,,,
九州,宮崎県,1,4,-3,-75,1,4,-3,-75,1,3,-2,-66.7,100,100,0,,,,,,,,,,,,,,,,,,,,,,,,,,,,,,,,,,,
九州,鹿児島県,10,10,0,0,9,10,-1,-10,16,12,4,33.3,90,100,-10,,,,,,,,,,,,,,,,,,,,,,,,,,,,,,,,,,,
九州,沖縄県,15,9,6,66.7,15,9,6,66.7,18,12,6,50,100,100,0,,,,,,,,,,,,,,,,,,,,,,,,,,,,,,,,,,,
,,,,,,,,,,,,,,,,,,,,,,,,,,,,,,,,,,,,,,,,,,,,,,,,,,,
,,,,,,,,,,,,,,,,,,,,,,,,,,,,,,,,,,,,,,,,,,,,,,,,,,,
,,,,,,,,,,,,,,,,,,,,,,,,,,,,,,,,,,,,,,,,,,,,,,,,,,,
,,,,,,,,,,,,,,,,,,,,,,,,,,,,,,,,,,,,,,,,,,,,,,,,,,,
第６表,,,重要犯罪・重要窃盗犯　都道府県別　認知・検挙件数・検挙人員　対前年比較　（侵入強盗）,,,,,,,,,,,,暫定値,,,,,,,,,,,,,,,,,,,,,,,,,,,,,,,,,,,,
,,,,,,,,,,,,,,,２０２６年２月１日確定,,,,,,,,,,,,,,,,,,,,,,,,,,,,,,,,,,,,
,,,,,,,,,,,,,,,,,,,,,,,,,,,,,,,,,,,,,,,,,,,,,,,,,,,
,,認知件数,認知件数,認知件数,認知件数,検挙件数,検挙件数,検挙件数,検挙件数,検挙人員,検挙人員,検挙人員,検挙人員,検挙率,検挙率,検挙率,,,,,,,,,,,,,,,,,,,,,,,,,,,,,,,,,,,
,都道府県,"2025年
1～11月","2024年
1～11月",増減,増減率(％),"2025年
1～11月","2024年
1～11月",増減,増減率(％),"2025年
1～11月","2024年
1～11月",増減,増減率(％）,"2025年
1～11月","2024年
1～11月",増減ポイント,,,,,,,,,,,,,,,,,,,,,,,,,,,,,,,,,,,
総数,,316,329,-13,-4,289,315,-26,-8.3,366,440,-74,-16.8,91.5,95.7,-4.2,,,,,,,,,,,,,,,,,,,,,,,,,,,,,,,,,,,
北海道,計,14,12,2,16.7,12,12,0,0,8,10,-2,-20,85.7,100,-14.3,,,,,,,,,,,,,,,,,,,,,,,,,,,,,,,,,,,
北海道,札幌方面,10,6,4,66.7,9,6,3,50,5,6,-1,-16.7,90,100,-10,,,,,,,,,,,,,,,,,,,,,,,,,,,,,,,,,,,
北海道,函館方面,0,0,0,0,0,0,0,0,0,0,0,0,0,0,0,,,,,,,,,,,,,,,,,,,,,,,,,,,,,,,,,,,
北海道,旭川方面,4,4,0,0,3,4,-1,-25,3,2,1,50,75,100,-25,,,,,,,,,,,,,,,,,,,,,,,,,,,,,,,,,,,
北海道,釧路方面,0,2,-2,-100,0,2,-2,-100,0,2,-2,-100,0,100,-100,,,,,,,,,,,,,,,,,,,,,,,,,,,,,,,,,,,
北海道,北見方面,0,0,0,0,0,0,0,0,0,0,0,0,0,0,0,,,,,,,,,,,,,,,,,,,,,,,,,,,,,,,,,,,
東北,計,10,19,-9,-47.4,10,20,-10,-50,13,22,-9,-40.9,100,105.3,-5.3,,,,,,,,,,,,,,,,,,,,,,,,,,,,,,,,,,,
東北,青森県,0,1,-1,-100,0,1,-1,-100,0,1,-1,-100,0,100,-100,,,,,,,,,,,,,,,,,,,,,,,,,,,,,,,,,,,
東北,岩手県,2,4,-2,-50,2,4,-2,-50,3,2,1,50,100,100,0,,,,,,,,,,,,,,,,,,,,,,,,,,,,,,,,,,,
東北,宮城県,1,7,-6,-85.7,1,7,-6,-85.7,2,5,-3,-60,100,100,0,,,,,,,,,,,,,,,,,,,,,,,,,,,,,,,,,,,
東北,秋田県,2,1,1,100,2,1,1,100,2,1,1,100,100,100,0,,,,,,,,,,,,,,,,,,,,,,,,,,,,,,,,,,,
東北,山形県,0,3,-3,-100,0,3,-3,-100,0,3,-3,-100,0,100,-100,,,,,,,,,,,,,,,,,,,,,,,,,,,,,,,,,,,
東北,福島県,5,3,2,66.7,5,4,1,25,6,10,-4,-40,100,133.3,-33.3,,,,,,,,,,,,,,,,,,,,,,,,,,,,,,,,,,,
東京都,,38,65,-27,-41.5,41,60,-19,-31.7,59,103,-44,-42.7,107.9,92.3,15.6,,,,,,,,,,,,,,,,,,,,,,,,,,,,,,,,,,,
関東,計,104,103,1,1,95,92,3,3.3,120,128,-8,-6.3,91.3,89.3,2,,,,,,,,,,,,,,,,,,,,,,,,,,,,,,,,,,,
関東,茨城県,10,15,-5,-33.3,11,11,0,0,20,24,-4,-16.7,110,73.3,36.7,,,,,,,,,,,,,,,,,,,,,,,,,,,,,,,,,,,
関東,栃木県,6,8,-2,-25,5,7,-2,-28.6,4,8,-4,-50,83.3,87.5,-4.2,,,,,,,,,,,,,,,,,,,,,,,,,,,,,,,,,,,
関東,群馬県,8,5,3,60,5,5,0,0,14,3,11,366.7,62.5,100,-37.5,,,,,,,,,,,,,,,,,,,,,,,,,,,,,,,,,,,
関東,埼玉県,24,17,7,41.2,21,19,2,10.5,17,26,-9,-34.6,87.5,111.8,-24.3,,,,,,,,,,,,,,,,,,,,,,,,,,,,,,,,,,,
関東,千葉県,17,17,0,0,18,14,4,28.6,21,15,6,40,105.9,82.4,23.5,,,,,,,,,,,,,,,,,,,,,,,,,,,,,,,,,,,
関東,神奈川県,22,29,-7,-24.1,16,26,-10,-38.5,18,35,-17,-48.6,72.7,89.7,-17,,,,,,,,,,,,,,,,,,,,,,,,,,,,,,,,,,,
関東,新潟県,5,3,2,66.7,5,3,2,66.7,9,3,6,200,100,100,0,,,,,,,,,,,,,,,,,,,,,,,,,,,,,,,,,,,
関東,山梨県,0,4,-4,-100,2,1,1,100,0,6,-6,-100,0,25,-25,,,,,,,,,,,,,,,,,,,,,,,,,,,,,,,,,,,
関東,長野県,2,1,1,100,2,1,1,100,5,0,5,0,100,100,0,,,,,,,,,,,,,,,,,,,,,,,,,,,,,,,,,,,
関東,静岡県,10,4,6,150,10,5,5,100,12,8,4,50,100,125,-25,,,,,,,,,,,,,,,,,,,,,,,,,,,,,,,,,,,
中部,計,31,31,0,0,28,29,-1,-3.4,30,30,0,0,90.3,93.5,-3.2,,,,,,,,,,,,,,,,,,,,,,,,,,,,,,,,,,,
中部,富山県,0,1,-1,-100,0,0,0,0,0,0,0,0,0,0,0,,,,,,,,,,,,,,,,,,,,,,,,,,,,,,,,,,,
中部,石川県,2,1,1,100,2,0,2,0,2,0,2,0,100,0,100,,,,,,,,,,,,,,,,,,,,,,,,,,,,,,,,,,,
中部,福井県,0,2,-2,-100,0,3,-3,-100,0,3,-3,-100,0,150,-150,,,,,,,,,,,,,,,,,,,,,,,,,,,,,,,,,,,
中部,岐阜県,1,2,-1,-50,1,3,-2,-66.7,4,3,1,33.3,100,150,-50,,,,,,,,,,,,,,,,,,,,,,,,,,,,,,,,,,,
中部,愛知県,24,20,4,20,21,18,3,16.7,18,19,-1,-5.3,87.5,90,-2.5,,,,,,,,,,,,,,,,,,,,,,,,,,,,,,,,,,,
中部,三重県,4,5,-1,-20,4,5,-1,-20,6,5,1,20,100,100,0,,,,,,,,,,,,,,,,,,,,,,,,,,,,,,,,,,,
近畿,計,71,53,18,34,55,57,-2,-3.5,78,87,-9,-10.3,77.5,107.5,-30,,,,,,,,,,,,,,,,,,,,,,,,,,,,,,,,,,,
近畿,滋賀県,1,3,-2,-66.7,2,3,-1,-33.3,2,4,-2,-50,200,100,100,,,,,,,,,,,,,,,,,,,,,,,,,,,,,,,,,,,
近畿,京都府,10,5,5,100,7,3,4,133.3,7,6,1,16.7,70,60,10,,,,,,,,,,,,,,,,,,,,,,,,,,,,,,,,,,,
近畿,大阪府,40,30,10,33.3,29,37,-8,-21.6,43,60,-17,-28.3,72.5,123.3,-50.8,,,,,,,,,,,,,,,,,,,,,,,,,,,,,,,,,,,
近畿,兵庫県,17,11,6,54.5,14,10,4,40,23,11,12,109.1,82.4,90.9,-8.5,,,,,,,,,,,,,,,,,,,,,,,,,,,,,,,,,,,
近畿,奈良県,1,2,-1,-50,1,2,-1,-50,1,1,0,0,100,100,0,,,,,,,,,,,,,,,,,,,,,,,,,,,,,,,,,,,
近畿,和歌山県,2,2,0,0,2,2,0,0,2,5,-3,-60,100,100,0,,,,,,,,,,,,,,,,,,,,,,,,,,,,,,,,,,,
中国,計,11,10,1,10,11,10,1,10,18,13,5,38.5,100,100,0,,,,,,,,,,,,,,,,,,,,,,,,,,,,,,,,,,,
中国,鳥取県,1,0,1,0,1,0,1,0,1,0,1,0,100,0,100,,,,,,,,,,,,,,,,,,,,,,,,,,,,,,,,,,,
中国,島根県,0,1,-1,-100,0,1,-1,-100,0,1,-1,-100,0,100,-100,,,,,,,,,,,,,,,,,,,,,,,,,,,,,,,,,,,
中国,岡山県,5,2,3,150,5,3,2,66.7,5,4,1,25,100,150,-50,,,,,,,,,,,,,,,,,,,,,,,,,,,,,,,,,,,
中国,広島県,5,5,0,0,5,3,2,66.7,6,4,2,50,100,60,40,,,,,,,,,,,,,,,,,,,,,,,,,,,,,,,,,,,
中国,山口県,0,2,-2,-100,0,3,-3,-100,6,4,2,50,0,150,-150,,,,,,,,,,,,,,,,,,,,,,,,,,,,,,,,,,,
四国,計,12,7,5,71.4,12,7,5,71.4,8,5,3,60,100,100,0,,,,,,,,,,,,,,,,,,,,,,,,,,,,,,,,,,,
四国,徳島県,1,1,0,0,1,1,0,0,0,0,0,0,100,100,0,,,,,,,,,,,,,,,,,,,,,,,,,,,,,,,,,,,
四国,香川県,2,3,-1,-33.3,2,4,-2,-50,0,3,-3,-100,100,133.3,-33.3,,,,,,,,,,,,,,,,,,,,,,,,,,,,,,,,,,,
四国,愛媛県,7,2,5,250,7,2,5,250,7,2,5,250,100,100,0,,,,,,,,,,,,,,,,,,,,,,,,,,,,,,,,,,,
四国,高知県,2,1,1,100,2,0,2,0,1,0,1,0,100,0,100,,,,,,,,,,,,,,,,,,,,,,,,,,,,,,,,,,,
九州,計,25,29,-4,-13.8,25,28,-3,-10.7,32,42,-10,-23.8,100,96.6,3.4,,,,,,,,,,,,,,,,,,,,,,,,,,,,,,,,,,,
九州,福岡県,11,19,-8,-42.1,10,18,-8,-44.4,14,26,-12,-46.2,90.9,94.7,-3.8,,,,,,,,,,,,,,,,,,,,,,,,,,,,,,,,,,,
九州,佐賀県,3,1,2,200,3,1,2,200,6,4,2,50,100,100,0,,,,,,,,,,,,,,,,,,,,,,,,,,,,,,,,,,,
九州,長崎県,2,0,2,0,2,0,2,0,2,0,2,0,100,0,100,,,,,,,,,,,,,,,,,,,,,,,,,,,,,,,,,,,
九州,熊本県,3,1,2,200,3,1,2,200,2,7,-5,-71.4,100,100,0,,,,,,,,,,,,,,,,,,,,,,,,,,,,,,,,,,,
九州,大分県,0,2,-2,-100,0,2,-2,-100,0,2,-2,-100,0,100,-100,,,,,,,,,,,,,,,,,,,,,,,,,,,,,,,,,,,
九州,宮崎県,0,1,-1,-100,0,1,-1,-100,0,0,0,0,0,100,-100,,,,,,,,,,,,,,,,,,,,,,,,,,,,,,,,,,,
九州,鹿児島県,2,1,1,100,3,1,2,200,4,1,3,300,150,100,50,,,,,,,,,,,,,,,,,,,,,,,,,,,,,,,,,,,
九州,沖縄県,4,4,0,0,4,4,0,0,4,2,2,100,100,100,0,,,,,,,,,,,,,,,,,,,,,,,,,,,,,,,,,,,
,,,,,,,,,,,,,,,,,,,,,,,,,,,,,,,,,,,,,,,,,,,,,,,,,,,
,,,,,,,,,,,,,,,,,,,,,,,,,,,,,,,,,,,,,,,,,,,,,,,,,,,
,,,,,,,,,,,,,,,,,,,,,,,,,,,,,,,,,,,,,,,,,,,,,,,,,,,
,,,,,,,,,,,,,,,,,,,,,,,,,,,,,,,,,,,,,,,,,,,,,,,,,,,
第６表,,,重要犯罪・重要窃盗犯　都道府県別　認知・検挙件数・検挙人員　対前年比較　（放火）,,,,,,,,,,,,暫定値,,,,,,,,,,,,,,,,,,,,,,,,,,,,,,,,,,,,
,,,,,,,,,,,,,,,２０２６年２月１日確定,,,,,,,,,,,,,,,,,,,,,,,,,,,,,,,,,,,,
,,,,,,,,,,,,,,,,,,,,,,,,,,,,,,,,,,,,,,,,,,,,,,,,,,,
,,認知件数,認知件数,認知件数,認知件数,検挙件数,検挙件数,検挙件数,検挙件数,検挙人員,検挙人員,検挙人員,検挙人員,検挙率,検挙率,検挙率,,,,,,,,,,,,,,,,,,,,,,,,,,,,,,,,,,,
,都道府県,"2025年
1～11月","2024年
1～11月",増減,増減率(％),"2025年
1～11月","2024年
1～11月",増減,増減率(％),"2025年
1～11月","2024年
1～11月",増減,増減率(％）,"2025年
1～11月","2024年
1～11月",増減ポイント,,,,,,,,,,,,,,,,,,,,,,,,,,,,,,,,,,,
総数,,630,679,-49,-7.2,519,589,-70,-11.9,453,463,-10,-2.2,82.4,86.7,-4.3,,,,,,,,,,,,,,,,,,,,,,,,,,,,,,,,,,,
北海道,計,27,25,2,8,23,27,-4,-14.8,16,19,-3,-15.8,85.2,108,-22.8,,,,,,,,,,,,,,,,,,,,,,,,,,,,,,,,,,,
北海道,札幌方面,17,15,2,13.3,15,15,0,0,12,9,3,33.3,88.2,100,-11.8,,,,,,,,,,,,,,,,,,,,,,,,,,,,,,,,,,,
北海道,函館方面,3,5,-2,-40,2,5,-3,-60,1,3,-2,-66.7,66.7,100,-33.3,,,,,,,,,,,,,,,,,,,,,,,,,,,,,,,,,,,
北海道,旭川方面,2,1,1,100,3,1,2,200,1,1,0,0,150,100,50,,,,,,,,,,,,,,,,,,,,,,,,,,,,,,,,,,,
北海道,釧路方面,3,2,1,50,3,3,0,0,2,3,-1,-33.3,100,150,-50,,,,,,,,,,,,,,,,,,,,,,,,,,,,,,,,,,,
北海道,北見方面,2,2,0,0,0,3,-3,-100,0,3,-3,-100,0,150,-150,,,,,,,,,,,,,,,,,,,,,,,,,,,,,,,,,,,
東北,計,38,57,-19,-33.3,36,57,-21,-36.8,34,35,-1,-2.9,94.7,100,-5.3,,,,,,,,,,,,,,,,,,,,,,,,,,,,,,,,,,,
東北,青森県,8,9,-1,-11.1,9,9,0,0,11,7,4,57.1,112.5,100,12.5,,,,,,,,,,,,,,,,,,,,,,,,,,,,,,,,,,,
東北,岩手県,7,10,-3,-30,5,10,-5,-50,4,8,-4,-50,71.4,100,-28.6,,,,,,,,,,,,,,,,,,,,,,,,,,,,,,,,,,,
東北,宮城県,5,12,-7,-58.3,6,12,-6,-50,6,9,-3,-33.3,120,100,20,,,,,,,,,,,,,,,,,,,,,,,,,,,,,,,,,,,
東北,秋田県,4,7,-3,-42.9,4,6,-2,-33.3,4,5,-1,-20,100,85.7,14.3,,,,,,,,,,,,,,,,,,,,,,,,,,,,,,,,,,,
東北,山形県,6,9,-3,-33.3,6,9,-3,-33.3,3,3,0,0,100,100,0,,,,,,,,,,,,,,,,,,,,,,,,,,,,,,,,,,,
東北,福島県,8,10,-2,-20,6,11,-5,-45.5,6,3,3,100,75,110,-35,,,,,,,,,,,,,,,,,,,,,,,,,,,,,,,,,,,
東京都,,38,59,-21,-35.6,35,50,-15,-30,30,41,-11,-26.8,92.1,84.7,7.4,,,,,,,,,,,,,,,,,,,,,,,,,,,,,,,,,,,
関東,計,176,163,13,8,150,146,4,2.7,135,110,25,22.7,85.2,89.6,-4.4,,,,,,,,,,,,,,,,,,,,,,,,,,,,,,,,,,,
関東,茨城県,5,15,-10,-66.7,5,13,-8,-61.5,8,6,2,33.3,100,86.7,13.3,,,,,,,,,,,,,,,,,,,,,,,,,,,,,,,,,,,
関東,栃木県,18,12,6,50,18,12,6,50,12,10,2,20,100,100,0,,,,,,,,,,,,,,,,,,,,,,,,,,,,,,,,,,,
関東,群馬県,13,9,4,44.4,12,10,2,20,11,7,4,57.1,92.3,111.1,-18.8,,,,,,,,,,,,,,,,,,,,,,,,,,,,,,,,,,,
関東,埼玉県,50,38,12,31.6,48,39,9,23.1,43,30,13,43.3,96,102.6,-6.6,,,,,,,,,,,,,,,,,,,,,,,,,,,,,,,,,,,
関東,千葉県,26,31,-5,-16.1,19,19,0,0,18,15,3,20,73.1,61.3,11.8,,,,,,,,,,,,,,,,,,,,,,,,,,,,,,,,,,,
関東,神奈川県,25,31,-6,-19.4,24,26,-2,-7.7,21,16,5,31.3,96,83.9,12.1,,,,,,,,,,,,,,,,,,,,,,,,,,,,,,,,,,,
関東,新潟県,6,7,-1,-14.3,5,8,-3,-37.5,6,8,-2,-25,83.3,114.3,-31,,,,,,,,,,,,,,,,,,,,,,,,,,,,,,,,,,,
関東,山梨県,3,3,0,0,2,6,-4,-66.7,2,4,-2,-50,66.7,200,-133.3,,,,,,,,,,,,,,,,,,,,,,,,,,,,,,,,,,,
関東,長野県,7,5,2,40,4,4,0,0,5,3,2,66.7,57.1,80,-22.9,,,,,,,,,,,,,,,,,,,,,,,,,,,,,,,,,,,
関東,静岡県,23,12,11,91.7,13,9,4,44.4,9,11,-2,-18.2,56.5,75,-18.5,,,,,,,,,,,,,,,,,,,,,,,,,,,,,,,,,,,
中部,計,52,67,-15,-22.4,53,56,-3,-5.4,39,51,-12,-23.5,101.9,83.6,18.3,,,,,,,,,,,,,,,,,,,,,,,,,,,,,,,,,,,
中部,富山県,8,3,5,166.7,8,3,5,166.7,6,3,3,100,100,100,0,,,,,,,,,,,,,,,,,,,,,,,,,,,,,,,,,,,
中部,石川県,0,9,-9,-100,0,8,-8,-100,0,5,-5,-100,0,88.9,-88.9,,,,,,,,,,,,,,,,,,,,,,,,,,,,,,,,,,,
中部,福井県,4,3,1,33.3,3,3,0,0,3,2,1,50,75,100,-25,,,,,,,,,,,,,,,,,,,,,,,,,,,,,,,,,,,
中部,岐阜県,4,12,-8,-66.7,7,10,-3,-30,4,10,-6,-60,175,83.3,91.7,,,,,,,,,,,,,,,,,,,,,,,,,,,,,,,,,,,
中部,愛知県,28,38,-10,-26.3,29,29,0,0,19,27,-8,-29.6,103.6,76.3,27.3,,,,,,,,,,,,,,,,,,,,,,,,,,,,,,,,,,,
中部,三重県,8,2,6,300,6,3,3,100,7,4,3,75,75,150,-75,,,,,,,,,,,,,,,,,,,,,,,,,,,,,,,,,,,
近畿,計,182,188,-6,-3.2,109,146,-37,-25.3,95,114,-19,-16.7,59.9,77.7,-17.8,,,,,,,,,,,,,,,,,,,,,,,,,,,,,,,,,,,
近畿,滋賀県,7,7,0,0,6,7,-1,-14.3,4,6,-2,-33.3,85.7,100,-14.3,,,,,,,,,,,,,,,,,,,,,,,,,,,,,,,,,,,
近畿,京都府,9,14,-5,-35.7,8,13,-5,-38.5,5,13,-8,-61.5,88.9,92.9,-4,,,,,,,,,,,,,,,,,,,,,,,,,,,,,,,,,,,
近畿,大阪府,131,124,7,5.6,70,80,-10,-12.5,66,58,8,13.8,53.4,64.5,-11.1,,,,,,,,,,,,,,,,,,,,,,,,,,,,,,,,,,,
近畿,兵庫県,29,37,-8,-21.6,20,41,-21,-51.2,15,31,-16,-51.6,69,110.8,-41.8,,,,,,,,,,,,,,,,,,,,,,,,,,,,,,,,,,,
近畿,奈良県,3,4,-1,-25,3,3,0,0,3,4,-1,-25,100,75,25,,,,,,,,,,,,,,,,,,,,,,,,,,,,,,,,,,,
近畿,和歌山県,3,2,1,50,2,2,0,0,2,2,0,0,66.7,100,-33.3,,,,,,,,,,,,,,,,,,,,,,,,,,,,,,,,,,,
中国,計,41,34,7,20.6,42,30,12,40,42,26,16,61.5,102.4,88.2,14.2,,,,,,,,,,,,,,,,,,,,,,,,,,,,,,,,,,,
中国,鳥取県,2,2,0,0,2,2,0,0,3,2,1,50,100,100,0,,,,,,,,,,,,,,,,,,,,,,,,,,,,,,,,,,,
中国,島根県,5,2,3,150,5,1,4,400,6,1,5,500,100,50,50,,,,,,,,,,,,,,,,,,,,,,,,,,,,,,,,,,,
中国,岡山県,12,6,6,100,12,6,6,100,14,7,7,100,100,100,0,,,,,,,,,,,,,,,,,,,,,,,,,,,,,,,,,,,
中国,広島県,14,18,-4,-22.2,14,15,-1,-6.7,12,11,1,9.1,100,83.3,16.7,,,,,,,,,,,,,,,,,,,,,,,,,,,,,,,,,,,
中国,山口県,8,6,2,33.3,9,6,3,50,7,5,2,40,112.5,100,12.5,,,,,,,,,,,,,,,,,,,,,,,,,,,,,,,,,,,
四国,計,16,23,-7,-30.4,19,21,-2,-9.5,13,17,-4,-23.5,118.8,91.3,27.5,,,,,,,,,,,,,,,,,,,,,,,,,,,,,,,,,,,
四国,徳島県,4,4,0,0,5,3,2,66.7,3,2,1,50,125,75,50,,,,,,,,,,,,,,,,,,,,,,,,,,,,,,,,,,,
四国,香川県,2,8,-6,-75,2,7,-5,-71.4,4,6,-2,-33.3,100,87.5,12.5,,,,,,,,,,,,,,,,,,,,,,,,,,,,,,,,,,,
四国,愛媛県,4,6,-2,-33.3,5,6,-1,-16.7,5,5,0,0,125,100,25,,,,,,,,,,,,,,,,,,,,,,,,,,,,,,,,,,,
四国,高知県,6,5,1,20,7,5,2,40,1,4,-3,-75,116.7,100,16.7,,,,,,,,,,,,,,,,,,,,,,,,,,,,,,,,,,,
九州,計,60,63,-3,-4.8,52,56,-4,-7.1,49,50,-1,-2,86.7,88.9,-2.2,,,,,,,,,,,,,,,,,,,,,,,,,,,,,,,,,,,
九州,福岡県,31,22,9,40.9,21,16,5,31.3,22,17,5,29.4,67.7,72.7,-5,,,,,,,,,,,,,,,,,,,,,,,,,,,,,,,,,,,
九州,佐賀県,1,2,-1,-50,1,2,-1,-50,1,3,-2,-66.7,100,100,0,,,,,,,,,,,,,,,,,,,,,,,,,,,,,,,,,,,
九州,長崎県,2,2,0,0,3,1,2,200,1,0,1,0,150,50,100,,,,,,,,,,,,,,,,,,,,,,,,,,,,,,,,,,,
九州,熊本県,8,3,5,166.7,9,5,4,80,7,4,3,75,112.5,166.7,-54.2,,,,,,,,,,,,,,,,,,,,,,,,,,,,,,,,,,,
九州,大分県,6,6,0,0,6,7,-1,-14.3,5,5,0,0,100,116.7,-16.7,,,,,,,,,,,,,,,,,,,,,,,,,,,,,,,,,,,
九州,宮崎県,4,5,-1,-20,5,3,2,66.7,5,3,2,66.7,125,60,65,,,,,,,,,,,,,,,,,,,,,,,,,,,,,,,,,,,
九州,鹿児島県,3,14,-11,-78.6,2,13,-11,-84.6,2,9,-7,-77.8,66.7,92.9,-26.2,,,,,,,,,,,,,,,,,,,,,,,,,,,,,,,,,,,
九州,沖縄県,5,9,-4,-44.4,5,9,-4,-44.4,6,9,-3,-33.3,100,100,0,,,,,,,,,,,,,,,,,,,,,,,,,,,,,,,,,,,
,,,,,,,,,,,,,,,,,,,,,,,,,,,,,,,,,,,,,,,,,,,,,,,,,,,
,,,,,,,,,,,,,,,,,,,,,,,,,,,,,,,,,,,,,,,,,,,,,,,,,,,
,,,,,,,,,,,,,,,,,,,,,,,,,,,,,,,,,,,,,,,,,,,,,,,,,,,
,,,,,,,,,,,,,,,,,,,,,,,,,,,,,,,,,,,,,,,,,,,,,,,,,,,
第６表,,,重要犯罪・重要窃盗犯　都道府県別　認知・検挙件数・検挙人員　対前年比較　（不同意性交等）,,,,,,,,,,,,暫定値,,,,,,,,,,,,,,,,,,,,,,,,,,,,,,,,,,,,
,,,,,,,,,,,,,,,２０２６年２月１日確定,,,,,,,,,,,,,,,,,,,,,,,,,,,,,,,,,,,,
,,,,,,,,,,,,,,,,,,,,,,,,,,,,,,,,,,,,,,,,,,,,,,,,,,,
,,認知件数,認知件数,認知件数,認知件数,検挙件数,検挙件数,検挙件数,検挙件数,検挙人員,検挙人員,検挙人員,検挙人員,検挙率,検挙率,検挙率,,,,,,,,,,,,,,,,,,,,,,,,,,,,,,,,,,,
,都道府県,"2025年
1～11月","2024年
1～11月",増減,増減率(％),"2025年
1～11月","2024年
1～11月",増減,増減率(％),"2025年
1～11月","2024年
1～11月",増減,増減率(％）,"2025年
1～11月","2024年
1～11月",増減ポイント,,,,,,,,,,,,,,,,,,,,,,,,,,,,,,,,,,,
総数,,3819,3609,210,5.8,3357,3095,262,8.5,3064,2805,259,9.2,87.9,85.8,2.1,,,,,,,,,,,,,,,,,,,,,,,,,,,,,,,,,,,
北海道,計,143,134,9,6.7,151,134,17,12.7,125,126,-1,-0.8,105.6,100,5.6,,,,,,,,,,,,,,,,,,,,,,,,,,,,,,,,,,,
北海道,札幌方面,105,90,15,16.7,107,87,20,23,88,80,8,10,101.9,96.7,5.2,,,,,,,,,,,,,,,,,,,,,,,,,,,,,,,,,,,
北海道,函館方面,9,7,2,28.6,10,6,4,66.7,9,6,3,50,111.1,85.7,25.4,,,,,,,,,,,,,,,,,,,,,,,,,,,,,,,,,,,
北海道,旭川方面,6,7,-1,-14.3,6,10,-4,-40,3,9,-6,-66.7,100,142.9,-42.9,,,,,,,,,,,,,,,,,,,,,,,,,,,,,,,,,,,
北海道,釧路方面,14,22,-8,-36.4,16,24,-8,-33.3,14,24,-10,-41.7,114.3,109.1,5.2,,,,,,,,,,,,,,,,,,,,,,,,,,,,,,,,,,,
北海道,北見方面,9,8,1,12.5,12,7,5,71.4,11,7,4,57.1,133.3,87.5,45.8,,,,,,,,,,,,,,,,,,,,,,,,,,,,,,,,,,,
東北,計,242,253,-11,-4.3,205,229,-24,-10.5,187,208,-21,-10.1,84.7,90.5,-5.8,,,,,,,,,,,,,,,,,,,,,,,,,,,,,,,,,,,
東北,青森県,52,69,-17,-24.6,43,48,-5,-10.4,34,36,-2,-5.6,82.7,69.6,13.1,,,,,,,,,,,,,,,,,,,,,,,,,,,,,,,,,,,
東北,岩手県,29,38,-9,-23.7,28,45,-17,-37.8,27,33,-6,-18.2,96.6,118.4,-21.8,,,,,,,,,,,,,,,,,,,,,,,,,,,,,,,,,,,
東北,宮城県,80,83,-3,-3.6,71,83,-12,-14.5,73,82,-9,-11,88.8,100,-11.2,,,,,,,,,,,,,,,,,,,,,,,,,,,,,,,,,,,
東北,秋田県,15,17,-2,-11.8,12,15,-3,-20,10,17,-7,-41.2,80,88.2,-8.2,,,,,,,,,,,,,,,,,,,,,,,,,,,,,,,,,,,
東北,山形県,22,14,8,57.1,18,7,11,157.1,17,8,9,112.5,81.8,50,31.8,,,,,,,,,,,,,,,,,,,,,,,,,,,,,,,,,,,
東北,福島県,44,32,12,37.5,33,31,2,6.5,26,32,-6,-18.8,75,96.9,-21.9,,,,,,,,,,,,,,,,,,,,,,,,,,,,,,,,,,,
東京都,,589,549,40,7.3,484,486,-2,-0.4,459,455,4,0.9,82.2,88.5,-6.3,,,,,,,,,,,,,,,,,,,,,,,,,,,,,,,,,,,
関東,計,913,799,114,14.3,811,707,104,14.7,718,617,101,16.4,88.8,88.5,0.3,,,,,,,,,,,,,,,,,,,,,,,,,,,,,,,,,,,
関東,茨城県,71,58,13,22.4,60,44,16,36.4,56,40,16,40,84.5,75.9,8.6,,,,,,,,,,,,,,,,,,,,,,,,,,,,,,,,,,,
関東,栃木県,45,28,17,60.7,39,20,19,95,37,18,19,105.6,86.7,71.4,15.3,,,,,,,,,,,,,,,,,,,,,,,,,,,,,,,,,,,
関東,群馬県,44,47,-3,-6.4,45,43,2,4.7,38,40,-2,-5,102.3,91.5,10.8,,,,,,,,,,,,,,,,,,,,,,,,,,,,,,,,,,,
関東,埼玉県,239,200,39,19.5,209,186,23,12.4,170,158,12,7.6,87.4,93,-5.6,,,,,,,,,,,,,,,,,,,,,,,,,,,,,,,,,,,
関東,千葉県,150,119,31,26.1,137,113,24,21.2,116,103,13,12.6,91.3,95,-3.7,,,,,,,,,,,,,,,,,,,,,,,,,,,,,,,,,,,
関東,神奈川県,181,192,-11,-5.7,182,155,27,17.4,163,136,27,19.9,100.6,80.7,19.9,,,,,,,,,,,,,,,,,,,,,,,,,,,,,,,,,,,
関東,新潟県,45,43,2,4.7,43,41,2,4.9,45,33,12,36.4,95.6,95.3,0.3,,,,,,,,,,,,,,,,,,,,,,,,,,,,,,,,,,,
関東,山梨県,21,13,8,61.5,16,11,5,45.5,15,9,6,66.7,76.2,84.6,-8.4,,,,,,,,,,,,,,,,,,,,,,,,,,,,,,,,,,,
関東,長野県,35,32,3,9.4,31,27,4,14.8,27,19,8,42.1,88.6,84.4,4.2,,,,,,,,,,,,,,,,,,,,,,,,,,,,,,,,,,,
関東,静岡県,82,67,15,22.4,49,67,-18,-26.9,51,61,-10,-16.4,59.8,100,-40.2,,,,,,,,,,,,,,,,,,,,,,,,,,,,,,,,,,,
中部,計,416,445,-29,-6.5,409,387,22,5.7,391,358,33,9.2,98.3,87,11.3,,,,,,,,,,,,,,,,,,,,,,,,,,,,,,,,,,,
中部,富山県,19,36,-17,-47.2,19,30,-11,-36.7,16,32,-16,-50,100,83.3,16.7,,,,,,,,,,,,,,,,,,,,,,,,,,,,,,,,,,,
中部,石川県,24,31,-7,-22.6,24,27,-3,-11.1,27,27,0,0,100,87.1,12.9,,,,,,,,,,,,,,,,,,,,,,,,,,,,,,,,,,,
中部,福井県,14,33,-19,-57.6,13,32,-19,-59.4,11,19,-8,-42.1,92.9,97,-4.1,,,,,,,,,,,,,,,,,,,,,,,,,,,,,,,,,,,
中部,岐阜県,46,45,1,2.2,45,44,1,2.3,41,36,5,13.9,97.8,97.8,0,,,,,,,,,,,,,,,,,,,,,,,,,,,,,,,,,,,
中部,愛知県,268,262,6,2.3,263,227,36,15.9,258,218,40,18.3,98.1,86.6,11.5,,,,,,,,,,,,,,,,,,,,,,,,,,,,,,,,,,,
中部,三重県,45,38,7,18.4,45,27,18,66.7,38,26,12,46.2,100,71.1,28.9,,,,,,,,,,,,,,,,,,,,,,,,,,,,,,,,,,,
近畿,計,692,726,-34,-4.7,567,581,-14,-2.4,552,544,8,1.5,81.9,80,1.9,,,,,,,,,,,,,,,,,,,,,,,,,,,,,,,,,,,
近畿,滋賀県,48,50,-2,-4,38,44,-6,-13.6,37,36,1,2.8,79.2,88,-8.8,,,,,,,,,,,,,,,,,,,,,,,,,,,,,,,,,,,
近畿,京都府,68,79,-11,-13.9,59,63,-4,-6.3,55,61,-6,-9.8,86.8,79.7,7.1,,,,,,,,,,,,,,,,,,,,,,,,,,,,,,,,,,,
近畿,大阪府,360,357,3,0.8,255,256,-1,-0.4,251,234,17,7.3,70.8,71.7,-0.9,,,,,,,,,,,,,,,,,,,,,,,,,,,,,,,,,,,
近畿,兵庫県,155,183,-28,-15.3,157,165,-8,-4.8,152,167,-15,-9,101.3,90.2,11.1,,,,,,,,,,,,,,,,,,,,,,,,,,,,,,,,,,,
近畿,奈良県,29,25,4,16,28,22,6,27.3,29,18,11,61.1,96.6,88,8.6,,,,,,,,,,,,,,,,,,,,,,,,,,,,,,,,,,,
近畿,和歌山県,32,32,0,0,30,31,-1,-3.2,28,28,0,0,93.8,96.9,-3.1,,,,,,,,,,,,,,,,,,,,,,,,,,,,,,,,,,,
中国,計,207,165,42,25.5,180,152,28,18.4,153,122,31,25.4,87,92.1,-5.1,,,,,,,,,,,,,,,,,,,,,,,,,,,,,,,,,,,
中国,鳥取県,22,17,5,29.4,15,16,-1,-6.3,13,6,7,116.7,68.2,94.1,-25.9,,,,,,,,,,,,,,,,,,,,,,,,,,,,,,,,,,,
中国,島根県,13,16,-3,-18.8,8,17,-9,-52.9,6,17,-11,-64.7,61.5,106.3,-44.8,,,,,,,,,,,,,,,,,,,,,,,,,,,,,,,,,,,
中国,岡山県,57,48,9,18.8,58,50,8,16,45,45,0,0,101.8,104.2,-2.4,,,,,,,,,,,,,,,,,,,,,,,,,,,,,,,,,,,
中国,広島県,87,67,20,29.9,73,55,18,32.7,62,46,16,34.8,83.9,82.1,1.8,,,,,,,,,,,,,,,,,,,,,,,,,,,,,,,,,,,
中国,山口県,28,17,11,64.7,26,14,12,85.7,27,8,19,237.5,92.9,82.4,10.5,,,,,,,,,,,,,,,,,,,,,,,,,,,,,,,,,,,
四国,計,98,91,7,7.7,97,82,15,18.3,94,74,20,27,99,90.1,8.9,,,,,,,,,,,,,,,,,,,,,,,,,,,,,,,,,,,
四国,徳島県,9,12,-3,-25,10,9,1,11.1,8,7,1,14.3,111.1,75,36.1,,,,,,,,,,,,,,,,,,,,,,,,,,,,,,,,,,,
四国,香川県,41,28,13,46.4,38,25,13,52,42,25,17,68,92.7,89.3,3.4,,,,,,,,,,,,,,,,,,,,,,,,,,,,,,,,,,,
四国,愛媛県,25,33,-8,-24.2,27,34,-7,-20.6,23,33,-10,-30.3,108,103,5,,,,,,,,,,,,,,,,,,,,,,,,,,,,,,,,,,,
四国,高知県,23,18,5,27.8,22,14,8,57.1,21,9,12,133.3,95.7,77.8,17.9,,,,,,,,,,,,,,,,,,,,,,,,,,,,,,,,,,,
九州,計,519,447,72,16.1,453,337,116,34.4,385,301,84,27.9,87.3,75.4,11.9,,,,,,,,,,,,,,,,,,,,,,,,,,,,,,,,,,,
九州,福岡県,186,165,21,12.7,155,110,45,40.9,128,93,35,37.6,83.3,66.7,16.6,,,,,,,,,,,,,,,,,,,,,,,,,,,,,,,,,,,
九州,佐賀県,26,38,-12,-31.6,25,33,-8,-24.2,19,29,-10,-34.5,96.2,86.8,9.4,,,,,,,,,,,,,,,,,,,,,,,,,,,,,,,,,,,
九州,長崎県,42,32,10,31.3,40,32,8,25,34,26,8,30.8,95.2,100,-4.8,,,,,,,,,,,,,,,,,,,,,,,,,,,,,,,,,,,
九州,熊本県,60,56,4,7.1,46,42,4,9.5,38,42,-4,-9.5,76.7,75,1.7,,,,,,,,,,,,,,,,,,,,,,,,,,,,,,,,,,,
九州,大分県,17,21,-4,-19,21,14,7,50,23,13,10,76.9,123.5,66.7,56.8,,,,,,,,,,,,,,,,,,,,,,,,,,,,,,,,,,,
九州,宮崎県,34,33,1,3,36,34,2,5.9,30,30,0,0,105.9,103,2.9,,,,,,,,,,,,,,,,,,,,,,,,,,,,,,,,,,,
九州,鹿児島県,77,52,25,48.1,57,31,26,83.9,51,30,21,70,74,59.6,14.4,,,,,,,,,,,,,,,,,,,,,,,,,,,,,,,,,,,
九州,沖縄県,77,50,27,54,73,41,32,78,62,38,24,63.2,94.8,82,12.8,,,,,,,,,,,,,,,,,,,,,,,,,,,,,,,,,,,
,,,,,,,,,,,,,,,,,,,,,,,,,,,,,,,,,,,,,,,,,,,,,,,,,,,
,,,,,,,,,,,,,,,,,,,,,,,,,,,,,,,,,,,,,,,,,,,,,,,,,,,
,,,,,,,,,,,,,,,,,,,,,,,,,,,,,,,,,,,,,,,,,,,,,,,,,,,
,,,,,,,,,,,,,,,,,,,,,,,,,,,,,,,,,,,,,,,,,,,,,,,,,,,
第６表,,,重要犯罪・重要窃盗犯　都道府県別　認知・検挙件数・検挙人員　対前年比較 （略取誘拐・人身売買）,,,,,,,,,,,,暫定値,,,,,,,,,,,,,,,,,,,,,,,,,,,,,,,,,,,,
,,,,,,,,,,,,,,,２０２６年２月１日確定,,,,,,,,,,,,,,,,,,,,,,,,,,,,,,,,,,,,
,,,,,,,,,,,,,,,,,,,,,,,,,,,,,,,,,,,,,,,,,,,,,,,,,,,
,,認知件数,認知件数,認知件数,認知件数,検挙件数,検挙件数,検挙件数,検挙件数,検挙人員,検挙人員,検挙人員,検挙人員,検挙率,検挙率,検挙率,,,,,,,,,,,,,,,,,,,,,,,,,,,,,,,,,,,
,都道府県,"2025年
1～11月","2024年
1～11月",増減,増減率(％),"2025年
1～11月","2024年
1～11月",増減,増減率(％),"2025年
1～11月","2024年
1～11月",増減,増減率(％）,"2025年
1～11月","2024年
1～11月",増減ポイント,,,,,,,,,,,,,,,,,,,,,,,,,,,,,,,,,,,
総数,,553,545,8,1.5,517,507,10,2,497,447,50,11.2,93.5,93,0.5,,,,,,,,,,,,,,,,,,,,,,,,,,,,,,,,,,,
北海道,計,25,25,0,0,27,25,2,8,13,14,-1,-7.1,108,100,8,,,,,,,,,,,,,,,,,,,,,,,,,,,,,,,,,,,
北海道,札幌方面,16,17,-1,-5.9,17,17,0,0,10,11,-1,-9.1,106.3,100,6.3,,,,,,,,,,,,,,,,,,,,,,,,,,,,,,,,,,,
北海道,函館方面,1,0,1,0,1,0,1,0,0,0,0,0,100,0,100,,,,,,,,,,,,,,,,,,,,,,,,,,,,,,,,,,,
北海道,旭川方面,0,4,-4,-100,1,4,-3,-75,1,2,-1,-50,0,100,-100,,,,,,,,,,,,,,,,,,,,,,,,,,,,,,,,,,,
北海道,釧路方面,4,1,3,300,4,1,3,300,2,0,2,0,100,100,0,,,,,,,,,,,,,,,,,,,,,,,,,,,,,,,,,,,
北海道,北見方面,4,3,1,33.3,4,3,1,33.3,0,1,-1,-100,100,100,0,,,,,,,,,,,,,,,,,,,,,,,,,,,,,,,,,,,
東北,計,35,32,3,9.4,34,31,3,9.7,27,26,1,3.8,97.1,96.9,0.2,,,,,,,,,,,,,,,,,,,,,,,,,,,,,,,,,,,
東北,青森県,5,7,-2,-28.6,4,9,-5,-55.6,2,9,-7,-77.8,80,128.6,-48.6,,,,,,,,,,,,,,,,,,,,,,,,,,,,,,,,,,,
東北,岩手県,6,5,1,20,6,4,2,50,5,2,3,150,100,80,20,,,,,,,,,,,,,,,,,,,,,,,,,,,,,,,,,,,
東北,宮城県,14,13,1,7.7,13,12,1,8.3,10,8,2,25,92.9,92.3,0.6,,,,,,,,,,,,,,,,,,,,,,,,,,,,,,,,,,,
東北,秋田県,2,1,1,100,2,1,1,100,1,1,0,0,100,100,0,,,,,,,,,,,,,,,,,,,,,,,,,,,,,,,,,,,
東北,山形県,5,3,2,66.7,5,2,3,150,4,3,1,33.3,100,66.7,33.3,,,,,,,,,,,,,,,,,,,,,,,,,,,,,,,,,,,
東北,福島県,3,3,0,0,4,3,1,33.3,5,3,2,66.7,133.3,100,33.3,,,,,,,,,,,,,,,,,,,,,,,,,,,,,,,,,,,
東京都,,80,68,12,17.6,68,58,10,17.2,52,41,11,26.8,85,85.3,-0.3,,,,,,,,,,,,,,,,,,,,,,,,,,,,,,,,,,,
関東,計,151,138,13,9.4,143,129,14,10.9,152,135,17,12.6,94.7,93.5,1.2,,,,,,,,,,,,,,,,,,,,,,,,,,,,,,,,,,,
関東,茨城県,6,13,-7,-53.8,12,9,3,33.3,12,7,5,71.4,200,69.2,130.8,,,,,,,,,,,,,,,,,,,,,,,,,,,,,,,,,,,
関東,栃木県,3,6,-3,-50,4,5,-1,-20,2,4,-2,-50,133.3,83.3,50,,,,,,,,,,,,,,,,,,,,,,,,,,,,,,,,,,,
関東,群馬県,7,5,2,40,6,5,1,20,4,5,-1,-20,85.7,100,-14.3,,,,,,,,,,,,,,,,,,,,,,,,,,,,,,,,,,,
関東,埼玉県,52,33,19,57.6,48,31,17,54.8,46,40,6,15,92.3,93.9,-1.6,,,,,,,,,,,,,,,,,,,,,,,,,,,,,,,,,,,
関東,千葉県,22,28,-6,-21.4,18,26,-8,-30.8,27,20,7,35,81.8,92.9,-11.1,,,,,,,,,,,,,,,,,,,,,,,,,,,,,,,,,,,
関東,神奈川県,22,29,-7,-24.1,24,28,-4,-14.3,31,38,-7,-18.4,109.1,96.6,12.5,,,,,,,,,,,,,,,,,,,,,,,,,,,,,,,,,,,
関東,新潟県,6,6,0,0,6,6,0,0,6,4,2,50,100,100,0,,,,,,,,,,,,,,,,,,,,,,,,,,,,,,,,,,,
関東,山梨県,2,0,2,0,2,1,1,100,4,3,1,33.3,100,0,100,,,,,,,,,,,,,,,,,,,,,,,,,,,,,,,,,,,
関東,長野県,1,2,-1,-50,1,2,-1,-50,1,1,0,0,100,100,0,,,,,,,,,,,,,,,,,,,,,,,,,,,,,,,,,,,
関東,静岡県,30,16,14,87.5,22,16,6,37.5,19,13,6,46.2,73.3,100,-26.7,,,,,,,,,,,,,,,,,,,,,,,,,,,,,,,,,,,
中部,計,44,52,-8,-15.4,47,49,-2,-4.1,45,37,8,21.6,106.8,94.2,12.6,,,,,,,,,,,,,,,,,,,,,,,,,,,,,,,,,,,
中部,富山県,4,2,2,100,3,2,1,50,6,1,5,500,75,100,-25,,,,,,,,,,,,,,,,,,,,,,,,,,,,,,,,,,,
中部,石川県,3,6,-3,-50,4,5,-1,-20,2,5,-3,-60,133.3,83.3,50,,,,,,,,,,,,,,,,,,,,,,,,,,,,,,,,,,,
中部,福井県,0,4,-4,-100,0,4,-4,-100,0,4,-4,-100,0,100,-100,,,,,,,,,,,,,,,,,,,,,,,,,,,,,,,,,,,
中部,岐阜県,6,7,-1,-14.3,6,5,1,20,4,5,-1,-20,100,71.4,28.6,,,,,,,,,,,,,,,,,,,,,,,,,,,,,,,,,,,
中部,愛知県,30,30,0,0,33,30,3,10,33,21,12,57.1,110,100,10,,,,,,,,,,,,,,,,,,,,,,,,,,,,,,,,,,,
中部,三重県,1,3,-2,-66.7,1,3,-2,-66.7,0,1,-1,-100,100,100,0,,,,,,,,,,,,,,,,,,,,,,,,,,,,,,,,,,,
近畿,計,146,116,30,25.9,125,107,18,16.8,150,111,39,35.1,85.6,92.2,-6.6,,,,,,,,,,,,,,,,,,,,,,,,,,,,,,,,,,,
近畿,滋賀県,12,4,8,200,8,4,4,100,21,4,17,425,66.7,100,-33.3,,,,,,,,,,,,,,,,,,,,,,,,,,,,,,,,,,,
近畿,京都府,15,8,7,87.5,14,7,7,100,19,19,0,0,93.3,87.5,5.8,,,,,,,,,,,,,,,,,,,,,,,,,,,,,,,,,,,
近畿,大阪府,80,56,24,42.9,62,52,10,19.2,71,40,31,77.5,77.5,92.9,-15.4,,,,,,,,,,,,,,,,,,,,,,,,,,,,,,,,,,,
近畿,兵庫県,32,42,-10,-23.8,34,38,-4,-10.5,32,40,-8,-20,106.3,90.5,15.8,,,,,,,,,,,,,,,,,,,,,,,,,,,,,,,,,,,
近畿,奈良県,5,3,2,66.7,5,3,2,66.7,6,4,2,50,100,100,0,,,,,,,,,,,,,,,,,,,,,,,,,,,,,,,,,,,
近畿,和歌山県,2,3,-1,-33.3,2,3,-1,-33.3,1,4,-3,-75,100,100,0,,,,,,,,,,,,,,,,,,,,,,,,,,,,,,,,,,,
中国,計,29,41,-12,-29.3,28,40,-12,-30,15,27,-12,-44.4,96.6,97.6,-1,,,,,,,,,,,,,,,,,,,,,,,,,,,,,,,,,,,
中国,鳥取県,10,12,-2,-16.7,10,11,-1,-9.1,3,4,-1,-25,100,91.7,8.3,,,,,,,,,,,,,,,,,,,,,,,,,,,,,,,,,,,
中国,島根県,2,4,-2,-50,2,5,-3,-60,2,4,-2,-50,100,125,-25,,,,,,,,,,,,,,,,,,,,,,,,,,,,,,,,,,,
中国,岡山県,3,9,-6,-66.7,3,10,-7,-70,2,6,-4,-66.7,100,111.1,-11.1,,,,,,,,,,,,,,,,,,,,,,,,,,,,,,,,,,,
中国,広島県,11,16,-5,-31.3,10,14,-4,-28.6,6,13,-7,-53.8,90.9,87.5,3.4,,,,,,,,,,,,,,,,,,,,,,,,,,,,,,,,,,,
中国,山口県,3,0,3,0,3,0,3,0,2,0,2,0,100,0,100,,,,,,,,,,,,,,,,,,,,,,,,,,,,,,,,,,,
四国,計,4,12,-8,-66.7,5,10,-5,-50,4,5,-1,-20,125,83.3,41.7,,,,,,,,,,,,,,,,,,,,,,,,,,,,,,,,,,,
四国,徳島県,0,3,-3,-100,0,3,-3,-100,0,0,0,0,0,100,-100,,,,,,,,,,,,,,,,,,,,,,,,,,,,,,,,,,,
四国,香川県,2,5,-3,-60,3,3,0,0,3,2,1,50,150,60,90,,,,,,,,,,,,,,,,,,,,,,,,,,,,,,,,,,,
四国,愛媛県,2,3,-1,-33.3,2,3,-1,-33.3,1,2,-1,-50,100,100,0,,,,,,,,,,,,,,,,,,,,,,,,,,,,,,,,,,,
四国,高知県,0,1,-1,-100,0,1,-1,-100,0,1,-1,-100,0,100,-100,,,,,,,,,,,,,,,,,,,,,,,,,,,,,,,,,,,
九州,計,39,61,-22,-36.1,40,58,-18,-31,39,51,-12,-23.5,102.6,95.1,7.5,,,,,,,,,,,,,,,,,,,,,,,,,,,,,,,,,,,
九州,福岡県,10,22,-12,-54.5,9,22,-13,-59.1,5,19,-14,-73.7,90,100,-10,,,,,,,,,,,,,,,,,,,,,,,,,,,,,,,,,,,
九州,佐賀県,5,6,-1,-16.7,5,6,-1,-16.7,4,4,0,0,100,100,0,,,,,,,,,,,,,,,,,,,,,,,,,,,,,,,,,,,
九州,長崎県,6,6,0,0,7,7,0,0,5,4,1,25,116.7,116.7,0,,,,,,,,,,,,,,,,,,,,,,,,,,,,,,,,,,,
九州,熊本県,7,5,2,40,6,3,3,100,9,2,7,350,85.7,60,25.7,,,,,,,,,,,,,,,,,,,,,,,,,,,,,,,,,,,
九州,大分県,1,4,-3,-75,2,4,-2,-50,5,7,-2,-28.6,200,100,100,,,,,,,,,,,,,,,,,,,,,,,,,,,,,,,,,,,
九州,宮崎県,3,1,2,200,3,1,2,200,1,1,0,0,100,100,0,,,,,,,,,,,,,,,,,,,,,,,,,,,,,,,,,,,
九州,鹿児島県,4,8,-4,-50,4,8,-4,-50,4,8,-4,-50,100,100,0,,,,,,,,,,,,,,,,,,,,,,,,,,,,,,,,,,,
九州,沖縄県,3,9,-6,-66.7,4,7,-3,-42.9,6,6,0,0,133.3,77.8,55.5,,,,,,,,,,,,,,,,,,,,,,,,,,,,,,,,,,,
,,,,,,,,,,,,,,,,,,,,,,,,,,,,,,,,,,,,,,,,,,,,,,,,,,,
,,,,,,,,,,,,,,,,,,,,,,,,,,,,,,,,,,,,,,,,,,,,,,,,,,,
,,,,,,,,,,,,,,,,,,,,,,,,,,,,,,,,,,,,,,,,,,,,,,,,,,,
,,,,,,,,,,,,,,,,,,,,,,,,,,,,,,,,,,,,,,,,,,,,,,,,,,,
第６表,,,重要犯罪・重要窃盗犯　都道府県別　認知・検挙件数・検挙人員　対前年比較　（不同意わいせつ）,,,,,,,,,,,,暫定値,,,,,,,,,,,,,,,,,,,,,,,,,,,,,,,,,,,,
,,,,,,,,,,,,,,,２０２６年２月１日確定,,,,,,,,,,,,,,,,,,,,,,,,,,,,,,,,,,,,
,,,,,,,,,,,,,,,,,,,,,,,,,,,,,,,,,,,,,,,,,,,,,,,,,,,
,,認知件数,認知件数,認知件数,認知件数,検挙件数,検挙件数,検挙件数,検挙件数,検挙人員,検挙人員,検挙人員,検挙人員,検挙率,検挙率,検挙率,,,,,,,,,,,,,,,,,,,,,,,,,,,,,,,,,,,
,都道府県,"2025年
1～11月","2024年
1～11月",増減,増減率(％),"2025年
1～11月","2024年
1～11月",増減,増減率(％),"2025年
1～11月","2024年
1～11月",増減,増減率(％）,"2025年
1～11月","2024年
1～11月",増減ポイント,,,,,,,,,,,,,,,,,,,,,,,,,,,,,,,,,,,
総数,,6564,6481,83,1.3,5518,5386,132,2.5,4254,4052,202,5,84.1,83.1,1,,,,,,,,,,,,,,,,,,,,,,,,,,,,,,,,,,,
北海道,計,242,202,40,19.8,231,207,24,11.6,180,166,14,8.4,95.5,102.5,-7,,,,,,,,,,,,,,,,,,,,,,,,,,,,,,,,,,,
北海道,札幌方面,160,138,22,15.9,151,139,12,8.6,110,110,0,0,94.4,100.7,-6.3,,,,,,,,,,,,,,,,,,,,,,,,,,,,,,,,,,,
北海道,函館方面,14,18,-4,-22.2,11,19,-8,-42.1,12,13,-1,-7.7,78.6,105.6,-27,,,,,,,,,,,,,,,,,,,,,,,,,,,,,,,,,,,
北海道,旭川方面,26,15,11,73.3,19,13,6,46.2,15,12,3,25,73.1,86.7,-13.6,,,,,,,,,,,,,,,,,,,,,,,,,,,,,,,,,,,
北海道,釧路方面,30,17,13,76.5,34,22,12,54.5,27,20,7,35,113.3,129.4,-16.1,,,,,,,,,,,,,,,,,,,,,,,,,,,,,,,,,,,
北海道,北見方面,12,14,-2,-14.3,16,14,2,14.3,16,11,5,45.5,133.3,100,33.3,,,,,,,,,,,,,,,,,,,,,,,,,,,,,,,,,,,
東北,計,352,460,-108,-23.5,282,386,-104,-26.9,219,252,-33,-13.1,80.1,83.9,-3.8,,,,,,,,,,,,,,,,,,,,,,,,,,,,,,,,,,,
東北,青森県,61,76,-15,-19.7,46,61,-15,-24.6,36,45,-9,-20,75.4,80.3,-4.9,,,,,,,,,,,,,,,,,,,,,,,,,,,,,,,,,,,
東北,岩手県,38,43,-5,-11.6,32,35,-3,-8.6,23,35,-12,-34.3,84.2,81.4,2.8,,,,,,,,,,,,,,,,,,,,,,,,,,,,,,,,,,,
東北,宮城県,152,185,-33,-17.8,121,143,-22,-15.4,94,92,2,2.2,79.6,77.3,2.3,,,,,,,,,,,,,,,,,,,,,,,,,,,,,,,,,,,
東北,秋田県,15,26,-11,-42.3,11,27,-16,-59.3,14,17,-3,-17.6,73.3,103.8,-30.5,,,,,,,,,,,,,,,,,,,,,,,,,,,,,,,,,,,
東北,山形県,21,31,-10,-32.3,19,29,-10,-34.5,13,21,-8,-38.1,90.5,93.5,-3,,,,,,,,,,,,,,,,,,,,,,,,,,,,,,,,,,,
東北,福島県,65,99,-34,-34.3,53,91,-38,-41.8,39,42,-3,-7.1,81.5,91.9,-10.4,,,,,,,,,,,,,,,,,,,,,,,,,,,,,,,,,,,
東京都,,822,738,84,11.4,686,669,17,2.5,534,524,10,1.9,83.5,90.7,-7.2,,,,,,,,,,,,,,,,,,,,,,,,,,,,,,,,,,,
関東,計,1688,1813,-125,-6.9,1456,1501,-45,-3,1029,1055,-26,-2.5,86.3,82.8,3.5,,,,,,,,,,,,,,,,,,,,,,,,,,,,,,,,,,,
関東,茨城県,94,93,1,1.1,95,74,21,28.4,83,61,22,36.1,101.1,79.6,21.5,,,,,,,,,,,,,,,,,,,,,,,,,,,,,,,,,,,
関東,栃木県,58,36,22,61.1,45,29,16,55.2,33,23,10,43.5,77.6,80.6,-3,,,,,,,,,,,,,,,,,,,,,,,,,,,,,,,,,,,
関東,群馬県,68,72,-4,-5.6,55,68,-13,-19.1,35,57,-22,-38.6,80.9,94.4,-13.5,,,,,,,,,,,,,,,,,,,,,,,,,,,,,,,,,,,
関東,埼玉県,530,637,-107,-16.8,483,525,-42,-8,310,331,-21,-6.3,91.1,82.4,8.7,,,,,,,,,,,,,,,,,,,,,,,,,,,,,,,,,,,
関東,千葉県,264,316,-52,-16.5,243,279,-36,-12.9,157,165,-8,-4.8,92,88.3,3.7,,,,,,,,,,,,,,,,,,,,,,,,,,,,,,,,,,,
関東,神奈川県,369,365,4,1.1,288,290,-2,-0.7,202,220,-18,-8.2,78,79.5,-1.5,,,,,,,,,,,,,,,,,,,,,,,,,,,,,,,,,,,
関東,新潟県,66,64,2,3.1,63,56,7,12.5,44,47,-3,-6.4,95.5,87.5,8,,,,,,,,,,,,,,,,,,,,,,,,,,,,,,,,,,,
関東,山梨県,23,25,-2,-8,22,18,4,22.2,19,13,6,46.2,95.7,72,23.7,,,,,,,,,,,,,,,,,,,,,,,,,,,,,,,,,,,
関東,長野県,47,55,-8,-14.5,38,49,-11,-22.4,34,36,-2,-5.6,80.9,89.1,-8.2,,,,,,,,,,,,,,,,,,,,,,,,,,,,,,,,,,,
関東,静岡県,169,150,19,12.7,124,113,11,9.7,112,102,10,9.8,73.4,75.3,-1.9,,,,,,,,,,,,,,,,,,,,,,,,,,,,,,,,,,,
中部,計,785,633,152,24,642,504,138,27.4,496,395,101,25.6,81.8,79.6,2.2,,,,,,,,,,,,,,,,,,,,,,,,,,,,,,,,,,,
中部,富山県,40,33,7,21.2,33,28,5,17.9,26,24,2,8.3,82.5,84.8,-2.3,,,,,,,,,,,,,,,,,,,,,,,,,,,,,,,,,,,
中部,石川県,53,46,7,15.2,42,37,5,13.5,30,30,0,0,79.2,80.4,-1.2,,,,,,,,,,,,,,,,,,,,,,,,,,,,,,,,,,,
中部,福井県,30,21,9,42.9,27,21,6,28.6,19,13,6,46.2,90,100,-10,,,,,,,,,,,,,,,,,,,,,,,,,,,,,,,,,,,
中部,岐阜県,72,75,-3,-4,67,65,2,3.1,54,43,11,25.6,93.1,86.7,6.4,,,,,,,,,,,,,,,,,,,,,,,,,,,,,,,,,,,
中部,愛知県,528,407,121,29.7,424,313,111,35.5,330,252,78,31,80.3,76.9,3.4,,,,,,,,,,,,,,,,,,,,,,,,,,,,,,,,,,,
中部,三重県,62,51,11,21.6,49,40,9,22.5,37,33,4,12.1,79,78.4,0.6,,,,,,,,,,,,,,,,,,,,,,,,,,,,,,,,,,,
近畿,計,1566,1554,12,0.8,1244,1229,15,1.2,1026,997,29,2.9,79.4,79.1,0.3,,,,,,,,,,,,,,,,,,,,,,,,,,,,,,,,,,,
近畿,滋賀県,99,103,-4,-3.9,84,77,7,9.1,73,61,12,19.7,84.8,74.8,10,,,,,,,,,,,,,,,,,,,,,,,,,,,,,,,,,,,
近畿,京都府,129,120,9,7.5,97,98,-1,-1,74,85,-11,-12.9,75.2,81.7,-6.5,,,,,,,,,,,,,,,,,,,,,,,,,,,,,,,,,,,
近畿,大阪府,785,781,4,0.5,575,579,-4,-0.7,466,449,17,3.8,73.2,74.1,-0.9,,,,,,,,,,,,,,,,,,,,,,,,,,,,,,,,,,,
近畿,兵庫県,471,483,-12,-2.5,409,410,-1,-0.2,350,347,3,0.9,86.8,84.9,1.9,,,,,,,,,,,,,,,,,,,,,,,,,,,,,,,,,,,
近畿,奈良県,49,42,7,16.7,47,37,10,27,32,28,4,14.3,95.9,88.1,7.8,,,,,,,,,,,,,,,,,,,,,,,,,,,,,,,,,,,
近畿,和歌山県,33,25,8,32,32,28,4,14.3,31,27,4,14.8,97,112,-15,,,,,,,,,,,,,,,,,,,,,,,,,,,,,,,,,,,
中国,計,342,256,86,33.6,323,243,80,32.9,234,185,49,26.5,94.4,94.9,-0.5,,,,,,,,,,,,,,,,,,,,,,,,,,,,,,,,,,,
中国,鳥取県,21,25,-4,-16,23,17,6,35.3,17,18,-1,-5.6,109.5,68,41.5,,,,,,,,,,,,,,,,,,,,,,,,,,,,,,,,,,,
中国,島根県,27,16,11,68.8,26,19,7,36.8,17,16,1,6.3,96.3,118.8,-22.5,,,,,,,,,,,,,,,,,,,,,,,,,,,,,,,,,,,
中国,岡山県,116,60,56,93.3,123,69,54,78.3,75,46,29,63,106,115,-9,,,,,,,,,,,,,,,,,,,,,,,,,,,,,,,,,,,
中国,広島県,142,135,7,5.2,119,119,0,0,91,87,4,4.6,83.8,88.1,-4.3,,,,,,,,,,,,,,,,,,,,,,,,,,,,,,,,,,,
中国,山口県,36,20,16,80,32,19,13,68.4,34,18,16,88.9,88.9,95,-6.1,,,,,,,,,,,,,,,,,,,,,,,,,,,,,,,,,,,
四国,計,118,134,-16,-11.9,102,104,-2,-1.9,82,85,-3,-3.5,86.4,77.6,8.8,,,,,,,,,,,,,,,,,,,,,,,,,,,,,,,,,,,
四国,徳島県,14,27,-13,-48.1,11,16,-5,-31.3,5,13,-8,-61.5,78.6,59.3,19.3,,,,,,,,,,,,,,,,,,,,,,,,,,,,,,,,,,,
四国,香川県,44,36,8,22.2,38,34,4,11.8,29,30,-1,-3.3,86.4,94.4,-8,,,,,,,,,,,,,,,,,,,,,,,,,,,,,,,,,,,
四国,愛媛県,33,36,-3,-8.3,29,29,0,0,27,25,2,8,87.9,80.6,7.3,,,,,,,,,,,,,,,,,,,,,,,,,,,,,,,,,,,
四国,高知県,27,35,-8,-22.9,24,25,-1,-4,21,17,4,23.5,88.9,71.4,17.5,,,,,,,,,,,,,,,,,,,,,,,,,,,,,,,,,,,
九州,計,649,691,-42,-6.1,552,543,9,1.7,454,393,61,15.5,85.1,78.6,6.5,,,,,,,,,,,,,,,,,,,,,,,,,,,,,,,,,,,
九州,福岡県,228,282,-54,-19.1,202,206,-4,-1.9,166,140,26,18.6,88.6,73,15.6,,,,,,,,,,,,,,,,,,,,,,,,,,,,,,,,,,,
九州,佐賀県,48,36,12,33.3,30,39,-9,-23.1,24,35,-11,-31.4,62.5,108.3,-45.8,,,,,,,,,,,,,,,,,,,,,,,,,,,,,,,,,,,
九州,長崎県,48,40,8,20,43,34,9,26.5,31,19,12,63.2,89.6,85,4.6,,,,,,,,,,,,,,,,,,,,,,,,,,,,,,,,,,,
九州,熊本県,116,85,31,36.5,89,75,14,18.7,60,55,5,9.1,76.7,88.2,-11.5,,,,,,,,,,,,,,,,,,,,,,,,,,,,,,,,,,,
九州,大分県,28,22,6,27.3,25,23,2,8.7,24,14,10,71.4,89.3,104.5,-15.2,,,,,,,,,,,,,,,,,,,,,,,,,,,,,,,,,,,
九州,宮崎県,33,57,-24,-42.1,34,50,-16,-32,31,42,-11,-26.2,103,87.7,15.3,,,,,,,,,,,,,,,,,,,,,,,,,,,,,,,,,,,
九州,鹿児島県,79,87,-8,-9.2,57,53,4,7.5,50,38,12,31.6,72.2,60.9,11.3,,,,,,,,,,,,,,,,,,,,,,,,,,,,,,,,,,,
九州,沖縄県,69,82,-13,-15.9,72,63,9,14.3,68,50,18,36,104.3,76.8,27.5,,,,,,,,,,,,,,,,,,,,,,,,,,,,,,,,,,,
,,,,,,,,,,,,,,,,,,,,,,,,,,,,,,,,,,,,,,,,,,,,,,,,,,,
,,,,,,,,,,,,,,,,,,,,,,,,,,,,,,,,,,,,,,,,,,,,,,,,,,,
,,,,,,,,,,,,,,,,,,,,,,,,,,,,,,,,,,,,,,,,,,,,,,,,,,,
,,,,,,,,,,,,,,,,,,,,,,,,,,,,,,,,,,,,,,,,,,,,,,,,,,,
第６表,,,重要犯罪・重要窃盗犯　都道府県別　認知・検挙件数・検挙人員　対前年比較　（重要窃盗犯総数）,,,,,,,,,,,,暫定値,,,,,,,,,,,,,,,,,,,,,,,,,,,,,,,,,,,,
,,,,,,,,,,,,,,,２０２６年２月１日確定,,,,,,,,,,,,,,,,,,,,,,,,,,,,,,,,,,,,
,,,,,,,,,,,,,,,,,,,,,,,,,,,,,,,,,,,,,,,,,,,,,,,,,,,
,,認知件数,認知件数,認知件数,認知件数,検挙件数,検挙件数,検挙件数,検挙件数,検挙人員,検挙人員,検挙人員,検挙人員,検挙率,検挙率,検挙率,,,,,,,,,,,,,,,,,,,,,,,,,,,,,,,,,,,
,都道府県,"2025年
1～11月","2024年
1～11月",増減,増減率(％),"2025年
1～11月","2024年
1～11月",増減,増減率(％),"2025年
1～11月","2024年
1～11月",増減,増減率(％）,"2025年
1～11月","2024年
1～11月",増減ポイント,,,,,,,,,,,,,,,,,,,,,,,,,,,,,,,,,,,
総数,,51653,46698,4955,10.6,26003,26419,-416,-1.6,6088,5988,100,1.7,50.3,56.6,-6.3,,,,,,,,,,,,,,,,,,,,,,,,,,,,,,,,,,,
北海道,計,1026,917,109,11.9,826,700,126,18,189,245,-56,-22.9,80.5,76.3,4.2,,,,,,,,,,,,,,,,,,,,,,,,,,,,,,,,,,,
北海道,札幌方面,661,578,83,14.4,473,429,44,10.3,123,158,-35,-22.2,71.6,74.2,-2.6,,,,,,,,,,,,,,,,,,,,,,,,,,,,,,,,,,,
北海道,函館方面,86,91,-5,-5.5,86,65,21,32.3,15,20,-5,-25,100,71.4,28.6,,,,,,,,,,,,,,,,,,,,,,,,,,,,,,,,,,,
北海道,旭川方面,162,105,57,54.3,167,110,57,51.8,19,32,-13,-40.6,103.1,104.8,-1.7,,,,,,,,,,,,,,,,,,,,,,,,,,,,,,,,,,,
北海道,釧路方面,86,104,-18,-17.3,72,66,6,9.1,21,23,-2,-8.7,83.7,63.5,20.2,,,,,,,,,,,,,,,,,,,,,,,,,,,,,,,,,,,
北海道,北見方面,31,39,-8,-20.5,28,30,-2,-6.7,11,12,-1,-8.3,90.3,76.9,13.4,,,,,,,,,,,,,,,,,,,,,,,,,,,,,,,,,,,
東北,計,2705,2811,-106,-3.8,1642,1601,41,2.6,314,353,-39,-11,60.7,57,3.7,,,,,,,,,,,,,,,,,,,,,,,,,,,,,,,,,,,
東北,青森県,224,306,-82,-26.8,126,249,-123,-49.4,71,77,-6,-7.8,56.3,81.4,-25.1,,,,,,,,,,,,,,,,,,,,,,,,,,,,,,,,,,,
東北,岩手県,218,350,-132,-37.7,137,219,-82,-37.4,48,51,-3,-5.9,62.8,62.6,0.2,,,,,,,,,,,,,,,,,,,,,,,,,,,,,,,,,,,
東北,宮城県,887,767,120,15.6,486,427,59,13.8,78,79,-1,-1.3,54.8,55.7,-0.9,,,,,,,,,,,,,,,,,,,,,,,,,,,,,,,,,,,
東北,秋田県,135,184,-49,-26.6,79,109,-30,-27.5,28,44,-16,-36.4,58.5,59.2,-0.7,,,,,,,,,,,,,,,,,,,,,,,,,,,,,,,,,,,
東北,山形県,242,229,13,5.7,324,246,78,31.7,29,39,-10,-25.6,133.9,107.4,26.5,,,,,,,,,,,,,,,,,,,,,,,,,,,,,,,,,,,
東北,福島県,999,975,24,2.5,490,351,139,39.6,60,63,-3,-4.8,49,36,13,,,,,,,,,,,,,,,,,,,,,,,,,,,,,,,,,,,
東京都,,3412,2875,537,18.7,2152,1972,180,9.1,874,864,10,1.2,63.1,68.6,-5.5,,,,,,,,,,,,,,,,,,,,,,,,,,,,,,,,,,,
関東,計,23022,20901,2121,10.1,10297,11659,-1362,-11.7,1427,1348,79,5.9,44.7,55.8,-11.1,,,,,,,,,,,,,,,,,,,,,,,,,,,,,,,,,,,
関東,茨城県,3172,2676,496,18.5,998,1166,-168,-14.4,113,104,9,8.7,31.5,43.6,-12.1,,,,,,,,,,,,,,,,,,,,,,,,,,,,,,,,,,,
関東,栃木県,2034,1600,434,27.1,462,654,-192,-29.4,56,58,-2,-3.4,22.7,40.9,-18.2,,,,,,,,,,,,,,,,,,,,,,,,,,,,,,,,,,,
関東,群馬県,2784,2392,392,16.4,933,785,148,18.9,85,63,22,34.9,33.5,32.8,0.7,,,,,,,,,,,,,,,,,,,,,,,,,,,,,,,,,,,
関東,埼玉県,4999,4388,611,13.9,1710,2406,-696,-28.9,396,360,36,10,34.2,54.8,-20.6,,,,,,,,,,,,,,,,,,,,,,,,,,,,,,,,,,,
関東,千葉県,3955,3560,395,11.1,2376,2103,273,13,243,212,31,14.6,60.1,59.1,1,,,,,,,,,,,,,,,,,,,,,,,,,,,,,,,,,,,
関東,神奈川県,3199,2882,317,11,2270,2398,-128,-5.3,222,260,-38,-14.6,71,83.2,-12.2,,,,,,,,,,,,,,,,,,,,,,,,,,,,,,,,,,,
関東,新潟県,701,917,-216,-23.6,518,847,-329,-38.8,108,110,-2,-1.8,73.9,92.4,-18.5,,,,,,,,,,,,,,,,,,,,,,,,,,,,,,,,,,,
関東,山梨県,293,324,-31,-9.6,140,119,21,17.6,30,19,11,57.9,47.8,36.7,11.1,,,,,,,,,,,,,,,,,,,,,,,,,,,,,,,,,,,
関東,長野県,679,903,-224,-24.8,327,609,-282,-46.3,62,44,18,40.9,48.2,67.4,-19.2,,,,,,,,,,,,,,,,,,,,,,,,,,,,,,,,,,,
関東,静岡県,1206,1259,-53,-4.2,563,572,-9,-1.6,112,118,-6,-5.1,46.7,45.4,1.3,,,,,,,,,,,,,,,,,,,,,,,,,,,,,,,,,,,
中部,計,8609,6848,1761,25.7,3222,3028,194,6.4,772,762,10,1.3,37.4,44.2,-6.8,,,,,,,,,,,,,,,,,,,,,,,,,,,,,,,,,,,
中部,富山県,706,318,388,122,489,218,271,124.3,64,69,-5,-7.2,69.3,68.6,0.7,,,,,,,,,,,,,,,,,,,,,,,,,,,,,,,,,,,
中部,石川県,542,488,54,11.1,295,258,37,14.3,100,109,-9,-8.3,54.4,52.9,1.5,,,,,,,,,,,,,,,,,,,,,,,,,,,,,,,,,,,
中部,福井県,245,307,-62,-20.2,233,257,-24,-9.3,60,51,9,17.6,95.1,83.7,11.4,,,,,,,,,,,,,,,,,,,,,,,,,,,,,,,,,,,
中部,岐阜県,1510,1182,328,27.7,335,553,-218,-39.4,97,110,-13,-11.8,22.2,46.8,-24.6,,,,,,,,,,,,,,,,,,,,,,,,,,,,,,,,,,,
中部,愛知県,4337,3368,969,28.8,1159,1248,-89,-7.1,381,343,38,11.1,26.7,37.1,-10.4,,,,,,,,,,,,,,,,,,,,,,,,,,,,,,,,,,,
中部,三重県,1269,1185,84,7.1,711,494,217,43.9,70,80,-10,-12.5,56,41.7,14.3,,,,,,,,,,,,,,,,,,,,,,,,,,,,,,,,,,,
近畿,計,5677,5168,509,9.8,2897,2598,299,11.5,1193,1122,71,6.3,51,50.3,0.7,,,,,,,,,,,,,,,,,,,,,,,,,,,,,,,,,,,
近畿,滋賀県,411,483,-72,-14.9,182,186,-4,-2.2,107,90,17,18.9,44.3,38.5,5.8,,,,,,,,,,,,,,,,,,,,,,,,,,,,,,,,,,,
近畿,京都府,462,414,48,11.6,442,311,131,42.1,120,166,-46,-27.7,95.7,75.1,20.6,,,,,,,,,,,,,,,,,,,,,,,,,,,,,,,,,,,
近畿,大阪府,2387,2171,216,9.9,890,920,-30,-3.3,546,489,57,11.7,37.3,42.4,-5.1,,,,,,,,,,,,,,,,,,,,,,,,,,,,,,,,,,,
近畿,兵庫県,1772,1563,209,13.4,794,686,108,15.7,253,218,35,16.1,44.8,43.9,0.9,,,,,,,,,,,,,,,,,,,,,,,,,,,,,,,,,,,
近畿,奈良県,399,298,101,33.9,240,260,-20,-7.7,87,89,-2,-2.2,60.2,87.2,-27,,,,,,,,,,,,,,,,,,,,,,,,,,,,,,,,,,,
近畿,和歌山県,246,239,7,2.9,349,235,114,48.5,80,70,10,14.3,141.9,98.3,43.6,,,,,,,,,,,,,,,,,,,,,,,,,,,,,,,,,,,
中国,計,1673,1631,42,2.6,1032,1182,-150,-12.7,377,381,-4,-1,61.7,72.5,-10.8,,,,,,,,,,,,,,,,,,,,,,,,,,,,,,,,,,,
中国,鳥取県,165,83,82,98.8,97,44,53,120.5,24,23,1,4.3,58.8,53,5.8,,,,,,,,,,,,,,,,,,,,,,,,,,,,,,,,,,,
中国,島根県,125,187,-62,-33.2,106,219,-113,-51.6,23,28,-5,-17.9,84.8,117.1,-32.3,,,,,,,,,,,,,,,,,,,,,,,,,,,,,,,,,,,
中国,岡山県,582,533,49,9.2,412,310,102,32.9,126,90,36,40,70.8,58.2,12.6,,,,,,,,,,,,,,,,,,,,,,,,,,,,,,,,,,,
中国,広島県,544,584,-40,-6.8,246,432,-186,-43.1,120,129,-9,-7,45.2,74,-28.8,,,,,,,,,,,,,,,,,,,,,,,,,,,,,,,,,,,
中国,山口県,257,244,13,5.3,171,177,-6,-3.4,84,111,-27,-24.3,66.5,72.5,-6,,,,,,,,,,,,,,,,,,,,,,,,,,,,,,,,,,,
四国,計,1292,1210,82,6.8,987,806,181,22.5,213,220,-7,-3.2,76.4,66.6,9.8,,,,,,,,,,,,,,,,,,,,,,,,,,,,,,,,,,,
四国,徳島県,200,212,-12,-5.7,106,143,-37,-25.9,27,27,0,0,53,67.5,-14.5,,,,,,,,,,,,,,,,,,,,,,,,,,,,,,,,,,,
四国,香川県,287,294,-7,-2.4,242,139,103,74.1,63,52,11,21.2,84.3,47.3,37,,,,,,,,,,,,,,,,,,,,,,,,,,,,,,,,,,,
四国,愛媛県,502,387,115,29.7,389,301,88,29.2,72,83,-11,-13.3,77.5,77.8,-0.3,,,,,,,,,,,,,,,,,,,,,,,,,,,,,,,,,,,
四国,高知県,303,317,-14,-4.4,250,223,27,12.1,51,58,-7,-12.1,82.5,70.3,12.2,,,,,,,,,,,,,,,,,,,,,,,,,,,,,,,,,,,
九州,計,4237,4337,-100,-2.3,2948,2873,75,2.6,729,693,36,5.2,69.6,66.2,3.4,,,,,,,,,,,,,,,,,,,,,,,,,,,,,,,,,,,
九州,福岡県,1800,2083,-283,-13.6,1284,1372,-88,-6.4,268,256,12,4.7,71.3,65.9,5.4,,,,,,,,,,,,,,,,,,,,,,,,,,,,,,,,,,,
九州,佐賀県,203,327,-124,-37.9,131,230,-99,-43,30,39,-9,-23.1,64.5,70.3,-5.8,,,,,,,,,,,,,,,,,,,,,,,,,,,,,,,,,,,
九州,長崎県,196,160,36,22.5,136,92,44,47.8,28,23,5,21.7,69.4,57.5,11.9,,,,,,,,,,,,,,,,,,,,,,,,,,,,,,,,,,,
九州,熊本県,304,346,-42,-12.1,146,337,-191,-56.7,93,101,-8,-7.9,48,97.4,-49.4,,,,,,,,,,,,,,,,,,,,,,,,,,,,,,,,,,,
九州,大分県,305,263,42,16,252,192,60,31.3,66,63,3,4.8,82.6,73,9.6,,,,,,,,,,,,,,,,,,,,,,,,,,,,,,,,,,,
九州,宮崎県,310,234,76,32.5,207,146,61,41.8,30,29,1,3.4,66.8,62.4,4.4,,,,,,,,,,,,,,,,,,,,,,,,,,,,,,,,,,,
九州,鹿児島県,774,463,311,67.2,502,183,319,174.3,88,76,12,15.8,64.9,39.5,25.4,,,,,,,,,,,,,,,,,,,,,,,,,,,,,,,,,,,
九州,沖縄県,345,461,-116,-25.2,290,321,-31,-9.7,126,106,20,18.9,84.1,69.6,14.5,,,,,,,,,,,,,,,,,,,,,,,,,,,,,,,,,,,
,,,,,,,,,,,,,,,,,,,,,,,,,,,,,,,,,,,,,,,,,,,,,,,,,,,
,,,,,,,,,,,,,,,,,,,,,,,,,,,,,,,,,,,,,,,,,,,,,,,,,,,
,,,,,,,,,,,,,,,,,,,,,,,,,,,,,,,,,,,,,,,,,,,,,,,,,,,
,,,,,,,,,,,,,,,,,,,,,,,,,,,,,,,,,,,,,,,,,,,,,,,,,,,
第６表,,,重要犯罪・重要窃盗犯　都道府県別　認知・検挙件数・検挙人員　対前年比較　（侵入盗）,,,,,,,,,,,,暫定値,,,,,,,,,,,,,,,,,,,,,,,,,,,,,,,,,,,,
,,,,,,,,,,,,,,,２０２６年２月１日確定,,,,,,,,,,,,,,,,,,,,,,,,,,,,,,,,,,,,
,,,,,,,,,,,,,,,,,,,,,,,,,,,,,,,,,,,,,,,,,,,,,,,,,,,
,,認知件数,認知件数,認知件数,認知件数,検挙件数,検挙件数,検挙件数,検挙件数,検挙人員,検挙人員,検挙人員,検挙人員,検挙率,検挙率,検挙率,,,,,,,,,,,,,,,,,,,,,,,,,,,,,,,,,,,
,都道府県,"2025年
1～11月","2024年
1～11月",増減,増減率(％),"2025年
1～11月","2024年
1～11月",増減,増減率(％),"2025年
1～11月","2024年
1～11月",増減,増減率(％）,"2025年
1～11月","2024年
1～11月",増減ポイント,,,,,,,,,,,,,,,,,,,,,,,,,,,,,,,,,,,
総数,,43770,39299,4471,11.4,22925,22964,-39,-0.2,4877,4846,31,0.6,52.4,58.4,-6,,,,,,,,,,,,,,,,,,,,,,,,,,,,,,,,,,,
北海道,計,927,808,119,14.7,740,609,131,21.5,146,209,-63,-30.1,79.8,75.4,4.4,,,,,,,,,,,,,,,,,,,,,,,,,,,,,,,,,,,
北海道,札幌方面,584,503,81,16.1,407,370,37,10,89,134,-45,-33.6,69.7,73.6,-3.9,,,,,,,,,,,,,,,,,,,,,,,,,,,,,,,,,,,
北海道,函館方面,81,87,-6,-6.9,83,60,23,38.3,14,18,-4,-22.2,102.5,69,33.5,,,,,,,,,,,,,,,,,,,,,,,,,,,,,,,,,,,
北海道,旭川方面,157,99,58,58.6,164,103,61,59.2,17,27,-10,-37,104.5,104,0.5,,,,,,,,,,,,,,,,,,,,,,,,,,,,,,,,,,,
北海道,釧路方面,75,84,-9,-10.7,64,48,16,33.3,17,19,-2,-10.5,85.3,57.1,28.2,,,,,,,,,,,,,,,,,,,,,,,,,,,,,,,,,,,
北海道,北見方面,30,35,-5,-14.3,22,28,-6,-21.4,9,11,-2,-18.2,73.3,80,-6.7,,,,,,,,,,,,,,,,,,,,,,,,,,,,,,,,,,,
東北,計,2559,2621,-62,-2.4,1516,1519,-3,-0.2,267,305,-38,-12.5,59.2,58,1.2,,,,,,,,,,,,,,,,,,,,,,,,,,,,,,,,,,,
東北,青森県,207,288,-81,-28.1,116,229,-113,-49.3,62,64,-2,-3.1,56,79.5,-23.5,,,,,,,,,,,,,,,,,,,,,,,,,,,,,,,,,,,
東北,岩手県,205,336,-131,-39,127,210,-83,-39.5,38,46,-8,-17.4,62,62.5,-0.5,,,,,,,,,,,,,,,,,,,,,,,,,,,,,,,,,,,
東北,宮城県,844,727,117,16.1,463,405,58,14.3,64,64,0,0,54.9,55.7,-0.8,,,,,,,,,,,,,,,,,,,,,,,,,,,,,,,,,,,
東北,秋田県,132,177,-45,-25.4,76,106,-30,-28.3,25,41,-16,-39,57.6,59.9,-2.3,,,,,,,,,,,,,,,,,,,,,,,,,,,,,,,,,,,
東北,山形県,231,224,7,3.1,312,240,72,30,24,35,-11,-31.4,135.1,107.1,28,,,,,,,,,,,,,,,,,,,,,,,,,,,,,,,,,,,
東北,福島県,940,869,71,8.2,422,329,93,28.3,54,55,-1,-1.8,44.9,37.9,7,,,,,,,,,,,,,,,,,,,,,,,,,,,,,,,,,,,
東京都,,2486,2043,443,21.7,1852,1663,189,11.4,720,690,30,4.3,74.5,81.4,-6.9,,,,,,,,,,,,,,,,,,,,,,,,,,,,,,,,,,,
関東,計,19391,17467,1924,11,8983,9803,-820,-8.4,1118,1060,58,5.5,46.3,56.1,-9.8,,,,,,,,,,,,,,,,,,,,,,,,,,,,,,,,,,,
関東,茨城県,2646,2154,492,22.8,769,746,23,3.1,92,79,13,16.5,29.1,34.6,-5.5,,,,,,,,,,,,,,,,,,,,,,,,,,,,,,,,,,,
関東,栃木県,1761,1322,439,33.2,389,582,-193,-33.2,41,50,-9,-18,22.1,44,-21.9,,,,,,,,,,,,,,,,,,,,,,,,,,,,,,,,,,,
関東,群馬県,2468,2125,343,16.1,893,763,130,17,69,51,18,35.3,36.2,35.9,0.3,,,,,,,,,,,,,,,,,,,,,,,,,,,,,,,,,,,
関東,埼玉県,4179,3552,627,17.7,1445,1813,-368,-20.3,294,280,14,5,34.6,51,-16.4,,,,,,,,,,,,,,,,,,,,,,,,,,,,,,,,,,,
関東,千葉県,3395,2808,587,20.9,2097,1710,387,22.6,192,152,40,26.3,61.8,60.9,0.9,,,,,,,,,,,,,,,,,,,,,,,,,,,,,,,,,,,
関東,神奈川県,2435,2335,100,4.3,1968,2149,-181,-8.4,176,215,-39,-18.1,80.8,92,-11.2,,,,,,,,,,,,,,,,,,,,,,,,,,,,,,,,,,,
関東,新潟県,673,879,-206,-23.4,490,824,-334,-40.5,94,97,-3,-3.1,72.8,93.7,-20.9,,,,,,,,,,,,,,,,,,,,,,,,,,,,,,,,,,,
関東,山梨県,270,278,-8,-2.9,124,103,21,20.4,25,14,11,78.6,45.9,37.1,8.8,,,,,,,,,,,,,,,,,,,,,,,,,,,,,,,,,,,
関東,長野県,586,852,-266,-31.2,293,590,-297,-50.3,45,36,9,25,50,69.2,-19.2,,,,,,,,,,,,,,,,,,,,,,,,,,,,,,,,,,,
関東,静岡県,978,1162,-184,-15.8,515,523,-8,-1.5,90,86,4,4.7,52.7,45,7.7,,,,,,,,,,,,,,,,,,,,,,,,,,,,,,,,,,,
中部,計,7186,5678,1508,26.6,2887,2675,212,7.9,644,631,13,2.1,40.2,47.1,-6.9,,,,,,,,,,,,,,,,,,,,,,,,,,,,,,,,,,,
中部,富山県,673,295,378,128.1,473,202,271,134.2,54,57,-3,-5.3,70.3,68.5,1.8,,,,,,,,,,,,,,,,,,,,,,,,,,,,,,,,,,,
中部,石川県,512,449,63,14,279,220,59,26.8,89,91,-2,-2.2,54.5,49,5.5,,,,,,,,,,,,,,,,,,,,,,,,,,,,,,,,,,,
中部,福井県,232,300,-68,-22.7,221,251,-30,-12,48,45,3,6.7,95.3,83.7,11.6,,,,,,,,,,,,,,,,,,,,,,,,,,,,,,,,,,,
中部,岐阜県,1329,1054,275,26.1,299,486,-187,-38.5,83,89,-6,-6.7,22.5,46.1,-23.6,,,,,,,,,,,,,,,,,,,,,,,,,,,,,,,,,,,
中部,愛知県,3251,2465,786,31.9,977,1062,-85,-8,307,276,31,11.2,30.1,43.1,-13,,,,,,,,,,,,,,,,,,,,,,,,,,,,,,,,,,,
中部,三重県,1189,1115,74,6.6,638,454,184,40.5,63,73,-10,-13.7,53.7,40.7,13,,,,,,,,,,,,,,,,,,,,,,,,,,,,,,,,,,,
近畿,計,4521,4035,486,12,2403,2179,224,10.3,900,865,35,4,53.2,54,-0.8,,,,,,,,,,,,,,,,,,,,,,,,,,,,,,,,,,,
近畿,滋賀県,349,425,-76,-17.9,164,165,-1,-0.6,83,73,10,13.7,47,38.8,8.2,,,,,,,,,,,,,,,,,,,,,,,,,,,,,,,,,,,
近畿,京都府,380,346,34,9.8,413,271,142,52.4,105,134,-29,-21.6,108.7,78.3,30.4,,,,,,,,,,,,,,,,,,,,,,,,,,,,,,,,,,,
近畿,大阪府,1579,1403,176,12.5,616,693,-77,-11.1,377,358,19,5.3,39,49.4,-10.4,,,,,,,,,,,,,,,,,,,,,,,,,,,,,,,,,,,
近畿,兵庫県,1617,1378,239,17.3,664,590,74,12.5,194,166,28,16.9,41.1,42.8,-1.7,,,,,,,,,,,,,,,,,,,,,,,,,,,,,,,,,,,
近畿,奈良県,367,261,106,40.6,215,237,-22,-9.3,70,71,-1,-1.4,58.6,90.8,-32.2,,,,,,,,,,,,,,,,,,,,,,,,,,,,,,,,,,,
近畿,和歌山県,229,222,7,3.2,331,223,108,48.4,71,63,8,12.7,144.5,100.5,44,,,,,,,,,,,,,,,,,,,,,,,,,,,,,,,,,,,
中国,計,1548,1510,38,2.5,913,1093,-180,-16.5,320,332,-12,-3.6,59,72.4,-13.4,,,,,,,,,,,,,,,,,,,,,,,,,,,,,,,,,,,
中国,鳥取県,159,77,82,106.5,93,41,52,126.8,23,20,3,15,58.5,53.2,5.3,,,,,,,,,,,,,,,,,,,,,,,,,,,,,,,,,,,
中国,島根県,119,184,-65,-35.3,101,214,-113,-52.8,19,24,-5,-20.8,84.9,116.3,-31.4,,,,,,,,,,,,,,,,,,,,,,,,,,,,,,,,,,,
中国,岡山県,508,485,23,4.7,337,289,48,16.6,104,81,23,28.4,66.3,59.6,6.7,,,,,,,,,,,,,,,,,,,,,,,,,,,,,,,,,,,
中国,広島県,511,544,-33,-6.1,221,393,-172,-43.8,101,116,-15,-12.9,43.2,72.2,-29,,,,,,,,,,,,,,,,,,,,,,,,,,,,,,,,,,,
中国,山口県,251,220,31,14.1,161,156,5,3.2,73,91,-18,-19.8,64.1,70.9,-6.8,,,,,,,,,,,,,,,,,,,,,,,,,,,,,,,,,,,
四国,計,1243,1146,97,8.5,952,755,197,26.1,182,192,-10,-5.2,76.6,65.9,10.7,,,,,,,,,,,,,,,,,,,,,,,,,,,,,,,,,,,
四国,徳島県,195,203,-8,-3.9,104,138,-34,-24.6,26,25,1,4,53.3,68,-14.7,,,,,,,,,,,,,,,,,,,,,,,,,,,,,,,,,,,
四国,香川県,270,282,-12,-4.3,232,130,102,78.5,54,45,9,20,85.9,46.1,39.8,,,,,,,,,,,,,,,,,,,,,,,,,,,,,,,,,,,
四国,愛媛県,485,364,121,33.2,374,282,92,32.6,60,74,-14,-18.9,77.1,77.5,-0.4,,,,,,,,,,,,,,,,,,,,,,,,,,,,,,,,,,,
四国,高知県,293,297,-4,-1.3,242,205,37,18,42,48,-6,-12.5,82.6,69,13.6,,,,,,,,,,,,,,,,,,,,,,,,,,,,,,,,,,,
九州,計,3909,3991,-82,-2.1,2679,2668,11,0.4,580,562,18,3.2,68.5,66.9,1.6,,,,,,,,,,,,,,,,,,,,,,,,,,,,,,,,,,,
九州,福岡県,1662,1947,-285,-14.6,1209,1307,-98,-7.5,230,219,11,5,72.7,67.1,5.6,,,,,,,,,,,,,,,,,,,,,,,,,,,,,,,,,,,
九州,佐賀県,198,306,-108,-35.3,93,223,-130,-58.3,23,36,-13,-36.1,47,72.9,-25.9,,,,,,,,,,,,,,,,,,,,,,,,,,,,,,,,,,,
九州,長崎県,188,152,36,23.7,128,89,39,43.8,26,23,3,13,68.1,58.6,9.5,,,,,,,,,,,,,,,,,,,,,,,,,,,,,,,,,,,
九州,熊本県,278,313,-35,-11.2,129,315,-186,-59,77,83,-6,-7.2,46.4,100.6,-54.2,,,,,,,,,,,,,,,,,,,,,,,,,,,,,,,,,,,
九州,大分県,288,249,39,15.7,231,176,55,31.3,53,46,7,15.2,80.2,70.7,9.5,,,,,,,,,,,,,,,,,,,,,,,,,,,,,,,,,,,
九州,宮崎県,299,225,74,32.9,198,138,60,43.5,23,23,0,0,66.2,61.3,4.9,,,,,,,,,,,,,,,,,,,,,,,,,,,,,,,,,,,
九州,鹿児島県,723,418,305,73,470,152,318,209.2,70,60,10,16.7,65,36.4,28.6,,,,,,,,,,,,,,,,,,,,,,,,,,,,,,,,,,,
九州,沖縄県,273,381,-108,-28.3,221,268,-47,-17.5,78,72,6,8.3,81,70.3,10.7,,,,,,,,,,,,,,,,,,,,,,,,,,,,,,,,,,,
,,,,,,,,,,,,,,,,,,,,,,,,,,,,,,,,,,,,,,,,,,,,,,,,,,,
,,,,,,,,,,,,,,,,,,,,,,,,,,,,,,,,,,,,,,,,,,,,,,,,,,,
,,,,,,,,,,,,,,,,,,,,,,,,,,,,,,,,,,,,,,,,,,,,,,,,,,,
,,,,,,,,,,,,,,,,,,,,,,,,,,,,,,,,,,,,,,,,,,,,,,,,,,,
第６表,,,重要犯罪・重要窃盗犯　都道府県別　認知・検挙件数・検挙人員　対前年比較　（侵入盗－住宅対象）,,,,,,,,,,,,暫定値,,,,,,,,,,,,,,,,,,,,,,,,,,,,,,,,,,,,
,,,,,,,,,,,,,,,２０２６年２月１日確定,,,,,,,,,,,,,,,,,,,,,,,,,,,,,,,,,,,,
,,,,,,,,,,,,,,,,,,,,,,,,,,,,,,,,,,,,,,,,,,,,,,,,,,,
,,認知件数,認知件数,認知件数,認知件数,検挙件数,検挙件数,検挙件数,検挙件数,検挙人員,検挙人員,検挙人員,検挙人員,検挙率,検挙率,検挙率,,,,,,,,,,,,,,,,,,,,,,,,,,,,,,,,,,,
,都道府県,"2025年
1～11月","2024年
1～11月",増減,増減率(％),"2025年
1～11月","2024年
1～11月",増減,増減率(％),"2025年
1～11月","2024年
1～11月",増減,増減率(％）,"2025年
1～11月","2024年
1～11月",増減ポイント,,,,,,,,,,,,,,,,,,,,,,,,,,,,,,,,,,,
総数,,15924,14598,1326,9.1,7356,7690,-334,-4.3,1676,1686,-10,-0.6,46.2,52.7,-6.5,,,,,,,,,,,,,,,,,,,,,,,,,,,,,,,,,,,
北海道,計,333,316,17,5.4,258,207,51,24.6,56,73,-17,-23.3,77.5,65.5,12,,,,,,,,,,,,,,,,,,,,,,,,,,,,,,,,,,,
北海道,札幌方面,194,209,-15,-7.2,129,138,-9,-6.5,34,44,-10,-22.7,66.5,66,0.5,,,,,,,,,,,,,,,,,,,,,,,,,,,,,,,,,,,
北海道,函館方面,28,34,-6,-17.6,37,17,20,117.6,4,6,-2,-33.3,132.1,50,82.1,,,,,,,,,,,,,,,,,,,,,,,,,,,,,,,,,,,
北海道,旭川方面,71,28,43,153.6,61,20,41,205,9,9,0,0,85.9,71.4,14.5,,,,,,,,,,,,,,,,,,,,,,,,,,,,,,,,,,,
北海道,釧路方面,30,32,-2,-6.3,25,21,4,19,5,7,-2,-28.6,83.3,65.6,17.7,,,,,,,,,,,,,,,,,,,,,,,,,,,,,,,,,,,
北海道,北見方面,10,13,-3,-23.1,6,11,-5,-45.5,4,7,-3,-42.9,60,84.6,-24.6,,,,,,,,,,,,,,,,,,,,,,,,,,,,,,,,,,,
東北,計,806,775,31,4,365,422,-57,-13.5,73,81,-8,-9.9,45.3,54.5,-9.2,,,,,,,,,,,,,,,,,,,,,,,,,,,,,,,,,,,
東北,青森県,67,82,-15,-18.3,34,88,-54,-61.4,13,20,-7,-35,50.7,107.3,-56.6,,,,,,,,,,,,,,,,,,,,,,,,,,,,,,,,,,,
東北,岩手県,65,79,-14,-17.7,31,52,-21,-40.4,9,11,-2,-18.2,47.7,65.8,-18.1,,,,,,,,,,,,,,,,,,,,,,,,,,,,,,,,,,,
東北,宮城県,307,320,-13,-4.1,161,108,53,49.1,22,16,6,37.5,52.4,33.8,18.6,,,,,,,,,,,,,,,,,,,,,,,,,,,,,,,,,,,
東北,秋田県,32,43,-11,-25.6,16,27,-11,-40.7,5,11,-6,-54.5,50,62.8,-12.8,,,,,,,,,,,,,,,,,,,,,,,,,,,,,,,,,,,
東北,山形県,54,37,17,45.9,55,44,11,25,11,7,4,57.1,101.9,118.9,-17,,,,,,,,,,,,,,,,,,,,,,,,,,,,,,,,,,,
東北,福島県,281,214,67,31.3,68,103,-35,-34,13,16,-3,-18.8,24.2,48.1,-23.9,,,,,,,,,,,,,,,,,,,,,,,,,,,,,,,,,,,
東京都,,945,758,187,24.7,676,531,145,27.3,237,226,11,4.9,71.5,70.1,1.4,,,,,,,,,,,,,,,,,,,,,,,,,,,,,,,,,,,
関東,計,7433,6207,1226,19.8,2576,3257,-681,-20.9,401,412,-11,-2.7,34.7,52.5,-17.8,,,,,,,,,,,,,,,,,,,,,,,,,,,,,,,,,,,
関東,茨城県,1178,900,278,30.9,313,331,-18,-5.4,35,33,2,6.1,26.6,36.8,-10.2,,,,,,,,,,,,,,,,,,,,,,,,,,,,,,,,,,,
関東,栃木県,703,479,224,46.8,117,242,-125,-51.7,19,21,-2,-9.5,16.6,50.5,-33.9,,,,,,,,,,,,,,,,,,,,,,,,,,,,,,,,,,,
関東,群馬県,970,625,345,55.2,147,205,-58,-28.3,19,19,0,0,15.2,32.8,-17.6,,,,,,,,,,,,,,,,,,,,,,,,,,,,,,,,,,,
関東,埼玉県,1671,1294,377,29.1,493,719,-226,-31.4,129,102,27,26.5,29.5,55.6,-26.1,,,,,,,,,,,,,,,,,,,,,,,,,,,,,,,,,,,
関東,千葉県,1129,1017,112,11,491,463,28,6,58,67,-9,-13.4,43.5,45.5,-2,,,,,,,,,,,,,,,,,,,,,,,,,,,,,,,,,,,
関東,神奈川県,857,848,9,1.1,576,714,-138,-19.3,64,86,-22,-25.6,67.2,84.2,-17,,,,,,,,,,,,,,,,,,,,,,,,,,,,,,,,,,,
関東,新潟県,194,317,-123,-38.8,139,259,-120,-46.3,27,29,-2,-6.9,71.6,81.7,-10.1,,,,,,,,,,,,,,,,,,,,,,,,,,,,,,,,,,,
関東,山梨県,127,85,42,49.4,56,30,26,86.7,10,5,5,100,44.1,35.3,8.8,,,,,,,,,,,,,,,,,,,,,,,,,,,,,,,,,,,
関東,長野県,198,205,-7,-3.4,61,124,-63,-50.8,12,11,1,9.1,30.8,60.5,-29.7,,,,,,,,,,,,,,,,,,,,,,,,,,,,,,,,,,,
関東,静岡県,406,437,-31,-7.1,183,170,13,7.6,28,39,-11,-28.2,45.1,38.9,6.2,,,,,,,,,,,,,,,,,,,,,,,,,,,,,,,,,,,
中部,計,2353,2286,67,2.9,860,859,1,0.1,202,203,-1,-0.5,36.5,37.6,-1.1,,,,,,,,,,,,,,,,,,,,,,,,,,,,,,,,,,,
中部,富山県,116,76,40,52.6,50,70,-20,-28.6,11,18,-7,-38.9,43.1,92.1,-49,,,,,,,,,,,,,,,,,,,,,,,,,,,,,,,,,,,
中部,石川県,124,208,-84,-40.4,64,92,-28,-30.4,20,31,-11,-35.5,51.6,44.2,7.4,,,,,,,,,,,,,,,,,,,,,,,,,,,,,,,,,,,
中部,福井県,57,75,-18,-24,33,91,-58,-63.7,13,6,7,116.7,57.9,121.3,-63.4,,,,,,,,,,,,,,,,,,,,,,,,,,,,,,,,,,,
中部,岐阜県,476,451,25,5.5,122,151,-29,-19.2,32,26,6,23.1,25.6,33.5,-7.9,,,,,,,,,,,,,,,,,,,,,,,,,,,,,,,,,,,
中部,愛知県,1253,1145,108,9.4,386,329,57,17.3,104,99,5,5.1,30.8,28.7,2.1,,,,,,,,,,,,,,,,,,,,,,,,,,,,,,,,,,,
中部,三重県,327,331,-4,-1.2,205,126,79,62.7,22,23,-1,-4.3,62.7,38.1,24.6,,,,,,,,,,,,,,,,,,,,,,,,,,,,,,,,,,,
近畿,計,1522,1494,28,1.9,1002,726,276,38,306,297,9,3,65.8,48.6,17.2,,,,,,,,,,,,,,,,,,,,,,,,,,,,,,,,,,,
近畿,滋賀県,144,181,-37,-20.4,80,65,15,23.1,28,30,-2,-6.7,55.6,35.9,19.7,,,,,,,,,,,,,,,,,,,,,,,,,,,,,,,,,,,
近畿,京都府,143,126,17,13.5,160,97,63,64.9,29,44,-15,-34.1,111.9,77,34.9,,,,,,,,,,,,,,,,,,,,,,,,,,,,,,,,,,,
近畿,大阪府,568,540,28,5.2,217,206,11,5.3,123,105,18,17.1,38.2,38.1,0.1,,,,,,,,,,,,,,,,,,,,,,,,,,,,,,,,,,,
近畿,兵庫県,443,461,-18,-3.9,255,212,43,20.3,75,67,8,11.9,57.6,46,11.6,,,,,,,,,,,,,,,,,,,,,,,,,,,,,,,,,,,
近畿,奈良県,137,117,20,17.1,87,98,-11,-11.2,25,34,-9,-26.5,63.5,83.8,-20.3,,,,,,,,,,,,,,,,,,,,,,,,,,,,,,,,,,,
近畿,和歌山県,87,69,18,26.1,203,48,155,322.9,26,17,9,52.9,233.3,69.6,163.7,,,,,,,,,,,,,,,,,,,,,,,,,,,,,,,,,,,
中国,計,644,614,30,4.9,381,425,-44,-10.4,125,126,-1,-0.8,59.2,69.2,-10,,,,,,,,,,,,,,,,,,,,,,,,,,,,,,,,,,,
中国,鳥取県,96,35,61,174.3,59,15,44,293.3,10,9,1,11.1,61.5,42.9,18.6,,,,,,,,,,,,,,,,,,,,,,,,,,,,,,,,,,,
中国,島根県,64,46,18,39.1,69,50,19,38,8,6,2,33.3,107.8,108.7,-0.9,,,,,,,,,,,,,,,,,,,,,,,,,,,,,,,,,,,
中国,岡山県,163,210,-47,-22.4,97,105,-8,-7.6,34,24,10,41.7,59.5,50,9.5,,,,,,,,,,,,,,,,,,,,,,,,,,,,,,,,,,,
中国,広島県,239,229,10,4.4,101,184,-83,-45.1,40,46,-6,-13,42.3,80.3,-38,,,,,,,,,,,,,,,,,,,,,,,,,,,,,,,,,,,
中国,山口県,82,94,-12,-12.8,55,71,-16,-22.5,33,41,-8,-19.5,67.1,75.5,-8.4,,,,,,,,,,,,,,,,,,,,,,,,,,,,,,,,,,,
四国,計,423,459,-36,-7.8,332,286,46,16.1,66,68,-2,-2.9,78.5,62.3,16.2,,,,,,,,,,,,,,,,,,,,,,,,,,,,,,,,,,,
四国,徳島県,61,80,-19,-23.8,37,22,15,68.2,10,5,5,100,60.7,27.5,33.2,,,,,,,,,,,,,,,,,,,,,,,,,,,,,,,,,,,
四国,香川県,76,112,-36,-32.1,86,63,23,36.5,21,17,4,23.5,113.2,56.3,56.9,,,,,,,,,,,,,,,,,,,,,,,,,,,,,,,,,,,
四国,愛媛県,154,114,40,35.1,108,70,38,54.3,24,26,-2,-7.7,70.1,61.4,8.7,,,,,,,,,,,,,,,,,,,,,,,,,,,,,,,,,,,
四国,高知県,132,153,-21,-13.7,101,131,-30,-22.9,11,20,-9,-45,76.5,85.6,-9.1,,,,,,,,,,,,,,,,,,,,,,,,,,,,,,,,,,,
九州,計,1465,1689,-224,-13.3,906,977,-71,-7.3,210,200,10,5,61.8,57.8,4,,,,,,,,,,,,,,,,,,,,,,,,,,,,,,,,,,,
九州,福岡県,671,862,-191,-22.2,434,444,-10,-2.3,89,71,18,25.4,64.7,51.5,13.2,,,,,,,,,,,,,,,,,,,,,,,,,,,,,,,,,,,
九州,佐賀県,92,120,-28,-23.3,47,62,-15,-24.2,9,14,-5,-35.7,51.1,51.7,-0.6,,,,,,,,,,,,,,,,,,,,,,,,,,,,,,,,,,,
九州,長崎県,54,57,-3,-5.3,39,31,8,25.8,8,6,2,33.3,72.2,54.4,17.8,,,,,,,,,,,,,,,,,,,,,,,,,,,,,,,,,,,
九州,熊本県,100,117,-17,-14.5,41,148,-107,-72.3,26,32,-6,-18.8,41,126.5,-85.5,,,,,,,,,,,,,,,,,,,,,,,,,,,,,,,,,,,
九州,大分県,127,107,20,18.7,100,70,30,42.9,24,18,6,33.3,78.7,65.4,13.3,,,,,,,,,,,,,,,,,,,,,,,,,,,,,,,,,,,
九州,宮崎県,112,93,19,20.4,51,76,-25,-32.9,2,5,-3,-60,45.5,81.7,-36.2,,,,,,,,,,,,,,,,,,,,,,,,,,,,,,,,,,,
九州,鹿児島県,199,210,-11,-5.2,109,61,48,78.7,29,27,2,7.4,54.8,29,25.8,,,,,,,,,,,,,,,,,,,,,,,,,,,,,,,,,,,
九州,沖縄県,110,123,-13,-10.6,85,85,0,0,23,27,-4,-14.8,77.3,69.1,8.2,,,,,,,,,,,,,,,,,,,,,,,,,,,,,,,,,,,
,,,,,,,,,,,,,,,,,,,,,,,,,,,,,,,,,,,,,,,,,,,,,,,,,,,
,,,,,,,,,,,,,,,,,,,,,,,,,,,,,,,,,,,,,,,,,,,,,,,,,,,
,,,,,,,,,,,,,,,,,,,,,,,,,,,,,,,,,,,,,,,,,,,,,,,,,,,
,,,,,,,,,,,,,,,,,,,,,,,,,,,,,,,,,,,,,,,,,,,,,,,,,,,
第６表,,,重要犯罪・重要窃盗犯　都道府県別　認知・検挙件数・検挙人員　対前年比較　（侵入盗－その他）,,,,,,,,,,,,暫定値,,,,,,,,,,,,,,,,,,,,,,,,,,,,,,,,,,,,
,,,,,,,,,,,,,,,２０２６年２月１日確定,,,,,,,,,,,,,,,,,,,,,,,,,,,,,,,,,,,,
,,,,,,,,,,,,,,,,,,,,,,,,,,,,,,,,,,,,,,,,,,,,,,,,,,,
,,認知件数,認知件数,認知件数,認知件数,検挙件数,検挙件数,検挙件数,検挙件数,検挙人員,検挙人員,検挙人員,検挙人員,検挙率,検挙率,検挙率,,,,,,,,,,,,,,,,,,,,,,,,,,,,,,,,,,,
,都道府県,"2025年
1～11月","2024年
1～11月",増減,増減率(％),"2025年
1～11月","2024年
1～11月",増減,増減率(％),"2025年
1～11月","2024年
1～11月",増減,増減率(％）,"2025年
1～11月","2024年
1～11月",増減ポイント,,,,,,,,,,,,,,,,,,,,,,,,,,,,,,,,,,,
総数,,27846,24701,3145,12.7,15569,15274,295,1.9,3201,3160,41,1.3,55.9,61.8,-5.9,,,,,,,,,,,,,,,,,,,,,,,,,,,,,,,,,,,
北海道,計,594,492,102,20.7,482,402,80,19.9,90,136,-46,-33.8,81.1,81.7,-0.6,,,,,,,,,,,,,,,,,,,,,,,,,,,,,,,,,,,
北海道,札幌方面,390,294,96,32.7,278,232,46,19.8,55,90,-35,-38.9,71.3,78.9,-7.6,,,,,,,,,,,,,,,,,,,,,,,,,,,,,,,,,,,
北海道,函館方面,53,53,0,0,46,43,3,7,10,12,-2,-16.7,86.8,81.1,5.7,,,,,,,,,,,,,,,,,,,,,,,,,,,,,,,,,,,
北海道,旭川方面,86,71,15,21.1,103,83,20,24.1,8,18,-10,-55.6,119.8,116.9,2.9,,,,,,,,,,,,,,,,,,,,,,,,,,,,,,,,,,,
北海道,釧路方面,45,52,-7,-13.5,39,27,12,44.4,12,12,0,0,86.7,51.9,34.8,,,,,,,,,,,,,,,,,,,,,,,,,,,,,,,,,,,
北海道,北見方面,20,22,-2,-9.1,16,17,-1,-5.9,5,4,1,25,80,77.3,2.7,,,,,,,,,,,,,,,,,,,,,,,,,,,,,,,,,,,
東北,計,1753,1846,-93,-5,1151,1097,54,4.9,194,224,-30,-13.4,65.7,59.4,6.3,,,,,,,,,,,,,,,,,,,,,,,,,,,,,,,,,,,
東北,青森県,140,206,-66,-32,82,141,-59,-41.8,49,44,5,11.4,58.6,68.4,-9.8,,,,,,,,,,,,,,,,,,,,,,,,,,,,,,,,,,,
東北,岩手県,140,257,-117,-45.5,96,158,-62,-39.2,29,35,-6,-17.1,68.6,61.5,7.1,,,,,,,,,,,,,,,,,,,,,,,,,,,,,,,,,,,
東北,宮城県,537,407,130,31.9,302,297,5,1.7,42,48,-6,-12.5,56.2,73,-16.8,,,,,,,,,,,,,,,,,,,,,,,,,,,,,,,,,,,
東北,秋田県,100,134,-34,-25.4,60,79,-19,-24.1,20,30,-10,-33.3,60,59,1,,,,,,,,,,,,,,,,,,,,,,,,,,,,,,,,,,,
東北,山形県,177,187,-10,-5.3,257,196,61,31.1,13,28,-15,-53.6,145.2,104.8,40.4,,,,,,,,,,,,,,,,,,,,,,,,,,,,,,,,,,,
東北,福島県,659,655,4,0.6,354,226,128,56.6,41,39,2,5.1,53.7,34.5,19.2,,,,,,,,,,,,,,,,,,,,,,,,,,,,,,,,,,,
東京都,,1541,1285,256,19.9,1176,1132,44,3.9,483,464,19,4.1,76.3,88.1,-11.8,,,,,,,,,,,,,,,,,,,,,,,,,,,,,,,,,,,
関東,計,11958,11260,698,6.2,6407,6546,-139,-2.1,717,648,69,10.6,53.6,58.1,-4.5,,,,,,,,,,,,,,,,,,,,,,,,,,,,,,,,,,,
関東,茨城県,1468,1254,214,17.1,456,415,41,9.9,57,46,11,23.9,31.1,33.1,-2,,,,,,,,,,,,,,,,,,,,,,,,,,,,,,,,,,,
関東,栃木県,1058,843,215,25.5,272,340,-68,-20,22,29,-7,-24.1,25.7,40.3,-14.6,,,,,,,,,,,,,,,,,,,,,,,,,,,,,,,,,,,
関東,群馬県,1498,1500,-2,-0.1,746,558,188,33.7,50,32,18,56.3,49.8,37.2,12.6,,,,,,,,,,,,,,,,,,,,,,,,,,,,,,,,,,,
関東,埼玉県,2508,2258,250,11.1,952,1094,-142,-13,165,178,-13,-7.3,38,48.4,-10.4,,,,,,,,,,,,,,,,,,,,,,,,,,,,,,,,,,,
関東,千葉県,2266,1791,475,26.5,1606,1247,359,28.8,134,85,49,57.6,70.9,69.6,1.3,,,,,,,,,,,,,,,,,,,,,,,,,,,,,,,,,,,
関東,神奈川県,1578,1487,91,6.1,1392,1435,-43,-3,112,129,-17,-13.2,88.2,96.5,-8.3,,,,,,,,,,,,,,,,,,,,,,,,,,,,,,,,,,,
関東,新潟県,479,562,-83,-14.8,351,565,-214,-37.9,67,68,-1,-1.5,73.3,100.5,-27.2,,,,,,,,,,,,,,,,,,,,,,,,,,,,,,,,,,,
関東,山梨県,143,193,-50,-25.9,68,73,-5,-6.8,15,9,6,66.7,47.6,37.8,9.8,,,,,,,,,,,,,,,,,,,,,,,,,,,,,,,,,,,
関東,長野県,388,647,-259,-40,232,466,-234,-50.2,33,25,8,32,59.8,72,-12.2,,,,,,,,,,,,,,,,,,,,,,,,,,,,,,,,,,,
関東,静岡県,572,725,-153,-21.1,332,353,-21,-5.9,62,47,15,31.9,58,48.7,9.3,,,,,,,,,,,,,,,,,,,,,,,,,,,,,,,,,,,
中部,計,4833,3392,1441,42.5,2027,1816,211,11.6,442,428,14,3.3,41.9,53.5,-11.6,,,,,,,,,,,,,,,,,,,,,,,,,,,,,,,,,,,
中部,富山県,557,219,338,154.3,423,132,291,220.5,43,39,4,10.3,75.9,60.3,15.6,,,,,,,,,,,,,,,,,,,,,,,,,,,,,,,,,,,
中部,石川県,388,241,147,61,215,128,87,68,69,60,9,15,55.4,53.1,2.3,,,,,,,,,,,,,,,,,,,,,,,,,,,,,,,,,,,
中部,福井県,175,225,-50,-22.2,188,160,28,17.5,35,39,-4,-10.3,107.4,71.1,36.3,,,,,,,,,,,,,,,,,,,,,,,,,,,,,,,,,,,
中部,岐阜県,853,603,250,41.5,177,335,-158,-47.2,51,63,-12,-19,20.8,55.6,-34.8,,,,,,,,,,,,,,,,,,,,,,,,,,,,,,,,,,,
中部,愛知県,1998,1320,678,51.4,591,733,-142,-19.4,203,177,26,14.7,29.6,55.5,-25.9,,,,,,,,,,,,,,,,,,,,,,,,,,,,,,,,,,,
中部,三重県,862,784,78,9.9,433,328,105,32,41,50,-9,-18,50.2,41.8,8.4,,,,,,,,,,,,,,,,,,,,,,,,,,,,,,,,,,,
近畿,計,2999,2541,458,18,1401,1453,-52,-3.6,594,568,26,4.6,46.7,57.2,-10.5,,,,,,,,,,,,,,,,,,,,,,,,,,,,,,,,,,,
近畿,滋賀県,205,244,-39,-16,84,100,-16,-16,55,43,12,27.9,41,41,0,,,,,,,,,,,,,,,,,,,,,,,,,,,,,,,,,,,
近畿,京都府,237,220,17,7.7,253,174,79,45.4,76,90,-14,-15.6,106.8,79.1,27.7,,,,,,,,,,,,,,,,,,,,,,,,,,,,,,,,,,,
近畿,大阪府,1011,863,148,17.1,399,487,-88,-18.1,254,253,1,0.4,39.5,56.4,-16.9,,,,,,,,,,,,,,,,,,,,,,,,,,,,,,,,,,,
近畿,兵庫県,1174,917,257,28,409,378,31,8.2,119,99,20,20.2,34.8,41.2,-6.4,,,,,,,,,,,,,,,,,,,,,,,,,,,,,,,,,,,
近畿,奈良県,230,144,86,59.7,128,139,-11,-7.9,45,37,8,21.6,55.7,96.5,-40.8,,,,,,,,,,,,,,,,,,,,,,,,,,,,,,,,,,,
近畿,和歌山県,142,153,-11,-7.2,128,175,-47,-26.9,45,46,-1,-2.2,90.1,114.4,-24.3,,,,,,,,,,,,,,,,,,,,,,,,,,,,,,,,,,,
中国,計,904,896,8,0.9,532,668,-136,-20.4,195,206,-11,-5.3,58.8,74.6,-15.8,,,,,,,,,,,,,,,,,,,,,,,,,,,,,,,,,,,
中国,鳥取県,63,42,21,50,34,26,8,30.8,13,11,2,18.2,54,61.9,-7.9,,,,,,,,,,,,,,,,,,,,,,,,,,,,,,,,,,,
中国,島根県,55,138,-83,-60.1,32,164,-132,-80.5,11,18,-7,-38.9,58.2,118.8,-60.6,,,,,,,,,,,,,,,,,,,,,,,,,,,,,,,,,,,
中国,岡山県,345,275,70,25.5,240,184,56,30.4,70,57,13,22.8,69.6,66.9,2.7,,,,,,,,,,,,,,,,,,,,,,,,,,,,,,,,,,,
中国,広島県,272,315,-43,-13.7,120,209,-89,-42.6,61,70,-9,-12.9,44.1,66.3,-22.2,,,,,,,,,,,,,,,,,,,,,,,,,,,,,,,,,,,
中国,山口県,169,126,43,34.1,106,85,21,24.7,40,50,-10,-20,62.7,67.5,-4.8,,,,,,,,,,,,,,,,,,,,,,,,,,,,,,,,,,,
四国,計,820,687,133,19.4,620,469,151,32.2,116,124,-8,-6.5,75.6,68.3,7.3,,,,,,,,,,,,,,,,,,,,,,,,,,,,,,,,,,,
四国,徳島県,134,123,11,8.9,67,116,-49,-42.2,16,20,-4,-20,50,94.3,-44.3,,,,,,,,,,,,,,,,,,,,,,,,,,,,,,,,,,,
四国,香川県,194,170,24,14.1,146,67,79,117.9,33,28,5,17.9,75.3,39.4,35.9,,,,,,,,,,,,,,,,,,,,,,,,,,,,,,,,,,,
四国,愛媛県,331,250,81,32.4,266,212,54,25.5,36,48,-12,-25,80.4,84.8,-4.4,,,,,,,,,,,,,,,,,,,,,,,,,,,,,,,,,,,
四国,高知県,161,144,17,11.8,141,74,67,90.5,31,28,3,10.7,87.6,51.4,36.2,,,,,,,,,,,,,,,,,,,,,,,,,,,,,,,,,,,
九州,計,2444,2302,142,6.2,1773,1691,82,4.8,370,362,8,2.2,72.5,73.5,-1,,,,,,,,,,,,,,,,,,,,,,,,,,,,,,,,,,,
九州,福岡県,991,1085,-94,-8.7,775,863,-88,-10.2,141,148,-7,-4.7,78.2,79.5,-1.3,,,,,,,,,,,,,,,,,,,,,,,,,,,,,,,,,,,
九州,佐賀県,106,186,-80,-43,46,161,-115,-71.4,14,22,-8,-36.4,43.4,86.6,-43.2,,,,,,,,,,,,,,,,,,,,,,,,,,,,,,,,,,,
九州,長崎県,134,95,39,41.1,89,58,31,53.4,18,17,1,5.9,66.4,61.1,5.3,,,,,,,,,,,,,,,,,,,,,,,,,,,,,,,,,,,
九州,熊本県,178,196,-18,-9.2,88,167,-79,-47.3,51,51,0,0,49.4,85.2,-35.8,,,,,,,,,,,,,,,,,,,,,,,,,,,,,,,,,,,
九州,大分県,161,142,19,13.4,131,106,25,23.6,29,28,1,3.6,81.4,74.6,6.8,,,,,,,,,,,,,,,,,,,,,,,,,,,,,,,,,,,
九州,宮崎県,187,132,55,41.7,147,62,85,137.1,21,18,3,16.7,78.6,47,31.6,,,,,,,,,,,,,,,,,,,,,,,,,,,,,,,,,,,
九州,鹿児島県,524,208,316,151.9,361,91,270,296.7,41,33,8,24.2,68.9,43.8,25.1,,,,,,,,,,,,,,,,,,,,,,,,,,,,,,,,,,,
九州,沖縄県,163,258,-95,-36.8,136,183,-47,-25.7,55,45,10,22.2,83.4,70.9,12.5,,,,,,,,,,,,,,,,,,,,,,,,,,,,,,,,,,,
,,,,,,,,,,,,,,,,,,,,,,,,,,,,,,,,,,,,,,,,,,,,,,,,,,,
,,,,,,,,,,,,,,,,,,,,,,,,,,,,,,,,,,,,,,,,,,,,,,,,,,,
,,,,,,,,,,,,,,,,,,,,,,,,,,,,,,,,,,,,,,,,,,,,,,,,,,,
,,,,,,,,,,,,,,,,,,,,,,,,,,,,,,,,,,,,,,,,,,,,,,,,,,,
第６表,,,重要犯罪・重要窃盗犯　都道府県別　認知・検挙件数・検挙人員　対前年比較　（自動車盗）,,,,,,,,,,,,暫定値,,,,,,,,,,,,,,,,,,,,,,,,,,,,,,,,,,,,
,,,,,,,,,,,,,,,２０２６年２月１日確定,,,,,,,,,,,,,,,,,,,,,,,,,,,,,,,,,,,,
,,,,,,,,,,,,,,,,,,,,,,,,,,,,,,,,,,,,,,,,,,,,,,,,,,,
,,認知件数,認知件数,認知件数,認知件数,検挙件数,検挙件数,検挙件数,検挙件数,検挙人員,検挙人員,検挙人員,検挙人員,検挙率,検挙率,検挙率,,,,,,,,,,,,,,,,,,,,,,,,,,,,,,,,,,,
,都道府県,"2025年
1～11月","2024年
1～11月",増減,増減率(％),"2025年
1～11月","2024年
1～11月",増減,増減率(％),"2025年
1～11月","2024年
1～11月",増減,増減率(％）,"2025年
1～11月","2024年
1～11月",増減ポイント,,,,,,,,,,,,,,,,,,,,,,,,,,,,,,,,,,,
総数,,6012,5574,438,7.9,2221,2584,-363,-14,709,566,143,25.3,36.9,46.4,-9.5,,,,,,,,,,,,,,,,,,,,,,,,,,,,,,,,,,,
北海道,計,72,90,-18,-20,61,76,-15,-19.7,30,24,6,25,84.7,84.4,0.3,,,,,,,,,,,,,,,,,,,,,,,,,,,,,,,,,,,
北海道,札幌方面,50,59,-9,-15.3,41,47,-6,-12.8,21,14,7,50,82,79.7,2.3,,,,,,,,,,,,,,,,,,,,,,,,,,,,,,,,,,,
北海道,函館方面,5,3,2,66.7,3,4,-1,-25,1,2,-1,-50,60,133.3,-73.3,,,,,,,,,,,,,,,,,,,,,,,,,,,,,,,,,,,
北海道,旭川方面,5,5,0,0,3,6,-3,-50,2,4,-2,-50,60,120,-60,,,,,,,,,,,,,,,,,,,,,,,,,,,,,,,,,,,
北海道,釧路方面,11,19,-8,-42.1,8,17,-9,-52.9,4,3,1,33.3,72.7,89.5,-16.8,,,,,,,,,,,,,,,,,,,,,,,,,,,,,,,,,,,
北海道,北見方面,1,4,-3,-75,6,2,4,200,2,1,1,100,600,50,550,,,,,,,,,,,,,,,,,,,,,,,,,,,,,,,,,,,
東北,計,124,167,-43,-25.7,115,68,47,69.1,37,36,1,2.8,92.7,40.7,52,,,,,,,,,,,,,,,,,,,,,,,,,,,,,,,,,,,
東北,青森県,13,16,-3,-18.8,7,18,-11,-61.1,6,11,-5,-45.5,53.8,112.5,-58.7,,,,,,,,,,,,,,,,,,,,,,,,,,,,,,,,,,,
東北,岩手県,9,14,-5,-35.7,9,9,0,0,8,5,3,60,100,64.3,35.7,,,,,,,,,,,,,,,,,,,,,,,,,,,,,,,,,,,
東北,宮城県,34,30,4,13.3,20,16,4,25,12,9,3,33.3,58.8,53.3,5.5,,,,,,,,,,,,,,,,,,,,,,,,,,,,,,,,,,,
東北,秋田県,3,5,-2,-40,3,2,1,50,3,2,1,50,100,40,60,,,,,,,,,,,,,,,,,,,,,,,,,,,,,,,,,,,
東北,山形県,10,3,7,233.3,11,4,7,175,5,4,1,25,110,133.3,-23.3,,,,,,,,,,,,,,,,,,,,,,,,,,,,,,,,,,,
東北,福島県,55,99,-44,-44.4,65,19,46,242.1,3,5,-2,-40,118.2,19.2,99,,,,,,,,,,,,,,,,,,,,,,,,,,,,,,,,,,,
東京都,,148,212,-64,-30.2,107,123,-16,-13,46,39,7,17.9,72.3,58,14.3,,,,,,,,,,,,,,,,,,,,,,,,,,,,,,,,,,,
関東,計,3275,3109,166,5.3,1048,1614,-566,-35.1,195,153,42,27.5,32,51.9,-19.9,,,,,,,,,,,,,,,,,,,,,,,,,,,,,,,,,,,
関東,茨城県,509,512,-3,-0.6,212,414,-202,-48.8,16,23,-7,-30.4,41.7,80.9,-39.2,,,,,,,,,,,,,,,,,,,,,,,,,,,,,,,,,,,
関東,栃木県,261,276,-15,-5.4,72,71,1,1.4,13,7,6,85.7,27.6,25.7,1.9,,,,,,,,,,,,,,,,,,,,,,,,,,,,,,,,,,,
関東,群馬県,309,251,58,23.1,32,17,15,88.2,10,7,3,42.9,10.4,6.8,3.6,,,,,,,,,,,,,,,,,,,,,,,,,,,,,,,,,,,
関東,埼玉県,710,738,-28,-3.8,168,520,-352,-67.7,58,28,30,107.1,23.7,70.5,-46.8,,,,,,,,,,,,,,,,,,,,,,,,,,,,,,,,,,,
関東,千葉県,501,670,-169,-25.2,256,328,-72,-22,36,34,2,5.9,51.1,49,2.1,,,,,,,,,,,,,,,,,,,,,,,,,,,,,,,,,,,
関東,神奈川県,631,466,165,35.4,202,182,20,11,20,13,7,53.8,32,39.1,-7.1,,,,,,,,,,,,,,,,,,,,,,,,,,,,,,,,,,,
関東,新潟県,23,30,-7,-23.3,20,19,1,5.3,10,9,1,11.1,87,63.3,23.7,,,,,,,,,,,,,,,,,,,,,,,,,,,,,,,,,,,
関東,山梨県,22,45,-23,-51.1,16,16,0,0,5,5,0,0,72.7,35.6,37.1,,,,,,,,,,,,,,,,,,,,,,,,,,,,,,,,,,,
関東,長野県,91,48,43,89.6,31,18,13,72.2,14,7,7,100,34.1,37.5,-3.4,,,,,,,,,,,,,,,,,,,,,,,,,,,,,,,,,,,
関東,静岡県,218,73,145,198.6,39,29,10,34.5,13,20,-7,-35,17.9,39.7,-21.8,,,,,,,,,,,,,,,,,,,,,,,,,,,,,,,,,,,
中部,計,1305,1017,288,28.3,277,285,-8,-2.8,95,86,9,10.5,21.2,28,-6.8,,,,,,,,,,,,,,,,,,,,,,,,,,,,,,,,,,,
中部,富山県,22,15,7,46.7,9,12,-3,-25,5,6,-1,-16.7,40.9,80,-39.1,,,,,,,,,,,,,,,,,,,,,,,,,,,,,,,,,,,
中部,石川県,26,10,16,160,9,9,0,0,5,2,3,150,34.6,90,-55.4,,,,,,,,,,,,,,,,,,,,,,,,,,,,,,,,,,,
中部,福井県,9,3,6,200,7,3,4,133.3,8,3,5,166.7,77.8,100,-22.2,,,,,,,,,,,,,,,,,,,,,,,,,,,,,,,,,,,
中部,岐阜県,162,114,48,42.1,25,62,-37,-59.7,9,17,-8,-47.1,15.4,54.4,-39,,,,,,,,,,,,,,,,,,,,,,,,,,,,,,,,,,,
中部,愛知県,1008,809,199,24.6,155,162,-7,-4.3,61,52,9,17.3,15.4,20,-4.6,,,,,,,,,,,,,,,,,,,,,,,,,,,,,,,,,,,
中部,三重県,78,66,12,18.2,72,37,35,94.6,7,6,1,16.7,92.3,56.1,36.2,,,,,,,,,,,,,,,,,,,,,,,,,,,,,,,,,,,
近畿,計,757,631,126,20,300,195,105,53.8,150,112,38,33.9,39.6,30.9,8.7,,,,,,,,,,,,,,,,,,,,,,,,,,,,,,,,,,,
近畿,滋賀県,56,48,8,16.7,14,16,-2,-12.5,20,13,7,53.8,25,33.3,-8.3,,,,,,,,,,,,,,,,,,,,,,,,,,,,,,,,,,,
近畿,京都府,54,43,11,25.6,17,13,4,30.8,5,13,-8,-61.5,31.5,30.2,1.3,,,,,,,,,,,,,,,,,,,,,,,,,,,,,,,,,,,
近畿,大阪府,499,364,135,37.1,144,93,51,54.8,83,48,35,72.9,28.9,25.5,3.4,,,,,,,,,,,,,,,,,,,,,,,,,,,,,,,,,,,
近畿,兵庫県,110,139,-29,-20.9,96,53,43,81.1,29,24,5,20.8,87.3,38.1,49.2,,,,,,,,,,,,,,,,,,,,,,,,,,,,,,,,,,,
近畿,奈良県,24,29,-5,-17.2,15,17,-2,-11.8,8,12,-4,-33.3,62.5,58.6,3.9,,,,,,,,,,,,,,,,,,,,,,,,,,,,,,,,,,,
近畿,和歌山県,14,8,6,75,14,3,11,366.7,5,2,3,150,100,37.5,62.5,,,,,,,,,,,,,,,,,,,,,,,,,,,,,,,,,,,
中国,計,91,90,1,1.1,83,68,15,22.1,33,33,0,0,91.2,75.6,15.6,,,,,,,,,,,,,,,,,,,,,,,,,,,,,,,,,,,
中国,鳥取県,5,6,-1,-16.7,4,3,1,33.3,1,3,-2,-66.7,80,50,30,,,,,,,,,,,,,,,,,,,,,,,,,,,,,,,,,,,
中国,島根県,4,3,1,33.3,3,4,-1,-25,2,3,-1,-33.3,75,133.3,-58.3,,,,,,,,,,,,,,,,,,,,,,,,,,,,,,,,,,,
中国,岡山県,56,46,10,21.7,56,20,36,180,11,8,3,37.5,100,43.5,56.5,,,,,,,,,,,,,,,,,,,,,,,,,,,,,,,,,,,
中国,広島県,21,18,3,16.7,10,27,-17,-63,8,5,3,60,47.6,150,-102.4,,,,,,,,,,,,,,,,,,,,,,,,,,,,,,,,,,,
中国,山口県,5,17,-12,-70.6,10,14,-4,-28.6,11,14,-3,-21.4,200,82.4,117.6,,,,,,,,,,,,,,,,,,,,,,,,,,,,,,,,,,,
四国,計,41,45,-4,-8.9,28,35,-7,-20,22,14,8,57.1,68.3,77.8,-9.5,,,,,,,,,,,,,,,,,,,,,,,,,,,,,,,,,,,
四国,徳島県,3,9,-6,-66.7,2,5,-3,-60,1,2,-1,-50,66.7,55.6,11.1,,,,,,,,,,,,,,,,,,,,,,,,,,,,,,,,,,,
四国,香川県,16,7,9,128.6,9,5,4,80,7,2,5,250,56.3,71.4,-15.1,,,,,,,,,,,,,,,,,,,,,,,,,,,,,,,,,,,
四国,愛媛県,16,18,-2,-11.1,13,16,-3,-18.8,9,7,2,28.6,81.3,88.9,-7.6,,,,,,,,,,,,,,,,,,,,,,,,,,,,,,,,,,,
四国,高知県,6,11,-5,-45.5,4,9,-5,-55.6,5,3,2,66.7,66.7,81.8,-15.1,,,,,,,,,,,,,,,,,,,,,,,,,,,,,,,,,,,
九州,計,199,213,-14,-6.6,202,120,82,68.3,101,69,32,46.4,101.5,56.3,45.2,,,,,,,,,,,,,,,,,,,,,,,,,,,,,,,,,,,
九州,福岡県,55,58,-3,-5.2,44,27,17,63,21,16,5,31.3,80,46.6,33.4,,,,,,,,,,,,,,,,,,,,,,,,,,,,,,,,,,,
九州,佐賀県,4,18,-14,-77.8,37,5,32,640,5,3,2,66.7,925,27.8,897.2,,,,,,,,,,,,,,,,,,,,,,,,,,,,,,,,,,,
九州,長崎県,6,8,-2,-25,7,1,6,600,2,0,2,0,116.7,12.5,104.2,,,,,,,,,,,,,,,,,,,,,,,,,,,,,,,,,,,
九州,熊本県,16,20,-4,-20,10,11,-1,-9.1,10,9,1,11.1,62.5,55,7.5,,,,,,,,,,,,,,,,,,,,,,,,,,,,,,,,,,,
九州,大分県,10,10,0,0,12,11,1,9.1,6,9,-3,-33.3,120,110,10,,,,,,,,,,,,,,,,,,,,,,,,,,,,,,,,,,,
九州,宮崎県,10,9,1,11.1,8,7,1,14.3,6,4,2,50,80,77.8,2.2,,,,,,,,,,,,,,,,,,,,,,,,,,,,,,,,,,,
九州,鹿児島県,43,35,8,22.9,26,26,0,0,13,12,1,8.3,60.5,74.3,-13.8,,,,,,,,,,,,,,,,,,,,,,,,,,,,,,,,,,,
九州,沖縄県,55,55,0,0,58,32,26,81.3,38,16,22,137.5,105.5,58.2,47.3,,,,,,,,,,,,,,,,,,,,,,,,,,,,,,,,,,,
,,,,,,,,,,,,,,,,,,,,,,,,,,,,,,,,,,,,,,,,,,,,,,,,,,,
,,,,,,,,,,,,,,,,,,,,,,,,,,,,,,,,,,,,,,,,,,,,,,,,,,,
,,,,,,,,,,,,,,,,,,,,,,,,,,,,,,,,,,,,,,,,,,,,,,,,,,,
,,,,,,,,,,,,,,,,,,,,,,,,,,,,,,,,,,,,,,,,,,,,,,,,,,,
第６表,,,重要犯罪・重要窃盗犯　都道府県別　認知・検挙件数・検挙人員　対前年比較　（ひったくり）,,,,,,,,,,,,暫定値,,,,,,,,,,,,,,,,,,,,,,,,,,,,,,,,,,,,
,,,,,,,,,,,,,,,２０２６年２月１日確定,,,,,,,,,,,,,,,,,,,,,,,,,,,,,,,,,,,,
,,,,,,,,,,,,,,,,,,,,,,,,,,,,,,,,,,,,,,,,,,,,,,,,,,,
,,認知件数,認知件数,認知件数,認知件数,検挙件数,検挙件数,検挙件数,検挙件数,検挙人員,検挙人員,検挙人員,検挙人員,検挙率,検挙率,検挙率,,,,,,,,,,,,,,,,,,,,,,,,,,,,,,,,,,,
,都道府県,"2025年
1～11月","2024年
1～11月",増減,増減率(％),"2025年
1～11月","2024年
1～11月",増減,増減率(％),"2025年
1～11月","2024年
1～11月",増減,増減率(％）,"2025年
1～11月","2024年
1～11月",増減ポイント,,,,,,,,,,,,,,,,,,,,,,,,,,,,,,,,,,,
総数,,439,523,-84,-16.1,340,421,-81,-19.2,202,232,-30,-12.9,77.4,80.5,-3.1,,,,,,,,,,,,,,,,,,,,,,,,,,,,,,,,,,,
北海道,計,11,7,4,57.1,8,7,1,14.3,2,5,-3,-60,72.7,100,-27.3,,,,,,,,,,,,,,,,,,,,,,,,,,,,,,,,,,,
北海道,札幌方面,11,4,7,175,8,4,4,100,2,3,-1,-33.3,72.7,100,-27.3,,,,,,,,,,,,,,,,,,,,,,,,,,,,,,,,,,,
北海道,函館方面,0,1,-1,-100,0,1,-1,-100,0,0,0,0,0,100,-100,,,,,,,,,,,,,,,,,,,,,,,,,,,,,,,,,,,
北海道,旭川方面,0,1,-1,-100,0,1,-1,-100,0,1,-1,-100,0,100,-100,,,,,,,,,,,,,,,,,,,,,,,,,,,,,,,,,,,
北海道,釧路方面,0,1,-1,-100,0,1,-1,-100,0,1,-1,-100,0,100,-100,,,,,,,,,,,,,,,,,,,,,,,,,,,,,,,,,,,
北海道,北見方面,0,0,0,0,0,0,0,0,0,0,0,0,0,0,0,,,,,,,,,,,,,,,,,,,,,,,,,,,,,,,,,,,
東北,計,8,8,0,0,4,5,-1,-20,2,6,-4,-66.7,50,62.5,-12.5,,,,,,,,,,,,,,,,,,,,,,,,,,,,,,,,,,,
東北,青森県,2,1,1,100,1,1,0,0,0,1,-1,-100,50,100,-50,,,,,,,,,,,,,,,,,,,,,,,,,,,,,,,,,,,
東北,岩手県,2,0,2,0,0,0,0,0,0,0,0,0,0,0,0,,,,,,,,,,,,,,,,,,,,,,,,,,,,,,,,,,,
東北,宮城県,3,5,-2,-40,1,4,-3,-75,0,5,-5,-100,33.3,80,-46.7,,,,,,,,,,,,,,,,,,,,,,,,,,,,,,,,,,,
東北,秋田県,0,1,-1,-100,0,0,0,0,0,0,0,0,0,0,0,,,,,,,,,,,,,,,,,,,,,,,,,,,,,,,,,,,
東北,山形県,1,0,1,0,1,0,1,0,0,0,0,0,100,0,100,,,,,,,,,,,,,,,,,,,,,,,,,,,,,,,,,,,
東北,福島県,0,1,-1,-100,1,0,1,0,2,0,2,0,0,0,0,,,,,,,,,,,,,,,,,,,,,,,,,,,,,,,,,,,
東京都,,77,91,-14,-15.4,70,74,-4,-5.4,37,61,-24,-39.3,90.9,81.3,9.6,,,,,,,,,,,,,,,,,,,,,,,,,,,,,,,,,,,
関東,計,132,146,-14,-9.6,71,127,-56,-44.1,46,51,-5,-9.8,53.8,87,-33.2,,,,,,,,,,,,,,,,,,,,,,,,,,,,,,,,,,,
関東,茨城県,13,6,7,116.7,5,2,3,150,2,1,1,100,38.5,33.3,5.2,,,,,,,,,,,,,,,,,,,,,,,,,,,,,,,,,,,
関東,栃木県,5,2,3,150,0,1,-1,-100,0,1,-1,-100,0,50,-50,,,,,,,,,,,,,,,,,,,,,,,,,,,,,,,,,,,
関東,群馬県,4,4,0,0,1,3,-2,-66.7,1,3,-2,-66.7,25,75,-50,,,,,,,,,,,,,,,,,,,,,,,,,,,,,,,,,,,
関東,埼玉県,45,48,-3,-6.3,36,36,0,0,23,24,-1,-4.2,80,75,5,,,,,,,,,,,,,,,,,,,,,,,,,,,,,,,,,,,
関東,千葉県,25,47,-22,-46.8,10,43,-33,-76.7,7,8,-1,-12.5,40,91.5,-51.5,,,,,,,,,,,,,,,,,,,,,,,,,,,,,,,,,,,
関東,神奈川県,32,28,4,14.3,13,34,-21,-61.8,8,9,-1,-11.1,40.6,121.4,-80.8,,,,,,,,,,,,,,,,,,,,,,,,,,,,,,,,,,,
関東,新潟県,1,3,-2,-66.7,0,1,-1,-100,0,1,-1,-100,0,33.3,-33.3,,,,,,,,,,,,,,,,,,,,,,,,,,,,,,,,,,,
関東,山梨県,1,0,1,0,0,0,0,0,0,0,0,0,0,0,0,,,,,,,,,,,,,,,,,,,,,,,,,,,,,,,,,,,
関東,長野県,2,1,1,100,1,0,1,0,1,0,1,0,50,0,50,,,,,,,,,,,,,,,,,,,,,,,,,,,,,,,,,,,
関東,静岡県,4,7,-3,-42.9,5,7,-2,-28.6,4,4,0,0,125,100,25,,,,,,,,,,,,,,,,,,,,,,,,,,,,,,,,,,,
中部,計,31,46,-15,-32.6,23,26,-3,-11.5,6,10,-4,-40,74.2,56.5,17.7,,,,,,,,,,,,,,,,,,,,,,,,,,,,,,,,,,,
中部,富山県,2,0,2,0,1,0,1,0,0,0,0,0,50,0,50,,,,,,,,,,,,,,,,,,,,,,,,,,,,,,,,,,,
中部,石川県,0,1,-1,-100,0,3,-3,-100,0,1,-1,-100,0,300,-300,,,,,,,,,,,,,,,,,,,,,,,,,,,,,,,,,,,
中部,福井県,0,1,-1,-100,0,1,-1,-100,0,0,0,0,0,100,-100,,,,,,,,,,,,,,,,,,,,,,,,,,,,,,,,,,,
中部,岐阜県,2,6,-4,-66.7,4,3,1,33.3,1,2,-1,-50,200,50,150,,,,,,,,,,,,,,,,,,,,,,,,,,,,,,,,,,,
中部,愛知県,25,37,-12,-32.4,17,17,0,0,5,6,-1,-16.7,68,45.9,22.1,,,,,,,,,,,,,,,,,,,,,,,,,,,,,,,,,,,
中部,三重県,2,1,1,100,1,2,-1,-50,0,1,-1,-100,50,200,-150,,,,,,,,,,,,,,,,,,,,,,,,,,,,,,,,,,,
近畿,計,111,177,-66,-37.3,122,144,-22,-15.3,85,72,13,18.1,109.9,81.4,28.5,,,,,,,,,,,,,,,,,,,,,,,,,,,,,,,,,,,
近畿,滋賀県,1,4,-3,-75,0,2,-2,-100,0,0,0,0,0,50,-50,,,,,,,,,,,,,,,,,,,,,,,,,,,,,,,,,,,
近畿,京都府,8,9,-1,-11.1,7,11,-4,-36.4,5,6,-1,-16.7,87.5,122.2,-34.7,,,,,,,,,,,,,,,,,,,,,,,,,,,,,,,,,,,
近畿,大阪府,81,135,-54,-40,91,100,-9,-9,53,51,2,3.9,112.3,74.1,38.2,,,,,,,,,,,,,,,,,,,,,,,,,,,,,,,,,,,
近畿,兵庫県,15,20,-5,-25,18,24,-6,-25,20,11,9,81.8,120,120,0,,,,,,,,,,,,,,,,,,,,,,,,,,,,,,,,,,,
近畿,奈良県,4,4,0,0,4,3,1,33.3,5,3,2,66.7,100,75,25,,,,,,,,,,,,,,,,,,,,,,,,,,,,,,,,,,,
近畿,和歌山県,2,5,-3,-60,2,4,-2,-50,2,1,1,100,100,80,20,,,,,,,,,,,,,,,,,,,,,,,,,,,,,,,,,,,
中国,計,21,6,15,250,20,5,15,300,9,3,6,200,95.2,83.3,11.9,,,,,,,,,,,,,,,,,,,,,,,,,,,,,,,,,,,
中国,鳥取県,0,0,0,0,0,0,0,0,0,0,0,0,0,0,0,,,,,,,,,,,,,,,,,,,,,,,,,,,,,,,,,,,
中国,島根県,1,0,1,0,1,0,1,0,1,0,1,0,100,0,100,,,,,,,,,,,,,,,,,,,,,,,,,,,,,,,,,,,
中国,岡山県,13,1,12,1200,12,0,12,0,5,0,5,0,92.3,0,92.3,,,,,,,,,,,,,,,,,,,,,,,,,,,,,,,,,,,
中国,広島県,7,3,4,133.3,7,3,4,133.3,3,1,2,200,100,100,0,,,,,,,,,,,,,,,,,,,,,,,,,,,,,,,,,,,
中国,山口県,0,2,-2,-100,0,2,-2,-100,0,2,-2,-100,0,100,-100,,,,,,,,,,,,,,,,,,,,,,,,,,,,,,,,,,,
四国,計,0,3,-3,-100,0,2,-2,-100,0,2,-2,-100,0,66.7,-66.7,,,,,,,,,,,,,,,,,,,,,,,,,,,,,,,,,,,
四国,徳島県,0,0,0,0,0,0,0,0,0,0,0,0,0,0,0,,,,,,,,,,,,,,,,,,,,,,,,,,,,,,,,,,,
四国,香川県,0,3,-3,-100,0,2,-2,-100,0,2,-2,-100,0,66.7,-66.7,,,,,,,,,,,,,,,,,,,,,,,,,,,,,,,,,,,
四国,愛媛県,0,0,0,0,0,0,0,0,0,0,0,0,0,0,0,,,,,,,,,,,,,,,,,,,,,,,,,,,,,,,,,,,
四国,高知県,0,0,0,0,0,0,0,0,0,0,0,0,0,0,0,,,,,,,,,,,,,,,,,,,,,,,,,,,,,,,,,,,
九州,計,48,39,9,23.1,22,31,-9,-29,15,22,-7,-31.8,45.8,79.5,-33.7,,,,,,,,,,,,,,,,,,,,,,,,,,,,,,,,,,,
九州,福岡県,23,23,0,0,10,14,-4,-28.6,4,7,-3,-42.9,43.5,60.9,-17.4,,,,,,,,,,,,,,,,,,,,,,,,,,,,,,,,,,,
九州,佐賀県,1,2,-1,-50,1,1,0,0,2,0,2,0,100,50,50,,,,,,,,,,,,,,,,,,,,,,,,,,,,,,,,,,,
九州,長崎県,0,0,0,0,0,1,-1,-100,0,0,0,0,0,0,0,,,,,,,,,,,,,,,,,,,,,,,,,,,,,,,,,,,
九州,熊本県,5,3,2,66.7,3,2,1,50,3,2,1,50,60,66.7,-6.7,,,,,,,,,,,,,,,,,,,,,,,,,,,,,,,,,,,
九州,大分県,3,2,1,50,2,2,0,0,1,3,-2,-66.7,66.7,100,-33.3,,,,,,,,,,,,,,,,,,,,,,,,,,,,,,,,,,,
九州,宮崎県,0,0,0,0,0,1,-1,-100,0,2,-2,-100,0,0,0,,,,,,,,,,,,,,,,,,,,,,,,,,,,,,,,,,,
九州,鹿児島県,3,2,1,50,1,1,0,0,0,1,-1,-100,33.3,50,-16.7,,,,,,,,,,,,,,,,,,,,,,,,,,,,,,,,,,,
九州,沖縄県,13,7,6,85.7,5,9,-4,-44.4,5,7,-2,-28.6,38.5,128.6,-90.1,,,,,,,,,,,,,,,,,,,,,,,,,,,,,,,,,,,
,,,,,,,,,,,,,,,,,,,,,,,,,,,,,,,,,,,,,,,,,,,,,,,,,,,
,,,,,,,,,,,,,,,,,,,,,,,,,,,,,,,,,,,,,,,,,,,,,,,,,,,
,,,,,,,,,,,,,,,,,,,,,,,,,,,,,,,,,,,,,,,,,,,,,,,,,,,
,,,,,,,,,,,,,,,,,,,,,,,,,,,,,,,,,,,,,,,,,,,,,,,,,,,
第６表,,,重要犯罪・重要窃盗犯　都道府県別　認知・検挙件数・検挙人員　対前年比較　（すり）,,,,,,,,,,,,暫定値,,,,,,,,,,,,,,,,,,,,,,,,,,,,,,,,,,,,
,,,,,,,,,,,,,,,２０２６年２月１日確定,,,,,,,,,,,,,,,,,,,,,,,,,,,,,,,,,,,,
,,,,,,,,,,,,,,,,,,,,,,,,,,,,,,,,,,,,,,,,,,,,,,,,,,,
,,認知件数,認知件数,認知件数,認知件数,検挙件数,検挙件数,検挙件数,検挙件数,検挙人員,検挙人員,検挙人員,検挙人員,検挙率,検挙率,検挙率,,,,,,,,,,,,,,,,,,,,,,,,,,,,,,,,,,,
,都道府県,"2025年
1～11月","2024年
1～11月",増減,増減率(％),"2025年
1～11月","2024年
1～11月",増減,増減率(％),"2025年
1～11月","2024年
1～11月",増減,増減率(％）,"2025年
1～11月","2024年
1～11月",増減ポイント,,,,,,,,,,,,,,,,,,,,,,,,,,,,,,,,,,,
総数,,1432,1302,130,10,517,450,67,14.9,300,344,-44,-12.8,36.1,34.6,1.5,,,,,,,,,,,,,,,,,,,,,,,,,,,,,,,,,,,
北海道,計,16,12,4,33.3,17,8,9,112.5,11,7,4,57.1,106.3,66.7,39.6,,,,,,,,,,,,,,,,,,,,,,,,,,,,,,,,,,,
北海道,札幌方面,16,12,4,33.3,17,8,9,112.5,11,7,4,57.1,106.3,66.7,39.6,,,,,,,,,,,,,,,,,,,,,,,,,,,,,,,,,,,
北海道,函館方面,0,0,0,0,0,0,0,0,0,0,0,0,0,0,0,,,,,,,,,,,,,,,,,,,,,,,,,,,,,,,,,,,
北海道,旭川方面,0,0,0,0,0,0,0,0,0,0,0,0,0,0,0,,,,,,,,,,,,,,,,,,,,,,,,,,,,,,,,,,,
北海道,釧路方面,0,0,0,0,0,0,0,0,0,0,0,0,0,0,0,,,,,,,,,,,,,,,,,,,,,,,,,,,,,,,,,,,
北海道,北見方面,0,0,0,0,0,0,0,0,0,0,0,0,0,0,0,,,,,,,,,,,,,,,,,,,,,,,,,,,,,,,,,,,
東北,計,14,15,-1,-6.7,7,9,-2,-22.2,8,6,2,33.3,50,60,-10,,,,,,,,,,,,,,,,,,,,,,,,,,,,,,,,,,,
東北,青森県,2,1,1,100,2,1,1,100,3,1,2,200,100,100,0,,,,,,,,,,,,,,,,,,,,,,,,,,,,,,,,,,,
東北,岩手県,2,0,2,0,1,0,1,0,2,0,2,0,50,0,50,,,,,,,,,,,,,,,,,,,,,,,,,,,,,,,,,,,
東北,宮城県,6,5,1,20,2,2,0,0,2,1,1,100,33.3,40,-6.7,,,,,,,,,,,,,,,,,,,,,,,,,,,,,,,,,,,
東北,秋田県,0,1,-1,-100,0,1,-1,-100,0,1,-1,-100,0,100,-100,,,,,,,,,,,,,,,,,,,,,,,,,,,,,,,,,,,
東北,山形県,0,2,-2,-100,0,2,-2,-100,0,0,0,0,0,100,-100,,,,,,,,,,,,,,,,,,,,,,,,,,,,,,,,,,,
東北,福島県,4,6,-2,-33.3,2,3,-1,-33.3,1,3,-2,-66.7,50,50,0,,,,,,,,,,,,,,,,,,,,,,,,,,,,,,,,,,,
東京都,,701,529,172,32.5,123,112,11,9.8,71,74,-3,-4.1,17.5,21.2,-3.7,,,,,,,,,,,,,,,,,,,,,,,,,,,,,,,,,,,
関東,計,224,179,45,25.1,195,115,80,69.6,68,84,-16,-19,87.1,64.2,22.9,,,,,,,,,,,,,,,,,,,,,,,,,,,,,,,,,,,
関東,茨城県,4,4,0,0,12,4,8,200,3,1,2,200,300,100,200,,,,,,,,,,,,,,,,,,,,,,,,,,,,,,,,,,,
関東,栃木県,7,0,7,0,1,0,1,0,2,0,2,0,14.3,0,14.3,,,,,,,,,,,,,,,,,,,,,,,,,,,,,,,,,,,
関東,群馬県,3,12,-9,-75,7,2,5,250,5,2,3,150,233.3,16.7,216.6,,,,,,,,,,,,,,,,,,,,,,,,,,,,,,,,,,,
関東,埼玉県,65,50,15,30,61,37,24,64.9,21,28,-7,-25,93.8,74,19.8,,,,,,,,,,,,,,,,,,,,,,,,,,,,,,,,,,,
関東,千葉県,34,35,-1,-2.9,13,22,-9,-40.9,8,18,-10,-55.6,38.2,62.9,-24.7,,,,,,,,,,,,,,,,,,,,,,,,,,,,,,,,,,,
関東,神奈川県,101,53,48,90.6,87,33,54,163.6,18,23,-5,-21.7,86.1,62.3,23.8,,,,,,,,,,,,,,,,,,,,,,,,,,,,,,,,,,,
関東,新潟県,4,5,-1,-20,8,3,5,166.7,4,3,1,33.3,200,60,140,,,,,,,,,,,,,,,,,,,,,,,,,,,,,,,,,,,
関東,山梨県,0,1,-1,-100,0,0,0,0,0,0,0,0,0,0,0,,,,,,,,,,,,,,,,,,,,,,,,,,,,,,,,,,,
関東,長野県,0,2,-2,-100,2,1,1,100,2,1,1,100,0,50,-50,,,,,,,,,,,,,,,,,,,,,,,,,,,,,,,,,,,
関東,静岡県,6,17,-11,-64.7,4,13,-9,-69.2,5,8,-3,-37.5,66.7,76.5,-9.8,,,,,,,,,,,,,,,,,,,,,,,,,,,,,,,,,,,
中部,計,87,107,-20,-18.7,35,42,-7,-16.7,27,35,-8,-22.9,40.2,39.3,0.9,,,,,,,,,,,,,,,,,,,,,,,,,,,,,,,,,,,
中部,富山県,9,8,1,12.5,6,4,2,50,5,6,-1,-16.7,66.7,50,16.7,,,,,,,,,,,,,,,,,,,,,,,,,,,,,,,,,,,
中部,石川県,4,28,-24,-85.7,7,26,-19,-73.1,6,15,-9,-60,175,92.9,82.1,,,,,,,,,,,,,,,,,,,,,,,,,,,,,,,,,,,
中部,福井県,4,3,1,33.3,5,2,3,150,4,3,1,33.3,125,66.7,58.3,,,,,,,,,,,,,,,,,,,,,,,,,,,,,,,,,,,
中部,岐阜県,17,8,9,112.5,7,2,5,250,4,2,2,100,41.2,25,16.2,,,,,,,,,,,,,,,,,,,,,,,,,,,,,,,,,,,
中部,愛知県,53,57,-4,-7,10,7,3,42.9,8,9,-1,-11.1,18.9,12.3,6.6,,,,,,,,,,,,,,,,,,,,,,,,,,,,,,,,,,,
中部,三重県,0,3,-3,-100,0,1,-1,-100,0,0,0,0,0,33.3,-33.3,,,,,,,,,,,,,,,,,,,,,,,,,,,,,,,,,,,
近畿,計,288,325,-37,-11.4,72,80,-8,-10,58,73,-15,-20.5,25,24.6,0.4,,,,,,,,,,,,,,,,,,,,,,,,,,,,,,,,,,,
近畿,滋賀県,5,6,-1,-16.7,4,3,1,33.3,4,4,0,0,80,50,30,,,,,,,,,,,,,,,,,,,,,,,,,,,,,,,,,,,
近畿,京都府,20,16,4,25,5,16,-11,-68.8,5,13,-8,-61.5,25,100,-75,,,,,,,,,,,,,,,,,,,,,,,,,,,,,,,,,,,
近畿,大阪府,228,269,-41,-15.2,39,34,5,14.7,33,32,1,3.1,17.1,12.6,4.5,,,,,,,,,,,,,,,,,,,,,,,,,,,,,,,,,,,
近畿,兵庫県,30,26,4,15.4,16,19,-3,-15.8,10,17,-7,-41.2,53.3,73.1,-19.8,,,,,,,,,,,,,,,,,,,,,,,,,,,,,,,,,,,
近畿,奈良県,4,4,0,0,6,3,3,100,4,3,1,33.3,150,75,75,,,,,,,,,,,,,,,,,,,,,,,,,,,,,,,,,,,
近畿,和歌山県,1,4,-3,-75,2,5,-3,-60,2,4,-2,-50,200,125,75,,,,,,,,,,,,,,,,,,,,,,,,,,,,,,,,,,,
中国,計,13,25,-12,-48,16,16,0,0,15,13,2,15.4,123.1,64,59.1,,,,,,,,,,,,,,,,,,,,,,,,,,,,,,,,,,,
中国,鳥取県,1,0,1,0,0,0,0,0,0,0,0,0,0,0,0,,,,,,,,,,,,,,,,,,,,,,,,,,,,,,,,,,,
中国,島根県,1,0,1,0,1,1,0,0,1,1,0,0,100,0,100,,,,,,,,,,,,,,,,,,,,,,,,,,,,,,,,,,,
中国,岡山県,5,1,4,400,7,1,6,600,6,1,5,500,140,100,40,,,,,,,,,,,,,,,,,,,,,,,,,,,,,,,,,,,
中国,広島県,5,19,-14,-73.7,8,9,-1,-11.1,8,7,1,14.3,160,47.4,112.6,,,,,,,,,,,,,,,,,,,,,,,,,,,,,,,,,,,
中国,山口県,1,5,-4,-80,0,5,-5,-100,0,4,-4,-100,0,100,-100,,,,,,,,,,,,,,,,,,,,,,,,,,,,,,,,,,,
四国,計,8,16,-8,-50,7,14,-7,-50,9,12,-3,-25,87.5,87.5,0,,,,,,,,,,,,,,,,,,,,,,,,,,,,,,,,,,,
四国,徳島県,2,0,2,0,0,0,0,0,0,0,0,0,0,0,0,,,,,,,,,,,,,,,,,,,,,,,,,,,,,,,,,,,
四国,香川県,1,2,-1,-50,1,2,-1,-50,2,3,-1,-33.3,100,100,0,,,,,,,,,,,,,,,,,,,,,,,,,,,,,,,,,,,
四国,愛媛県,1,5,-4,-80,2,3,-1,-33.3,3,2,1,50,200,60,140,,,,,,,,,,,,,,,,,,,,,,,,,,,,,,,,,,,
四国,高知県,4,9,-5,-55.6,4,9,-5,-55.6,4,7,-3,-42.9,100,100,0,,,,,,,,,,,,,,,,,,,,,,,,,,,,,,,,,,,
九州,計,81,94,-13,-13.8,45,54,-9,-16.7,33,40,-7,-17.5,55.6,57.4,-1.8,,,,,,,,,,,,,,,,,,,,,,,,,,,,,,,,,,,
九州,福岡県,60,55,5,9.1,21,24,-3,-12.5,13,14,-1,-7.1,35,43.6,-8.6,,,,,,,,,,,,,,,,,,,,,,,,,,,,,,,,,,,
九州,佐賀県,0,1,-1,-100,0,1,-1,-100,0,0,0,0,0,100,-100,,,,,,,,,,,,,,,,,,,,,,,,,,,,,,,,,,,
九州,長崎県,2,0,2,0,1,1,0,0,0,0,0,0,50,0,50,,,,,,,,,,,,,,,,,,,,,,,,,,,,,,,,,,,
九州,熊本県,5,10,-5,-50,4,9,-5,-55.6,3,7,-4,-57.1,80,90,-10,,,,,,,,,,,,,,,,,,,,,,,,,,,,,,,,,,,
九州,大分県,4,2,2,100,7,3,4,133.3,6,5,1,20,175,150,25,,,,,,,,,,,,,,,,,,,,,,,,,,,,,,,,,,,
九州,宮崎県,1,0,1,0,1,0,1,0,1,0,1,0,100,0,100,,,,,,,,,,,,,,,,,,,,,,,,,,,,,,,,,,,
九州,鹿児島県,5,8,-3,-37.5,5,4,1,25,5,3,2,66.7,100,50,50,,,,,,,,,,,,,,,,,,,,,,,,,,,,,,,,,,,
九州,沖縄県,4,18,-14,-77.8,6,12,-6,-50,5,11,-6,-54.5,150,66.7,83.3,,,,,,,,,,,,,,,,,,,,,,,,,,,,,,,,,,,
,,,,,,,,,,,,,,,,,,,,,,,,,,,,,,,,,,,,,,,,,,,,,,,,,,,
,,,,,,,,,,,,,,,,,,,,,,,,,,,,,,,,,,,,,,,,,,,,,,,,,,,
,,,,,,,,,,,,,,,,,,,,,,,,,,,,,,,,,,,,,,,,,,,,,,,,,,,
,,,,,,,,,,,,,,,,,,,,,,,,,,,,,,,,,,,,,,,,,,,,,,,,,,,
第７表,,重要犯罪及び詐欺　被害者の年齢・性別　認知件数,,,,,,,,,,,,,,,,,,,,,,暫定値,,,,,,,,,,,,,,,,,,,,,,,,,,,
,,,,,,,,,,,,,,,,,,,,,,,,２０２６年２月１日確定,,,,,,,,,,,,,,,,,,,,,,,,,,,
,,,,,,,,,,,,,,,,,,,,,,,,,,,,,,,,,,,,,,,,,,,,,,,,,,,
,,認知件数,認知件数,認知件数,認知件数,認知件数,認知件数,認知件数,認知件数,認知件数,認知件数,認知件数,認知件数,認知件数,認知件数,認知件数,認知件数,認知件数,認知件数,認知件数,認知件数,認知件数,認知件数,認知件数,認知件数,,,,,,,,,,,,,,,,,,,,,,,,,,
,,重要犯罪,重要犯罪,重要犯罪,殺人,殺人,殺人,強盗,強盗,強盗,放火,放火,放火,不同意性交等,不同意性交等,不同意性交等,"略取誘拐・
人身売買","略取誘拐・
人身売買","略取誘拐・
人身売買",不同意わいせつ,不同意わいせつ,不同意わいせつ,詐欺,詐欺,詐欺,,,,,,,,,,,,,,,,,,,,,,,,,,
性別,年齢別,"2025年
1～11月","2024年
1～11月",増減,"2025年
1～11月","2024年
1～11月",増減,"2025年
1～11月","2024年
1～11月",増減,"2025年
1～11月","2024年
1～11月",増減,"2025年
1～11月","2024年
1～11月",増減,"2025年
1～11月","2024年
1～11月",増減,"2025年
1～11月","2024年
1～11月",増減,"2025年
1～11月","2024年
1～11月",増減,,,,,,,,,,,,,,,,,,,,,,,,,,
総数,計,13805,13468,337,919,897,22,1320,1257,63,630,679,-49,3819,3609,210,553,545,8,6564,6481,83,64872,51710,13162,,,,,,,,,,,,,,,,,,,,,,,,,,
総数,０～１２歳,1361,1507,-146,53,56,-3,4,5,-1,1,2,-1,297,327,-30,169,201,-32,837,916,-79,5,7,-2,,,,,,,,,,,,,,,,,,,,,,,,,,
総数,１３～１９歳,4247,3877,370,48,61,-13,172,122,50,1,4,-3,1565,1445,120,329,281,48,2132,1964,168,942,824,118,,,,,,,,,,,,,,,,,,,,,,,,,,
総数,２０～２９歳,3830,3875,-45,164,147,17,290,261,29,23,16,7,1217,1181,36,40,41,-1,2096,2229,-133,7618,5351,2267,,,,,,,,,,,,,,,,,,,,,,,,,,
総数,３０～３９歳,1533,1396,137,113,113,0,193,183,10,32,30,2,419,374,45,5,11,-6,771,685,86,7477,4772,2705,,,,,,,,,,,,,,,,,,,,,,,,,,
総数,４０～４９歳,959,945,14,106,105,1,165,178,-13,61,61,0,200,189,11,3,4,-1,424,408,16,8104,5957,2147,,,,,,,,,,,,,,,,,,,,,,,,,,
総数,５０～５９歳,679,671,8,131,121,10,167,190,-23,78,110,-32,84,73,11,2,4,-2,217,173,44,9510,7002,2508,,,,,,,,,,,,,,,,,,,,,,,,,,
総数,６０～６４歳,232,215,17,51,52,-1,87,63,24,42,50,-8,10,6,4,0,2,-2,42,42,0,4773,3860,913,,,,,,,,,,,,,,,,,,,,,,,,,,
総数,６５～６９歳,165,151,14,46,40,6,55,45,10,39,43,-4,7,3,4,0,0,0,18,20,-2,4400,3754,646,,,,,,,,,,,,,,,,,,,,,,,,,,
総数,７０～７９歳,337,329,8,114,102,12,86,83,3,101,111,-10,11,6,5,4,1,3,21,26,-5,6875,6101,774,,,,,,,,,,,,,,,,,,,,,,,,,,
総数,８０歳以上,187,202,-15,83,90,-7,32,39,-7,56,50,6,9,5,4,1,0,1,6,18,-12,5641,5433,208,,,,,,,,,,,,,,,,,,,,,,,,,,
総数,年齢不詳,0,1,-1,0,1,-1,0,0,0,0,0,0,0,0,0,0,0,0,0,0,0,0,0,0,,,,,,,,,,,,,,,,,,,,,,,,,,
総数,法人・団体、被害者なし,275,299,-24,10,9,1,69,88,-19,196,202,-6,0,0,0,0,0,0,0,0,0,9527,8649,878,,,,,,,,,,,,,,,,,,,,,,,,,,
うち)男,計,2245,2247,-2,506,508,-2,864,821,43,269,328,-59,139,144,-5,119,116,3,348,330,18,29127,21772,7355,,,,,,,,,,,,,,,,,,,,,,,,,,
うち)男,０～１２歳,223,262,-39,24,27,-3,2,0,2,1,1,0,27,48,-21,56,72,-16,113,114,-1,2,6,-4,,,,,,,,,,,,,,,,,,,,,,,,,,
うち)男,１３～１９歳,404,307,97,22,28,-6,140,93,47,0,2,-2,67,57,10,38,18,20,137,109,28,400,318,82,,,,,,,,,,,,,,,,,,,,,,,,,,
うち)男,２０～２９歳,383,386,-3,92,94,-2,187,172,15,9,6,3,33,29,4,19,16,3,43,69,-26,3540,2365,1175,,,,,,,,,,,,,,,,,,,,,,,,,,
うち)男,３０～３９歳,263,256,7,64,75,-11,141,140,1,19,14,5,8,5,3,2,2,0,29,20,9,4119,2647,1472,,,,,,,,,,,,,,,,,,,,,,,,,,
うち)男,４０～４９歳,245,276,-31,68,74,-6,114,137,-23,48,48,0,3,4,-1,0,2,-2,12,11,1,4674,3570,1104,,,,,,,,,,,,,,,,,,,,,,,,,,
うち)男,５０～５９歳,259,312,-53,84,78,6,115,144,-29,49,80,-31,1,1,0,1,4,-3,9,5,4,5622,4195,1427,,,,,,,,,,,,,,,,,,,,,,,,,,
うち)男,６０～６４歳,125,115,10,30,31,-1,64,43,21,28,37,-9,0,0,0,0,2,-2,3,2,1,2952,2221,731,,,,,,,,,,,,,,,,,,,,,,,,,,
うち)男,６５～６９歳,90,82,8,23,19,4,35,28,7,30,35,-5,0,0,0,0,0,0,2,0,2,2590,2067,523,,,,,,,,,,,,,,,,,,,,,,,,,,
うち)男,７０～７９歳,181,175,6,66,54,12,54,47,7,58,74,-16,0,0,0,3,0,3,0,0,0,3452,2883,569,,,,,,,,,,,,,,,,,,,,,,,,,,
うち)男,８０歳以上,72,76,-4,33,28,5,12,17,-5,27,31,-4,0,0,0,0,0,0,0,0,0,1776,1500,276,,,,,,,,,,,,,,,,,,,,,,,,,,
うち)女,計,11285,10921,364,403,379,24,387,348,39,165,149,16,3680,3465,215,434,429,5,6216,6151,65,26218,21289,4929,,,,,,,,,,,,,,,,,,,,,,,,,,
うち)女,０～１２歳,1138,1245,-107,29,29,0,2,5,-3,0,1,-1,270,279,-9,113,129,-16,724,802,-78,3,1,2,,,,,,,,,,,,,,,,,,,,,,,,,,
うち)女,１３～１９歳,3843,3570,273,26,33,-7,32,29,3,1,2,-1,1498,1388,110,291,263,28,1995,1855,140,542,506,36,,,,,,,,,,,,,,,,,,,,,,,,,,
うち)女,２０～２９歳,3447,3489,-42,72,53,19,103,89,14,14,10,4,1184,1152,32,21,25,-4,2053,2160,-107,4078,2986,1092,,,,,,,,,,,,,,,,,,,,,,,,,,
うち)女,３０～３９歳,1270,1140,130,49,38,11,52,43,9,13,16,-3,411,369,42,3,9,-6,742,665,77,3358,2125,1233,,,,,,,,,,,,,,,,,,,,,,,,,,
うち)女,４０～４９歳,714,669,45,38,31,7,51,41,10,13,13,0,197,185,12,3,2,1,412,397,15,3430,2387,1043,,,,,,,,,,,,,,,,,,,,,,,,,,
うち)女,５０～５９歳,420,359,61,47,43,4,52,46,6,29,30,-1,83,72,11,1,0,1,208,168,40,3888,2807,1081,,,,,,,,,,,,,,,,,,,,,,,,,,
うち)女,６０～６４歳,107,100,7,21,21,0,23,20,3,14,13,1,10,6,4,0,0,0,39,40,-1,1821,1639,182,,,,,,,,,,,,,,,,,,,,,,,,,,
うち)女,６５～６９歳,75,69,6,23,21,2,20,17,3,9,8,1,7,3,4,0,0,0,16,20,-4,1810,1687,123,,,,,,,,,,,,,,,,,,,,,,,,,,
うち)女,７０～７９歳,156,154,2,48,48,0,32,36,-4,43,37,6,11,6,5,1,1,0,21,26,-5,3423,3218,205,,,,,,,,,,,,,,,,,,,,,,,,,,
うち)女,８０歳以上,115,126,-11,50,62,-12,20,22,-2,29,19,10,9,5,4,1,0,1,6,18,-12,3865,3933,-68,,,,,,,,,,,,,,,,,,,,,,,,,,
,,,,,,,,,,,,,,,,,,,,,,,,,,,,,,,,,,,,,,,,,,,,,,,,,,,
注　一つの事件で数人の被害者がいる場合は、主たる被害者について計上してある。,,,,,,,,,,,,,,,,,,,,,,,,,,,,,,,,,,,,,,,,,,,,,,,,,,,
第７表,,重要窃盗犯　被害者の年齢・性別　認知件数,,,,,,,,,,,,,,,,,,,暫定値,,,,,,,,,,,,,,,,,,,,,,,,,,,,,,
,,,,,,,,,,,,,,,,,,,,,２０２６年２月１日確定,,,,,,,,,,,,,,,,,,,,,,,,,,,,,,
,,,,,,,,,,,,,,,,,,,,,,,,,,,,,,,,,,,,,,,,,,,,,,,,,,,
,,認知件数,認知件数,認知件数,認知件数,認知件数,認知件数,認知件数,認知件数,認知件数,認知件数,認知件数,認知件数,認知件数,認知件数,認知件数,認知件数,認知件数,認知件数,認知件数,認知件数,認知件数,,,,,,,,,,,,,,,,,,,,,,,,,,,,,
,,重要窃盗犯,重要窃盗犯,重要窃盗犯,侵入盗,侵入盗,侵入盗,"侵入盗
うち)住宅対象","侵入盗
うち)住宅対象","侵入盗
うち)住宅対象","侵入盗
うち)その他","侵入盗
うち)その他","侵入盗
うち)その他",自動車盗,自動車盗,自動車盗,ひったくり,ひったくり,ひったくり,すり,すり,すり,,,,,,,,,,,,,,,,,,,,,,,,,,,,,
性別,年齢別,"2025年
1～11月","2024年
1～11月",増減,"2025年
1～11月","2024年
1～11月",増減,"2025年
1～11月","2024年
1～11月",増減,"2025年
1～11月","2024年
1～11月",増減,"2025年
1～11月","2024年
1～11月",増減,"2025年
1～11月","2024年
1～11月",増減,"2025年
1～11月","2024年
1～11月",増減,,,,,,,,,,,,,,,,,,,,,,,,,,,,,
総数,計,51653,46698,4955,43770,39299,4471,15924,14598,1326,27846,24701,3145,6012,5574,438,439,523,-84,1432,1302,130,,,,,,,,,,,,,,,,,,,,,,,,,,,,,
総数,０～１２歳,21,24,-3,16,12,4,3,4,-1,13,8,5,0,0,0,4,5,-1,1,7,-6,,,,,,,,,,,,,,,,,,,,,,,,,,,,,
総数,１３～１９歳,555,454,101,412,310,102,188,177,11,224,133,91,15,17,-2,34,28,6,94,99,-5,,,,,,,,,,,,,,,,,,,,,,,,,,,,,
総数,２０～２９歳,3187,3128,59,2100,2038,62,1593,1614,-21,507,424,83,617,553,64,92,127,-35,378,410,-32,,,,,,,,,,,,,,,,,,,,,,,,,,,,,
総数,３０～３９歳,3777,3678,99,2476,2473,3,1532,1511,21,944,962,-18,1012,900,112,58,78,-20,231,227,4,,,,,,,,,,,,,,,,,,,,,,,,,,,,,
総数,４０～４９歳,5348,5148,200,3765,3782,-17,1976,2002,-26,1789,1780,9,1313,1147,166,63,47,16,207,172,35,,,,,,,,,,,,,,,,,,,,,,,,,,,,,
総数,５０～５９歳,7542,6855,687,6158,5634,524,2527,2464,63,3631,3170,461,1137,1002,135,41,57,-16,206,162,44,,,,,,,,,,,,,,,,,,,,,,,,,,,,,
総数,６０～６４歳,4442,3572,870,3977,3210,767,1497,1274,223,2480,1936,544,367,274,93,27,21,6,71,67,4,,,,,,,,,,,,,,,,,,,,,,,,,,,,,
総数,６５～６９歳,3935,3223,712,3590,2961,629,1326,1199,127,2264,1762,502,260,194,66,22,30,-8,63,38,25,,,,,,,,,,,,,,,,,,,,,,,,,,,,,
総数,７０～７９歳,6622,5561,1061,6061,5060,1001,2773,2325,448,3288,2735,553,374,349,25,60,71,-11,127,81,46,,,,,,,,,,,,,,,,,,,,,,,,,,,,,
総数,８０歳以上,4945,3996,949,4741,3777,964,2509,2028,481,2232,1749,483,115,121,-6,37,59,-22,52,39,13,,,,,,,,,,,,,,,,,,,,,,,,,,,,,
総数,法人・団体、被害者なし,11279,11059,220,10474,10042,432,0,0,0,10474,10042,432,802,1017,-215,1,0,1,2,0,2,,,,,,,,,,,,,,,,,,,,,,,,,,,,,
うち)男,計,27467,24420,3047,21990,19610,2380,10435,9597,838,11555,10013,1542,4541,3947,594,172,170,2,764,693,71,,,,,,,,,,,,,,,,,,,,,,,,,,,,,
うち)男,０～１２歳,6,9,-3,4,2,2,2,2,0,2,0,2,0,0,0,2,3,-1,0,4,-4,,,,,,,,,,,,,,,,,,,,,,,,,,,,,
うち)男,１３～１９歳,278,230,48,212,161,51,91,107,-16,121,54,67,14,15,-1,9,8,1,43,46,-3,,,,,,,,,,,,,,,,,,,,,,,,,,,,,
うち)男,２０～２９歳,1922,1870,52,1179,1149,30,828,834,-6,351,315,36,511,481,30,39,33,6,193,207,-14,,,,,,,,,,,,,,,,,,,,,,,,,,,,,
うち)男,３０～３９歳,2845,2756,89,1807,1820,-13,1069,1042,27,738,778,-40,883,761,122,21,27,-6,134,148,-14,,,,,,,,,,,,,,,,,,,,,,,,,,,,,
うち)男,４０～４９歳,4150,4053,97,2839,2948,-109,1450,1524,-74,1389,1424,-35,1146,987,159,36,19,17,129,99,30,,,,,,,,,,,,,,,,,,,,,,,,,,,,,
うち)男,５０～５９歳,5512,5059,453,4378,4073,305,1851,1798,53,2527,2275,252,988,872,116,20,27,-7,126,87,39,,,,,,,,,,,,,,,,,,,,,,,,,,,,,
うち)男,６０～６４歳,3113,2511,602,2734,2216,518,1119,934,185,1615,1282,333,332,243,89,11,9,2,36,43,-7,,,,,,,,,,,,,,,,,,,,,,,,,,,,,
うち)男,６５～６９歳,2771,2223,548,2485,2016,469,969,843,126,1516,1173,343,243,178,65,10,9,1,33,20,13,,,,,,,,,,,,,,,,,,,,,,,,,,,,,
うち)男,７０～７９歳,4452,3808,644,4062,3451,611,1837,1545,292,2225,1906,319,330,304,26,16,24,-8,44,29,15,,,,,,,,,,,,,,,,,,,,,,,,,,,,,
うち)男,８０歳以上,2418,1901,517,2290,1774,516,1219,968,251,1071,806,265,94,106,-12,8,11,-3,26,10,16,,,,,,,,,,,,,,,,,,,,,,,,,,,,,
うち)女,計,12907,11219,1688,11306,9647,1659,5489,5001,488,5817,4646,1171,669,610,59,266,353,-87,666,609,57,,,,,,,,,,,,,,,,,,,,,,,,,,,,,
うち)女,０～１２歳,15,15,0,12,10,2,1,2,-1,11,8,3,0,0,0,2,2,0,1,3,-2,,,,,,,,,,,,,,,,,,,,,,,,,,,,,
うち)女,１３～１９歳,277,224,53,200,149,51,97,70,27,103,79,24,1,2,-1,25,20,5,51,53,-2,,,,,,,,,,,,,,,,,,,,,,,,,,,,,
うち)女,２０～２９歳,1265,1258,7,921,889,32,765,780,-15,156,109,47,106,72,34,53,94,-41,185,203,-18,,,,,,,,,,,,,,,,,,,,,,,,,,,,,
うち)女,３０～３９歳,932,922,10,669,653,16,463,469,-6,206,184,22,129,139,-10,37,51,-14,97,79,18,,,,,,,,,,,,,,,,,,,,,,,,,,,,,
うち)女,４０～４９歳,1198,1095,103,926,834,92,526,478,48,400,356,44,167,160,7,27,28,-1,78,73,5,,,,,,,,,,,,,,,,,,,,,,,,,,,,,
うち)女,５０～５９歳,2030,1796,234,1780,1561,219,676,666,10,1104,895,209,149,130,19,21,30,-9,80,75,5,,,,,,,,,,,,,,,,,,,,,,,,,,,,,
うち)女,６０～６４歳,1329,1061,268,1243,994,249,378,340,38,865,654,211,35,31,4,16,12,4,35,24,11,,,,,,,,,,,,,,,,,,,,,,,,,,,,,
うち)女,６５～６９歳,1164,1000,164,1105,945,160,357,356,1,748,589,159,17,16,1,12,21,-9,30,18,12,,,,,,,,,,,,,,,,,,,,,,,,,,,,,
うち)女,７０～７９歳,2170,1753,417,1999,1609,390,936,780,156,1063,829,234,44,45,-1,44,47,-3,83,52,31,,,,,,,,,,,,,,,,,,,,,,,,,,,,,
うち)女,８０歳以上,2527,2095,432,2451,2003,448,1290,1060,230,1161,943,218,21,15,6,29,48,-19,26,29,-3,,,,,,,,,,,,,,,,,,,,,,,,,,,,,
,,,,,,,,,,,,,,,,,,,,,,,,,,,,,,,,,,,,,,,,,,,,,,,,,,,
注　一つの事件で数人の被害者がいる場合は、主たる被害者について計上してある。,,,,,,,,,,,,,,,,,,,,,,,,,,,,,,,,,,,,,,,,,,,,,,,,,,,
第８表,,重要犯罪及び詐欺　犯行時年齢・性別　検挙人員　,,,,,,,,,,,,,,,,,,,,,,暫定値,,,,,,,,,,,,,,,,,,,,,,,,,,,
,,,,,,,,,,,,,,,,,,,,,,,,２０２６年２月１日確定,,,,,,,,,,,,,,,,,,,,,,,,,,,
,,,,,,,,,,,,,,,,,,,,,,,,,,,,,,,,,,,,,,,,,,,,,,,,,,,
,,検挙人員,検挙人員,検挙人員,検挙人員,検挙人員,検挙人員,検挙人員,検挙人員,検挙人員,検挙人員,検挙人員,検挙人員,検挙人員,検挙人員,検挙人員,検挙人員,検挙人員,検挙人員,検挙人員,検挙人員,検挙人員,検挙人員,検挙人員,検挙人員,,,,,,,,,,,,,,,,,,,,,,,,,,
,,重要犯罪,重要犯罪,重要犯罪,殺人,殺人,殺人,強盗,強盗,強盗,放火,放火,放火,不同意性交等,不同意性交等,不同意性交等,"略取誘拐・
人身売買","略取誘拐・
人身売買","略取誘拐・
人身売買",不同意わいせつ,不同意わいせつ,不同意わいせつ,詐欺,詐欺,詐欺,,,,,,,,,,,,,,,,,,,,,,,,,,
性別,年齢別,"2025年
1～11月","2024年
1～11月",増減,"2025年
1～11月","2024年
1～11月",増減,"2025年
1～11月","2024年
1～11月",増減,"2025年
1～11月","2024年
1～11月",増減,"2025年
1～11月","2024年
1～11月",増減,"2025年
1～11月","2024年
1～11月",増減,"2025年
1～11月","2024年
1～11月",増減,"2025年
1～11月","2024年
1～11月",増減,,,,,,,,,,,,,,,,,,,,,,,,,,
総数,計,10710,10184,526,801,845,-44,1641,1572,69,453,463,-10,3064,2805,259,497,447,50,4254,4052,202,8547,8166,381,,,,,,,,,,,,,,,,,,,,,,,,,,
総数,１４～１９歳,1308,1143,165,53,51,2,448,395,53,29,29,0,297,268,29,51,23,28,430,377,53,806,788,18,,,,,,,,,,,,,,,,,,,,,,,,,,
総数,２０～２９歳,3041,2753,288,186,199,-13,492,494,-2,96,79,17,1091,938,153,193,175,18,983,868,115,2584,2490,94,,,,,,,,,,,,,,,,,,,,,,,,,,
総数,３０～３９歳,2154,2045,109,155,171,-16,227,203,24,76,71,5,754,679,75,118,84,34,824,837,-13,1691,1582,109,,,,,,,,,,,,,,,,,,,,,,,,,,
総数,４０～４９歳,1783,1756,27,130,146,-16,176,165,11,80,84,-4,513,536,-23,62,80,-18,822,745,77,1313,1284,29,,,,,,,,,,,,,,,,,,,,,,,,,,
総数,５０～５９歳,1178,1205,-27,109,110,-1,152,148,4,84,101,-17,236,232,4,36,36,0,561,578,-17,1125,1038,87,,,,,,,,,,,,,,,,,,,,,,,,,,
総数,６０～６４歳,365,343,22,36,43,-7,42,43,-1,27,22,5,67,53,14,11,9,2,182,173,9,345,328,17,,,,,,,,,,,,,,,,,,,,,,,,,,
総数,６５～６９歳,248,290,-42,13,31,-18,38,38,0,19,21,-2,37,43,-6,7,10,-3,134,147,-13,231,225,6,,,,,,,,,,,,,,,,,,,,,,,,,,
総数,７０～７９歳,445,472,-27,70,65,5,44,61,-17,28,38,-10,60,42,18,16,27,-11,227,239,-12,351,336,15,,,,,,,,,,,,,,,,,,,,,,,,,,
総数,８０歳以上,188,177,11,49,29,20,22,25,-3,14,18,-4,9,14,-5,3,3,0,91,88,3,101,95,6,,,,,,,,,,,,,,,,,,,,,,,,,,
男,計,10110,9519,591,610,646,-36,1510,1416,94,348,342,6,3031,2785,246,387,311,76,4224,4019,205,6829,6526,303,,,,,,,,,,,,,,,,,,,,,,,,,,
男,１４～１９歳,1247,1083,164,41,40,1,418,361,57,25,20,5,290,265,25,48,22,26,425,375,50,679,619,60,,,,,,,,,,,,,,,,,,,,,,,,,,
男,２０～２９歳,2911,2618,293,141,162,-21,457,456,1,76,60,16,1080,934,146,180,147,33,977,859,118,2038,1961,77,,,,,,,,,,,,,,,,,,,,,,,,,,
男,３０～３９歳,2003,1904,99,107,120,-13,203,178,25,59,55,4,745,674,71,69,44,25,820,833,-13,1373,1305,68,,,,,,,,,,,,,,,,,,,,,,,,,,
男,４０～４９歳,1683,1628,55,101,110,-9,163,144,19,59,63,-4,507,531,-24,39,43,-4,814,737,77,1053,1040,13,,,,,,,,,,,,,,,,,,,,,,,,,,
男,５０～５９歳,1102,1105,-3,82,80,2,134,130,4,63,65,-2,236,230,6,28,27,1,559,573,-14,911,844,67,,,,,,,,,,,,,,,,,,,,,,,,,,
男,６０～６４歳,345,316,29,26,34,-8,42,37,5,23,16,7,67,52,15,5,7,-2,182,170,12,275,259,16,,,,,,,,,,,,,,,,,,,,,,,,,,
男,６５～６９歳,230,272,-42,11,26,-15,34,34,0,11,18,-7,37,43,-6,3,5,-2,134,146,-12,175,174,1,,,,,,,,,,,,,,,,,,,,,,,,,,
男,７０～７９歳,422,431,-9,60,50,10,41,55,-14,24,32,-8,60,42,18,13,14,-1,224,238,-14,259,256,3,,,,,,,,,,,,,,,,,,,,,,,,,,
男,８０歳以上,167,162,5,41,24,17,18,21,-3,8,13,-5,9,14,-5,2,2,0,89,88,1,66,68,-2,,,,,,,,,,,,,,,,,,,,,,,,,,
女,計,600,665,-65,191,199,-8,131,156,-25,105,121,-16,33,20,13,110,136,-26,30,33,-3,1718,1640,78,,,,,,,,,,,,,,,,,,,,,,,,,,
女,１４～１９歳,61,60,1,12,11,1,30,34,-4,4,9,-5,7,3,4,3,1,2,5,2,3,127,169,-42,,,,,,,,,,,,,,,,,,,,,,,,,,
女,２０～２９歳,130,135,-5,45,37,8,35,38,-3,20,19,1,11,4,7,13,28,-15,6,9,-3,546,529,17,,,,,,,,,,,,,,,,,,,,,,,,,,
女,３０～３９歳,151,141,10,48,51,-3,24,25,-1,17,16,1,9,5,4,49,40,9,4,4,0,318,277,41,,,,,,,,,,,,,,,,,,,,,,,,,,
女,４０～４９歳,100,128,-28,29,36,-7,13,21,-8,21,21,0,6,5,1,23,37,-14,8,8,0,260,244,16,,,,,,,,,,,,,,,,,,,,,,,,,,
女,５０～５９歳,76,100,-24,27,30,-3,18,18,0,21,36,-15,0,2,-2,8,9,-1,2,5,-3,214,194,20,,,,,,,,,,,,,,,,,,,,,,,,,,
女,６０～６４歳,20,27,-7,10,9,1,0,6,-6,4,6,-2,0,1,-1,6,2,4,0,3,-3,70,69,1,,,,,,,,,,,,,,,,,,,,,,,,,,
女,６５～６９歳,18,18,0,2,5,-3,4,4,0,8,3,5,0,0,0,4,5,-1,0,1,-1,56,51,5,,,,,,,,,,,,,,,,,,,,,,,,,,
女,７０～７９歳,23,41,-18,10,15,-5,3,6,-3,4,6,-2,0,0,0,3,13,-10,3,1,2,92,80,12,,,,,,,,,,,,,,,,,,,,,,,,,,
女,８０歳以上,21,15,6,8,5,3,4,4,0,6,5,1,0,0,0,1,1,0,2,0,2,35,27,8,,,,,,,,,,,,,,,,,,,,,,,,,,
,,,,,,,,,,,,,,,,,,,,,,,,,,,,,,,,,,,,,,,,,,,,,,,,,,,
,,,,,,,,,,,,,,,,,,,,,,,,,,,,,,,,,,,,,,,,,,,,,,,,,,,
第８表,,重要窃盗犯　犯行時年齢・性別　検挙人員　,,,,,,,,,,,,,,,,,,,暫定値,,,,,,,,,,,,,,,,,,,,,,,,,,,,,,
,,,,,,,,,,,,,,,,,,,,,２０２６年２月１日確定,,,,,,,,,,,,,,,,,,,,,,,,,,,,,,
,,,,,,,,,,,,,,,,,,,,,,,,,,,,,,,,,,,,,,,,,,,,,,,,,,,
,,検挙人員,検挙人員,検挙人員,検挙人員,検挙人員,検挙人員,検挙人員,検挙人員,検挙人員,検挙人員,検挙人員,検挙人員,検挙人員,検挙人員,検挙人員,検挙人員,検挙人員,検挙人員,検挙人員,検挙人員,検挙人員,,,,,,,,,,,,,,,,,,,,,,,,,,,,,
,,重要窃盗犯,重要窃盗犯,重要窃盗犯,侵入盗,侵入盗,侵入盗,"侵入盗
うち)住宅対象","侵入盗
うち)住宅対象","侵入盗
うち)住宅対象","侵入盗
うち)その他","侵入盗
うち)その他","侵入盗
うち)その他",自動車盗,自動車盗,自動車盗,ひったくり,ひったくり,ひったくり,すり,すり,すり,,,,,,,,,,,,,,,,,,,,,,,,,,,,,
性別,年齢別,"2025年
1～11月","2024年
1～11月",増減,"2025年
1～11月","2024年
1～11月",増減,"2025年
1～11月","2024年
1～11月",増減,"2025年
1～11月","2024年
1～11月",増減,"2025年
1～11月","2024年
1～11月",増減,"2025年
1～11月","2024年
1～11月",増減,"2025年
1～11月","2024年
1～11月",増減,,,,,,,,,,,,,,,,,,,,,,,,,,,,,
総数,計,6088,5988,100,4877,4846,31,1676,1686,-10,3201,3160,41,709,566,143,202,232,-30,300,344,-44,,,,,,,,,,,,,,,,,,,,,,,,,,,,,
総数,１４～１９歳,688,538,150,460,354,106,170,138,32,290,216,74,115,53,62,79,96,-17,34,35,-1,,,,,,,,,,,,,,,,,,,,,,,,,,,,,
総数,２０～２９歳,1718,1794,-76,1441,1496,-55,522,522,0,919,974,-55,166,152,14,47,60,-13,64,86,-22,,,,,,,,,,,,,,,,,,,,,,,,,,,,,
総数,３０～３９歳,1177,1188,-11,991,993,-2,323,350,-27,668,643,25,103,108,-5,29,24,5,54,63,-9,,,,,,,,,,,,,,,,,,,,,,,,,,,,,
総数,４０～４９歳,953,865,88,765,712,53,267,236,31,498,476,22,126,87,39,16,19,-3,46,47,-1,,,,,,,,,,,,,,,,,,,,,,,,,,,,,
総数,５０～５９歳,718,813,-95,576,660,-84,195,221,-26,381,439,-58,87,86,1,23,21,2,32,46,-14,,,,,,,,,,,,,,,,,,,,,,,,,,,,,
総数,６０～６４歳,250,217,33,194,171,23,55,55,0,139,116,23,37,22,15,3,3,0,16,21,-5,,,,,,,,,,,,,,,,,,,,,,,,,,,,,
総数,６５～６９歳,182,197,-15,136,163,-27,46,70,-24,90,93,-3,27,19,8,3,3,0,16,12,4,,,,,,,,,,,,,,,,,,,,,,,,,,,,,
総数,７０～７９歳,306,291,15,242,233,9,69,76,-7,173,157,16,35,28,7,2,6,-4,27,24,3,,,,,,,,,,,,,,,,,,,,,,,,,,,,,
総数,８０歳以上,96,85,11,72,64,8,29,18,11,43,46,-3,13,11,2,0,0,0,11,10,1,,,,,,,,,,,,,,,,,,,,,,,,,,,,,
男,計,5542,5495,47,4437,4440,-3,1462,1494,-32,2975,2946,29,669,543,126,192,224,-32,244,288,-44,,,,,,,,,,,,,,,,,,,,,,,,,,,,,
男,１４～１９歳,660,506,154,437,326,111,158,128,30,279,198,81,112,50,62,79,96,-17,32,34,-2,,,,,,,,,,,,,,,,,,,,,,,,,,,,,
男,２０～２９歳,1543,1634,-91,1287,1359,-72,444,467,-23,843,892,-49,155,149,6,46,59,-13,55,67,-12,,,,,,,,,,,,,,,,,,,,,,,,,,,,,
男,３０～３９歳,1094,1111,-17,931,930,1,292,316,-24,639,614,25,95,101,-6,26,23,3,42,57,-15,,,,,,,,,,,,,,,,,,,,,,,,,,,,,
男,４０～４９歳,864,787,77,690,648,42,232,201,31,458,447,11,117,84,33,15,17,-2,42,38,4,,,,,,,,,,,,,,,,,,,,,,,,,,,,,
男,５０～５９歳,650,744,-94,521,607,-86,174,195,-21,347,412,-65,83,81,2,21,18,3,25,38,-13,,,,,,,,,,,,,,,,,,,,,,,,,,,,,
男,６０～６４歳,219,194,25,169,151,18,44,46,-2,125,105,20,36,22,14,2,3,-1,12,18,-6,,,,,,,,,,,,,,,,,,,,,,,,,,,,,
男,６５～６９歳,160,184,-24,120,152,-32,38,61,-23,82,91,-9,24,19,5,3,3,0,13,10,3,,,,,,,,,,,,,,,,,,,,,,,,,,,,,
男,７０～７９歳,273,261,12,222,210,12,60,63,-3,162,147,15,34,27,7,0,5,-5,17,19,-2,,,,,,,,,,,,,,,,,,,,,,,,,,,,,
男,８０歳以上,79,74,5,60,57,3,20,17,3,40,40,0,13,10,3,0,0,0,6,7,-1,,,,,,,,,,,,,,,,,,,,,,,,,,,,,
女,計,546,493,53,440,406,34,214,192,22,226,214,12,40,23,17,10,8,2,56,56,0,,,,,,,,,,,,,,,,,,,,,,,,,,,,,
女,１４～１９歳,28,32,-4,23,28,-5,12,10,2,11,18,-7,3,3,0,0,0,0,2,1,1,,,,,,,,,,,,,,,,,,,,,,,,,,,,,
女,２０～２９歳,175,160,15,154,137,17,78,55,23,76,82,-6,11,3,8,1,1,0,9,19,-10,,,,,,,,,,,,,,,,,,,,,,,,,,,,,
女,３０～３９歳,83,77,6,60,63,-3,31,34,-3,29,29,0,8,7,1,3,1,2,12,6,6,,,,,,,,,,,,,,,,,,,,,,,,,,,,,
女,４０～４９歳,89,78,11,75,64,11,35,35,0,40,29,11,9,3,6,1,2,-1,4,9,-5,,,,,,,,,,,,,,,,,,,,,,,,,,,,,
女,５０～５９歳,68,69,-1,55,53,2,21,26,-5,34,27,7,4,5,-1,2,3,-1,7,8,-1,,,,,,,,,,,,,,,,,,,,,,,,,,,,,
女,６０～６４歳,31,23,8,25,20,5,11,9,2,14,11,3,1,0,1,1,0,1,4,3,1,,,,,,,,,,,,,,,,,,,,,,,,,,,,,
女,６５～６９歳,22,13,9,16,11,5,8,9,-1,8,2,6,3,0,3,0,0,0,3,2,1,,,,,,,,,,,,,,,,,,,,,,,,,,,,,
女,７０～７９歳,33,30,3,20,23,-3,9,13,-4,11,10,1,1,1,0,2,1,1,10,5,5,,,,,,,,,,,,,,,,,,,,,,,,,,,,,
女,８０歳以上,17,11,6,12,7,5,9,1,8,3,6,-3,0,1,-1,0,0,0,5,3,2,,,,,,,,,,,,,,,,,,,,,,,,,,,,,
,,,,,,,,,,,,,,,,,,,,,,,,,,,,,,,,,,,,,,,,,,,,,,,,,,,
,,,,,,,,,,,,,,,,,,,,,,,,,,,,,,,,,,,,,,,,,,,,,,,,,,,
第９表,,,街頭犯罪等　都道府県別　対前年比較,,,,,,,,,,,,暫定値,,,,,,,,,,,,,,,,,,,,,,,,,,,,,,,,,,,,
（１） 主要な街頭犯罪　都道府県別　認知・検挙件数・検挙人員　対前年比較,,,,,,,,,,,,,,,２０２６年２月１日確定,,,,,,,,,,,,,,,,,,,,,,,,,,,,,,,,,,,,
,,,,,,,,,,,,,,,,,,,,,,,,,,,,,,,,,,,,,,,,,,,,,,,,,,,
,,認知件数,認知件数,認知件数,認知件数,検挙件数,検挙件数,検挙件数,検挙件数,検挙人員,検挙人員,検挙人員,検挙人員,検挙率,検挙率,検挙率,,,,,,,,,,,,,,,,,,,,,,,,,,,,,,,,,,,
,都道府県,"2025年
1～11月","2024年
1～11月",増減,増減率(％),"2025年
1～11月","2024年
1～11月",増減,増減率(％),"2025年
1～11月","2024年
1～11月",増減,増減率(％）,"2025年
1～11月","2024年
1～11月",増減ポイント,,,,,,,,,,,,,,,,,,,,,,,,,,,,,,,,,,,
主な街頭犯罪総数,,210319,209239,1080,0.5,22374,22255,119,0.5,8295,8178,117,1.4,10.6,10.6,0,,,,,,,,,,,,,,,,,,,,,,,,,,,,,,,,,,,
北海道,計,5599,5880,-281,-4.8,673,513,160,31.2,204,250,-46,-18.4,12,8.7,3.3,,,,,,,,,,,,,,,,,,,,,,,,,,,,,,,,,,,
北海道,札幌方面,4761,4940,-179,-3.6,361,331,30,9.1,159,162,-3,-1.9,7.6,6.7,0.9,,,,,,,,,,,,,,,,,,,,,,,,,,,,,,,,,,,
北海道,函館方面,260,312,-52,-16.7,64,40,24,60,8,16,-8,-50,24.6,12.8,11.8,,,,,,,,,,,,,,,,,,,,,,,,,,,,,,,,,,,
北海道,旭川方面,226,298,-72,-24.2,27,82,-55,-67.1,11,32,-21,-65.6,11.9,27.5,-15.6,,,,,,,,,,,,,,,,,,,,,,,,,,,,,,,,,,,
北海道,釧路方面,293,267,26,9.7,199,55,144,261.8,20,38,-18,-47.4,67.9,20.6,47.3,,,,,,,,,,,,,,,,,,,,,,,,,,,,,,,,,,,
北海道,北見方面,59,63,-4,-6.3,22,5,17,340,6,2,4,200,37.3,7.9,29.4,,,,,,,,,,,,,,,,,,,,,,,,,,,,,,,,,,,
東北,計,6117,6483,-366,-5.6,786,867,-81,-9.3,242,293,-51,-17.4,12.8,13.4,-0.6,,,,,,,,,,,,,,,,,,,,,,,,,,,,,,,,,,,
東北,青森県,1016,842,174,20.7,79,94,-15,-16,27,29,-2,-6.9,7.8,11.2,-3.4,,,,,,,,,,,,,,,,,,,,,,,,,,,,,,,,,,,
東北,岩手県,612,734,-122,-16.6,79,95,-16,-16.8,32,40,-8,-20,12.9,12.9,0,,,,,,,,,,,,,,,,,,,,,,,,,,,,,,,,,,,
東北,宮城県,2093,2399,-306,-12.8,313,249,64,25.7,83,91,-8,-8.8,15,10.4,4.6,,,,,,,,,,,,,,,,,,,,,,,,,,,,,,,,,,,
東北,秋田県,386,393,-7,-1.8,45,73,-28,-38.4,29,35,-6,-17.1,11.7,18.6,-6.9,,,,,,,,,,,,,,,,,,,,,,,,,,,,,,,,,,,
東北,山形県,495,433,62,14.3,138,209,-71,-34,26,35,-9,-25.7,27.9,48.3,-20.4,,,,,,,,,,,,,,,,,,,,,,,,,,,,,,,,,,,
東北,福島県,1515,1682,-167,-9.9,132,147,-15,-10.2,45,63,-18,-28.6,8.7,8.7,0,,,,,,,,,,,,,,,,,,,,,,,,,,,,,,,,,,,
東京都,,29048,30608,-1560,-5.1,2358,1992,366,18.4,956,1077,-121,-11.2,8.1,6.5,1.6,,,,,,,,,,,,,,,,,,,,,,,,,,,,,,,,,,,
関東,計,63599,61120,2479,4.1,6893,6689,204,3,2087,1957,130,6.6,10.8,10.9,-0.1,,,,,,,,,,,,,,,,,,,,,,,,,,,,,,,,,,,
関東,茨城県,3669,4106,-437,-10.6,634,302,332,109.9,132,88,44,50,17.3,7.4,9.9,,,,,,,,,,,,,,,,,,,,,,,,,,,,,,,,,,,
関東,栃木県,2714,2530,184,7.3,324,486,-162,-33.3,89,67,22,32.8,11.9,19.2,-7.3,,,,,,,,,,,,,,,,,,,,,,,,,,,,,,,,,,,
関東,群馬県,3565,2713,852,31.4,658,324,334,103.1,81,70,11,15.7,18.5,11.9,6.6,,,,,,,,,,,,,,,,,,,,,,,,,,,,,,,,,,,
関東,埼玉県,17114,17268,-154,-0.9,1239,1260,-21,-1.7,489,487,2,0.4,7.2,7.3,-0.1,,,,,,,,,,,,,,,,,,,,,,,,,,,,,,,,,,,
関東,千葉県,12401,11896,505,4.2,861,1626,-765,-47,343,343,0,0,6.9,13.7,-6.8,,,,,,,,,,,,,,,,,,,,,,,,,,,,,,,,,,,
関東,神奈川県,15572,14811,761,5.1,1815,1692,123,7.3,580,579,1,0.2,11.7,11.4,0.3,,,,,,,,,,,,,,,,,,,,,,,,,,,,,,,,,,,
関東,新潟県,2112,1845,267,14.5,367,278,89,32,103,84,19,22.6,17.4,15.1,2.3,,,,,,,,,,,,,,,,,,,,,,,,,,,,,,,,,,,
関東,山梨県,952,931,21,2.3,204,59,145,245.8,28,25,3,12,21.4,6.3,15.1,,,,,,,,,,,,,,,,,,,,,,,,,,,,,,,,,,,
関東,長野県,1651,1525,126,8.3,190,212,-22,-10.4,66,67,-1,-1.5,11.5,13.9,-2.4,,,,,,,,,,,,,,,,,,,,,,,,,,,,,,,,,,,
関東,静岡県,3849,3495,354,10.1,601,450,151,33.6,176,147,29,19.7,15.6,12.9,2.7,,,,,,,,,,,,,,,,,,,,,,,,,,,,,,,,,,,
中部,計,24013,22864,1149,5,2271,2154,117,5.4,924,919,5,0.5,9.5,9.4,0.1,,,,,,,,,,,,,,,,,,,,,,,,,,,,,,,,,,,
中部,富山県,909,944,-35,-3.7,209,196,13,6.6,51,59,-8,-13.6,23,20.8,2.2,,,,,,,,,,,,,,,,,,,,,,,,,,,,,,,,,,,
中部,石川県,1117,1171,-54,-4.6,98,240,-142,-59.2,49,62,-13,-21,8.8,20.5,-11.7,,,,,,,,,,,,,,,,,,,,,,,,,,,,,,,,,,,
中部,福井県,543,523,20,3.8,90,173,-83,-48,51,38,13,34.2,16.6,33.1,-16.5,,,,,,,,,,,,,,,,,,,,,,,,,,,,,,,,,,,
中部,岐阜県,2562,2329,233,10,274,283,-9,-3.2,63,66,-3,-4.5,10.7,12.2,-1.5,,,,,,,,,,,,,,,,,,,,,,,,,,,,,,,,,,,
中部,愛知県,16525,15440,1085,7,1312,1020,292,28.6,618,605,13,2.1,7.9,6.6,1.3,,,,,,,,,,,,,,,,,,,,,,,,,,,,,,,,,,,
中部,三重県,2357,2457,-100,-4.1,288,242,46,19,92,89,3,3.4,12.2,9.8,2.4,,,,,,,,,,,,,,,,,,,,,,,,,,,,,,,,,,,
近畿,計,47029,47928,-899,-1.9,4993,5908,-915,-15.5,2102,2095,7,0.3,10.6,12.3,-1.7,,,,,,,,,,,,,,,,,,,,,,,,,,,,,,,,,,,
近畿,滋賀県,1866,1748,118,6.8,156,242,-86,-35.5,91,96,-5,-5.2,8.4,13.8,-5.4,,,,,,,,,,,,,,,,,,,,,,,,,,,,,,,,,,,
近畿,京都府,3592,3697,-105,-2.8,358,537,-179,-33.3,207,188,19,10.1,10,14.5,-4.5,,,,,,,,,,,,,,,,,,,,,,,,,,,,,,,,,,,
近畿,大阪府,30481,31089,-608,-2,2882,3102,-220,-7.1,1247,1251,-4,-0.3,9.5,10,-0.5,,,,,,,,,,,,,,,,,,,,,,,,,,,,,,,,,,,
近畿,兵庫県,9291,9378,-87,-0.9,1113,1356,-243,-17.9,413,387,26,6.7,12,14.5,-2.5,,,,,,,,,,,,,,,,,,,,,,,,,,,,,,,,,,,
近畿,奈良県,1193,1156,37,3.2,243,299,-56,-18.7,97,102,-5,-4.9,20.4,25.9,-5.5,,,,,,,,,,,,,,,,,,,,,,,,,,,,,,,,,,,
近畿,和歌山県,606,860,-254,-29.5,241,372,-131,-35.2,47,71,-24,-33.8,39.8,43.3,-3.5,,,,,,,,,,,,,,,,,,,,,,,,,,,,,,,,,,,
中国,計,9393,9594,-201,-2.1,1092,1135,-43,-3.8,479,458,21,4.6,11.6,11.8,-0.2,,,,,,,,,,,,,,,,,,,,,,,,,,,,,,,,,,,
中国,鳥取県,675,527,148,28.1,96,123,-27,-22,44,52,-8,-15.4,14.2,23.3,-9.1,,,,,,,,,,,,,,,,,,,,,,,,,,,,,,,,,,,
中国,島根県,285,320,-35,-10.9,71,75,-4,-5.3,34,35,-1,-2.9,24.9,23.4,1.5,,,,,,,,,,,,,,,,,,,,,,,,,,,,,,,,,,,
中国,岡山県,3408,3372,36,1.1,413,258,155,60.1,146,147,-1,-0.7,12.1,7.7,4.4,,,,,,,,,,,,,,,,,,,,,,,,,,,,,,,,,,,
中国,広島県,3941,4195,-254,-6.1,351,539,-188,-34.9,164,150,14,9.3,8.9,12.8,-3.9,,,,,,,,,,,,,,,,,,,,,,,,,,,,,,,,,,,
中国,山口県,1084,1180,-96,-8.1,161,140,21,15,91,74,17,23,14.9,11.9,3,,,,,,,,,,,,,,,,,,,,,,,,,,,,,,,,,,,
四国,計,4646,4353,293,6.7,769,612,157,25.7,234,217,17,7.8,16.6,14.1,2.5,,,,,,,,,,,,,,,,,,,,,,,,,,,,,,,,,,,
四国,徳島県,788,824,-36,-4.4,93,74,19,25.7,35,24,11,45.8,11.8,9,2.8,,,,,,,,,,,,,,,,,,,,,,,,,,,,,,,,,,,
四国,香川県,1293,1179,114,9.7,221,206,15,7.3,64,66,-2,-3,17.1,17.5,-0.4,,,,,,,,,,,,,,,,,,,,,,,,,,,,,,,,,,,
四国,愛媛県,1745,1467,278,19,304,211,93,44.1,82,69,13,18.8,17.4,14.4,3,,,,,,,,,,,,,,,,,,,,,,,,,,,,,,,,,,,
四国,高知県,820,883,-63,-7.1,151,121,30,24.8,53,58,-5,-8.6,18.4,13.7,4.7,,,,,,,,,,,,,,,,,,,,,,,,,,,,,,,,,,,
九州,計,20875,20409,466,2.3,2539,2385,154,6.5,1067,912,155,17,12.2,11.7,0.5,,,,,,,,,,,,,,,,,,,,,,,,,,,,,,,,,,,
九州,福岡県,11218,11375,-157,-1.4,988,1079,-91,-8.4,480,363,117,32.2,8.8,9.5,-0.7,,,,,,,,,,,,,,,,,,,,,,,,,,,,,,,,,,,
九州,佐賀県,817,828,-11,-1.3,110,107,3,2.8,51,51,0,0,13.5,12.9,0.6,,,,,,,,,,,,,,,,,,,,,,,,,,,,,,,,,,,
九州,長崎県,454,496,-42,-8.5,96,103,-7,-6.8,64,44,20,45.5,21.1,20.8,0.3,,,,,,,,,,,,,,,,,,,,,,,,,,,,,,,,,,,
九州,熊本県,2014,1798,216,12,247,237,10,4.2,128,103,25,24.3,12.3,13.2,-0.9,,,,,,,,,,,,,,,,,,,,,,,,,,,,,,,,,,,
九州,大分県,1055,867,188,21.7,164,188,-24,-12.8,68,50,18,36,15.5,21.7,-6.2,,,,,,,,,,,,,,,,,,,,,,,,,,,,,,,,,,,
九州,宮崎県,1470,1289,181,14,164,141,23,16.3,63,39,24,61.5,11.2,10.9,0.3,,,,,,,,,,,,,,,,,,,,,,,,,,,,,,,,,,,
九州,鹿児島県,1452,1540,-88,-5.7,273,160,113,70.6,72,74,-2,-2.7,18.8,10.4,8.4,,,,,,,,,,,,,,,,,,,,,,,,,,,,,,,,,,,
九州,沖縄県,2395,2216,179,8.1,497,370,127,34.3,141,188,-47,-25,20.8,16.7,4.1,,,,,,,,,,,,,,,,,,,,,,,,,,,,,,,,,,,
,,,,,,,,,,,,,,,,,,,,,,,,,,,,,,,,,,,,,,,,,,,,,,,,,,,
　注　主な街頭犯罪総数は、路上強盗、部品ねらい、車上ねらい、自動販売機ねらい、オートバイ盗、自転車盗を合計した数である。,,,,,,,,,,,,,,,,,,,,,,,,,,,,,,,,,,,,,,,,,,,,,,,,,,,
,,,,,,,,,,,,,,,,,,,,,,,,,,,,,,,,,,,,,,,,,,,,,,,,,,,
,,,,,,,,,,,,,,,,,,,,,,,,,,,,,,,,,,,,,,,,,,,,,,,,,,,
第９表,,,街頭犯罪等　都道府県別　対前年比較,,,,,,,,,,,,暫定値,,,,,,,,,,,,,,,,,,,,,,,,,,,,,,,,,,,,
（２） 器物損壊　都道府県別　認知・検挙件数・検挙人員　対前年比較,,,,,,,,,,,,,,,２０２６年２月１日確定,,,,,,,,,,,,,,,,,,,,,,,,,,,,,,,,,,,,
,,,,,,,,,,,,,,,,,,,,,,,,,,,,,,,,,,,,,,,,,,,,,,,,,,,
,,認知件数,認知件数,認知件数,認知件数,検挙件数,検挙件数,検挙件数,検挙件数,検挙人員,検挙人員,検挙人員,検挙人員,検挙率,検挙率,検挙率,,,,,,,,,,,,,,,,,,,,,,,,,,,,,,,,,,,
,都道府県,"2025年
1～11月","2024年
1～11月",増減,増減率(％),"2025年
1～11月","2024年
1～11月",増減,増減率(％),"2025年
1～11月","2024年
1～11月",増減,増減率(％）,"2025年
1～11月","2024年
1～11月",増減ポイント,,,,,,,,,,,,,,,,,,,,,,,,,,,,,,,,,,,
総数,,48643,49501,-858,-1.7,7202,7463,-261,-3.5,4241,4296,-55,-1.3,14.8,15.1,-0.3,,,,,,,,,,,,,,,,,,,,,,,,,,,,,,,,,,,
北海道,計,1259,1380,-121,-8.8,242,264,-22,-8.3,82,100,-18,-18,19.2,19.1,0.1,,,,,,,,,,,,,,,,,,,,,,,,,,,,,,,,,,,
北海道,札幌方面,843,901,-58,-6.4,149,172,-23,-13.4,47,67,-20,-29.9,17.7,19.1,-1.4,,,,,,,,,,,,,,,,,,,,,,,,,,,,,,,,,,,
北海道,函館方面,105,137,-32,-23.4,25,25,0,0,6,9,-3,-33.3,23.8,18.2,5.6,,,,,,,,,,,,,,,,,,,,,,,,,,,,,,,,,,,
北海道,旭川方面,112,134,-22,-16.4,26,23,3,13,12,11,1,9.1,23.2,17.2,6,,,,,,,,,,,,,,,,,,,,,,,,,,,,,,,,,,,
北海道,釧路方面,140,146,-6,-4.1,23,36,-13,-36.1,12,10,2,20,16.4,24.7,-8.3,,,,,,,,,,,,,,,,,,,,,,,,,,,,,,,,,,,
北海道,北見方面,59,62,-3,-4.8,19,8,11,137.5,5,3,2,66.7,32.2,12.9,19.3,,,,,,,,,,,,,,,,,,,,,,,,,,,,,,,,,,,
東北,計,2192,2408,-216,-9,337,399,-62,-15.5,178,214,-36,-16.8,15.4,16.6,-1.2,,,,,,,,,,,,,,,,,,,,,,,,,,,,,,,,,,,
東北,青森県,347,363,-16,-4.4,49,68,-19,-27.9,25,32,-7,-21.9,14.1,18.7,-4.6,,,,,,,,,,,,,,,,,,,,,,,,,,,,,,,,,,,
東北,岩手県,224,227,-3,-1.3,29,35,-6,-17.1,20,19,1,5.3,12.9,15.4,-2.5,,,,,,,,,,,,,,,,,,,,,,,,,,,,,,,,,,,
東北,宮城県,743,875,-132,-15.1,121,127,-6,-4.7,57,65,-8,-12.3,16.3,14.5,1.8,,,,,,,,,,,,,,,,,,,,,,,,,,,,,,,,,,,
東北,秋田県,143,138,5,3.6,29,44,-15,-34.1,18,32,-14,-43.8,20.3,31.9,-11.6,,,,,,,,,,,,,,,,,,,,,,,,,,,,,,,,,,,
東北,山形県,148,170,-22,-12.9,37,46,-9,-19.6,22,29,-7,-24.1,25,27.1,-2.1,,,,,,,,,,,,,,,,,,,,,,,,,,,,,,,,,,,
東北,福島県,587,635,-48,-7.6,72,79,-7,-8.9,36,37,-1,-2.7,12.3,12.4,-0.1,,,,,,,,,,,,,,,,,,,,,,,,,,,,,,,,,,,
東京都,,6835,7075,-240,-3.4,1003,945,58,6.1,617,618,-1,-0.2,14.7,13.4,1.3,,,,,,,,,,,,,,,,,,,,,,,,,,,,,,,,,,,
関東,計,13148,13127,21,0.2,1924,2003,-79,-3.9,1180,1157,23,2,14.6,15.3,-0.7,,,,,,,,,,,,,,,,,,,,,,,,,,,,,,,,,,,
関東,茨城県,1130,1151,-21,-1.8,126,135,-9,-6.7,90,81,9,11.1,11.2,11.7,-0.5,,,,,,,,,,,,,,,,,,,,,,,,,,,,,,,,,,,
関東,栃木県,751,787,-36,-4.6,141,107,34,31.8,76,47,29,61.7,18.8,13.6,5.2,,,,,,,,,,,,,,,,,,,,,,,,,,,,,,,,,,,
関東,群馬県,853,785,68,8.7,99,92,7,7.6,68,50,18,36,11.6,11.7,-0.1,,,,,,,,,,,,,,,,,,,,,,,,,,,,,,,,,,,
関東,埼玉県,3957,3679,278,7.6,412,449,-37,-8.2,247,261,-14,-5.4,10.4,12.2,-1.8,,,,,,,,,,,,,,,,,,,,,,,,,,,,,,,,,,,
関東,千葉県,2082,2129,-47,-2.2,303,299,4,1.3,202,189,13,6.9,14.6,14,0.6,,,,,,,,,,,,,,,,,,,,,,,,,,,,,,,,,,,
関東,神奈川県,2058,2241,-183,-8.2,393,386,7,1.8,252,242,10,4.1,19.1,17.2,1.9,,,,,,,,,,,,,,,,,,,,,,,,,,,,,,,,,,,
関東,新潟県,627,674,-47,-7,147,168,-21,-12.5,71,94,-23,-24.5,23.4,24.9,-1.5,,,,,,,,,,,,,,,,,,,,,,,,,,,,,,,,,,,
関東,山梨県,143,149,-6,-4,21,38,-17,-44.7,12,17,-5,-29.4,14.7,25.5,-10.8,,,,,,,,,,,,,,,,,,,,,,,,,,,,,,,,,,,
関東,長野県,493,464,29,6.3,75,101,-26,-25.7,36,54,-18,-33.3,15.2,21.8,-6.6,,,,,,,,,,,,,,,,,,,,,,,,,,,,,,,,,,,
関東,静岡県,1054,1068,-14,-1.3,207,228,-21,-9.2,126,122,4,3.3,19.6,21.3,-1.7,,,,,,,,,,,,,,,,,,,,,,,,,,,,,,,,,,,
中部,計,6383,6543,-160,-2.4,819,885,-66,-7.5,459,501,-42,-8.4,12.8,13.5,-0.7,,,,,,,,,,,,,,,,,,,,,,,,,,,,,,,,,,,
中部,富山県,264,243,21,8.6,55,64,-9,-14.1,32,40,-8,-20,20.8,26.3,-5.5,,,,,,,,,,,,,,,,,,,,,,,,,,,,,,,,,,,
中部,石川県,248,269,-21,-7.8,33,50,-17,-34,10,24,-14,-58.3,13.3,18.6,-5.3,,,,,,,,,,,,,,,,,,,,,,,,,,,,,,,,,,,
中部,福井県,147,145,2,1.4,50,55,-5,-9.1,22,33,-11,-33.3,34,37.9,-3.9,,,,,,,,,,,,,,,,,,,,,,,,,,,,,,,,,,,
中部,岐阜県,990,1052,-62,-5.9,116,122,-6,-4.9,60,64,-4,-6.3,11.7,11.6,0.1,,,,,,,,,,,,,,,,,,,,,,,,,,,,,,,,,,,
中部,愛知県,3967,3966,1,0,479,456,23,5,290,292,-2,-0.7,12.1,11.5,0.6,,,,,,,,,,,,,,,,,,,,,,,,,,,,,,,,,,,
中部,三重県,767,868,-101,-11.6,86,138,-52,-37.7,45,48,-3,-6.3,11.2,15.9,-4.7,,,,,,,,,,,,,,,,,,,,,,,,,,,,,,,,,,,
近畿,計,10400,10469,-69,-0.7,1491,1603,-112,-7,958,977,-19,-1.9,14.3,15.3,-1,,,,,,,,,,,,,,,,,,,,,,,,,,,,,,,,,,,
近畿,滋賀県,590,591,-1,-0.2,99,95,4,4.2,69,56,13,23.2,16.8,16.1,0.7,,,,,,,,,,,,,,,,,,,,,,,,,,,,,,,,,,,
近畿,京都府,767,742,25,3.4,161,198,-37,-18.7,116,140,-24,-17.1,21,26.7,-5.7,,,,,,,,,,,,,,,,,,,,,,,,,,,,,,,,,,,
近畿,大阪府,5057,5096,-39,-0.8,583,637,-54,-8.5,402,414,-12,-2.9,11.5,12.5,-1,,,,,,,,,,,,,,,,,,,,,,,,,,,,,,,,,,,
近畿,兵庫県,3264,3286,-22,-0.7,500,481,19,4,298,273,25,9.2,15.3,14.6,0.7,,,,,,,,,,,,,,,,,,,,,,,,,,,,,,,,,,,
近畿,奈良県,437,471,-34,-7.2,78,99,-21,-21.2,40,53,-13,-24.5,17.8,21,-3.2,,,,,,,,,,,,,,,,,,,,,,,,,,,,,,,,,,,
近畿,和歌山県,285,283,2,0.7,70,93,-23,-24.7,33,41,-8,-19.5,24.6,32.9,-8.3,,,,,,,,,,,,,,,,,,,,,,,,,,,,,,,,,,,
中国,計,2130,2106,24,1.1,414,425,-11,-2.6,244,213,31,14.6,19.4,20.2,-0.8,,,,,,,,,,,,,,,,,,,,,,,,,,,,,,,,,,,
中国,鳥取県,136,81,55,67.9,38,34,4,11.8,18,13,5,38.5,27.9,42,-14.1,,,,,,,,,,,,,,,,,,,,,,,,,,,,,,,,,,,
中国,島根県,100,133,-33,-24.8,27,44,-17,-38.6,19,20,-1,-5,27,33.1,-6.1,,,,,,,,,,,,,,,,,,,,,,,,,,,,,,,,,,,
中国,岡山県,549,509,40,7.9,116,148,-32,-21.6,65,66,-1,-1.5,21.1,29.1,-8,,,,,,,,,,,,,,,,,,,,,,,,,,,,,,,,,,,
中国,広島県,1054,1063,-9,-0.8,185,161,24,14.9,110,87,23,26.4,17.6,15.1,2.5,,,,,,,,,,,,,,,,,,,,,,,,,,,,,,,,,,,
中国,山口県,291,320,-29,-9.1,48,38,10,26.3,32,27,5,18.5,16.5,11.9,4.6,,,,,,,,,,,,,,,,,,,,,,,,,,,,,,,,,,,
四国,計,1450,1414,36,2.5,196,201,-5,-2.5,87,95,-8,-8.4,13.5,14.2,-0.7,,,,,,,,,,,,,,,,,,,,,,,,,,,,,,,,,,,
四国,徳島県,212,192,20,10.4,19,35,-16,-45.7,6,8,-2,-25,9,18.2,-9.2,,,,,,,,,,,,,,,,,,,,,,,,,,,,,,,,,,,
四国,香川県,459,442,17,3.8,75,64,11,17.2,29,28,1,3.6,16.3,14.5,1.8,,,,,,,,,,,,,,,,,,,,,,,,,,,,,,,,,,,
四国,愛媛県,532,522,10,1.9,58,59,-1,-1.7,27,29,-2,-6.9,10.9,11.3,-0.4,,,,,,,,,,,,,,,,,,,,,,,,,,,,,,,,,,,
四国,高知県,247,258,-11,-4.3,44,43,1,2.3,25,30,-5,-16.7,17.8,16.7,1.1,,,,,,,,,,,,,,,,,,,,,,,,,,,,,,,,,,,
九州,計,4846,4979,-133,-2.7,776,738,38,5.1,436,421,15,3.6,16,14.8,1.2,,,,,,,,,,,,,,,,,,,,,,,,,,,,,,,,,,,
九州,福岡県,2369,2479,-110,-4.4,230,262,-32,-12.2,129,160,-31,-19.4,9.7,10.6,-0.9,,,,,,,,,,,,,,,,,,,,,,,,,,,,,,,,,,,
九州,佐賀県,143,164,-21,-12.8,30,32,-2,-6.3,16,12,4,33.3,21,19.5,1.5,,,,,,,,,,,,,,,,,,,,,,,,,,,,,,,,,,,
九州,長崎県,178,194,-16,-8.2,64,51,13,25.5,22,20,2,10,36,26.3,9.7,,,,,,,,,,,,,,,,,,,,,,,,,,,,,,,,,,,
九州,熊本県,377,336,41,12.2,97,81,16,19.8,44,44,0,0,25.7,24.1,1.6,,,,,,,,,,,,,,,,,,,,,,,,,,,,,,,,,,,
九州,大分県,236,254,-18,-7.1,36,39,-3,-7.7,20,19,1,5.3,15.3,15.4,-0.1,,,,,,,,,,,,,,,,,,,,,,,,,,,,,,,,,,,
九州,宮崎県,205,207,-2,-1,46,44,2,4.5,20,23,-3,-13,22.4,21.3,1.1,,,,,,,,,,,,,,,,,,,,,,,,,,,,,,,,,,,
九州,鹿児島県,593,590,3,0.5,88,92,-4,-4.3,56,49,7,14.3,14.8,15.6,-0.8,,,,,,,,,,,,,,,,,,,,,,,,,,,,,,,,,,,
九州,沖縄県,745,755,-10,-1.3,185,137,48,35,129,94,35,37.2,24.8,18.1,6.7,,,,,,,,,,,,,,,,,,,,,,,,,,,,,,,,,,,
,,,,,,,,,,,,,,,,,,,,,,,,,,,,,,,,,,,,,,,,,,,,,,,,,,,
,,,,,,,,,,,,,,,,,,,,,,,,,,,,,,,,,,,,,,,,,,,,,,,,,,,
,,,,,,,,,,,,,,,,,,,,,,,,,,,,,,,,,,,,,,,,,,,,,,,,,,,
,,,,,,,,,,,,,,,,,,,,,,,,,,,,,,,,,,,,,,,,,,,,,,,,,,,
第９表,,,街頭犯罪等　都道府県別　対前年比較,,,,,,,,,,,,暫定値,,,,,,,,,,,,,,,,,,,,,,,,,,,,,,,,,,,,
（２） 住居侵入　都道府県別　認知・検挙件数・検挙人員　対前年比較,,,,,,,,,,,,,,,２０２６年２月１日確定,,,,,,,,,,,,,,,,,,,,,,,,,,,,,,,,,,,,
,,,,,,,,,,,,,,,,,,,,,,,,,,,,,,,,,,,,,,,,,,,,,,,,,,,
,,認知件数,認知件数,認知件数,認知件数,検挙件数,検挙件数,検挙件数,検挙件数,検挙人員,検挙人員,検挙人員,検挙人員,検挙率,検挙率,検挙率,,,,,,,,,,,,,,,,,,,,,,,,,,,,,,,,,,,
,都道府県,"2025年
1～11月","2024年
1～11月",増減,増減率(％),"2025年
1～11月","2024年
1～11月",増減,増減率(％),"2025年
1～11月","2024年
1～11月",増減,増減率(％）,"2025年
1～11月","2024年
1～11月",増減ポイント,,,,,,,,,,,,,,,,,,,,,,,,,,,,,,,,,,,
総数,,10022,9431,591,6.3,5154,4982,172,3.5,3212,3085,127,4.1,51.4,52.8,-1.4,,,,,,,,,,,,,,,,,,,,,,,,,,,,,,,,,,,
北海道,計,407,374,33,8.8,219,222,-3,-1.4,152,131,21,16,53.8,59.4,-5.6,,,,,,,,,,,,,,,,,,,,,,,,,,,,,,,,,,,
北海道,札幌方面,251,263,-12,-4.6,150,158,-8,-5.1,109,91,18,19.8,59.8,60.1,-0.3,,,,,,,,,,,,,,,,,,,,,,,,,,,,,,,,,,,
北海道,函館方面,46,36,10,27.8,14,13,1,7.7,12,7,5,71.4,30.4,36.1,-5.7,,,,,,,,,,,,,,,,,,,,,,,,,,,,,,,,,,,
北海道,旭川方面,44,35,9,25.7,24,22,2,9.1,13,17,-4,-23.5,54.5,62.9,-8.4,,,,,,,,,,,,,,,,,,,,,,,,,,,,,,,,,,,
北海道,釧路方面,46,27,19,70.4,23,21,2,9.5,9,11,-2,-18.2,50,77.8,-27.8,,,,,,,,,,,,,,,,,,,,,,,,,,,,,,,,,,,
北海道,北見方面,20,13,7,53.8,8,8,0,0,9,5,4,80,40,61.5,-21.5,,,,,,,,,,,,,,,,,,,,,,,,,,,,,,,,,,,
東北,計,534,601,-67,-11.1,279,279,0,0,144,143,1,0.7,52.2,46.4,5.8,,,,,,,,,,,,,,,,,,,,,,,,,,,,,,,,,,,
東北,青森県,60,75,-15,-20,28,50,-22,-44,30,22,8,36.4,46.7,66.7,-20,,,,,,,,,,,,,,,,,,,,,,,,,,,,,,,,,,,
東北,岩手県,63,64,-1,-1.6,47,31,16,51.6,21,19,2,10.5,74.6,48.4,26.2,,,,,,,,,,,,,,,,,,,,,,,,,,,,,,,,,,,
東北,宮城県,171,213,-42,-19.7,64,86,-22,-25.6,42,48,-6,-12.5,37.4,40.4,-3,,,,,,,,,,,,,,,,,,,,,,,,,,,,,,,,,,,
東北,秋田県,33,33,0,0,26,17,9,52.9,12,7,5,71.4,78.8,51.5,27.3,,,,,,,,,,,,,,,,,,,,,,,,,,,,,,,,,,,
東北,山形県,57,48,9,18.8,65,30,35,116.7,21,18,3,16.7,114,62.5,51.5,,,,,,,,,,,,,,,,,,,,,,,,,,,,,,,,,,,
東北,福島県,150,168,-18,-10.7,49,65,-16,-24.6,18,29,-11,-37.9,32.7,38.7,-6,,,,,,,,,,,,,,,,,,,,,,,,,,,,,,,,,,,
東京都,,758,652,106,16.3,565,472,93,19.7,429,366,63,17.2,74.5,72.4,2.1,,,,,,,,,,,,,,,,,,,,,,,,,,,,,,,,,,,
関東,計,3610,3321,289,8.7,1576,1643,-67,-4.1,881,841,40,4.8,43.7,49.5,-5.8,,,,,,,,,,,,,,,,,,,,,,,,,,,,,,,,,,,
関東,茨城県,376,311,65,20.9,110,117,-7,-6,68,69,-1,-1.4,29.3,37.6,-8.3,,,,,,,,,,,,,,,,,,,,,,,,,,,,,,,,,,,
関東,栃木県,363,266,97,36.5,66,126,-60,-47.6,26,51,-25,-49,18.2,47.4,-29.2,,,,,,,,,,,,,,,,,,,,,,,,,,,,,,,,,,,
関東,群馬県,379,352,27,7.7,87,102,-15,-14.7,59,40,19,47.5,23,29,-6,,,,,,,,,,,,,,,,,,,,,,,,,,,,,,,,,,,
関東,埼玉県,599,501,98,19.6,304,275,29,10.5,185,167,18,10.8,50.8,54.9,-4.1,,,,,,,,,,,,,,,,,,,,,,,,,,,,,,,,,,,
関東,千葉県,565,521,44,8.4,225,275,-50,-18.2,141,138,3,2.2,39.8,52.8,-13,,,,,,,,,,,,,,,,,,,,,,,,,,,,,,,,,,,
関東,神奈川県,675,680,-5,-0.7,438,362,76,21,197,209,-12,-5.7,64.9,53.2,11.7,,,,,,,,,,,,,,,,,,,,,,,,,,,,,,,,,,,
関東,新潟県,157,139,18,12.9,92,84,8,9.5,47,32,15,46.9,58.6,60.4,-1.8,,,,,,,,,,,,,,,,,,,,,,,,,,,,,,,,,,,
関東,山梨県,34,56,-22,-39.3,15,34,-19,-55.9,7,22,-15,-68.2,44.1,60.7,-16.6,,,,,,,,,,,,,,,,,,,,,,,,,,,,,,,,,,,
関東,長野県,139,136,3,2.2,72,77,-5,-6.5,30,29,1,3.4,51.8,56.6,-4.8,,,,,,,,,,,,,,,,,,,,,,,,,,,,,,,,,,,
関東,静岡県,323,359,-36,-10,167,191,-24,-12.6,121,84,37,44,51.7,53.2,-1.5,,,,,,,,,,,,,,,,,,,,,,,,,,,,,,,,,,,
中部,計,1141,1047,94,9,514,469,45,9.6,283,309,-26,-8.4,45,44.8,0.2,,,,,,,,,,,,,,,,,,,,,,,,,,,,,,,,,,,
中部,富山県,101,62,39,62.9,60,40,20,50,38,31,7,22.6,59.4,64.5,-5.1,,,,,,,,,,,,,,,,,,,,,,,,,,,,,,,,,,,
中部,石川県,65,37,28,75.7,28,15,13,86.7,19,13,6,46.2,43.1,40.5,2.6,,,,,,,,,,,,,,,,,,,,,,,,,,,,,,,,,,,
中部,福井県,58,40,18,45,37,37,0,0,25,29,-4,-13.8,63.8,92.5,-28.7,,,,,,,,,,,,,,,,,,,,,,,,,,,,,,,,,,,
中部,岐阜県,192,177,15,8.5,52,64,-12,-18.8,21,47,-26,-55.3,27.1,36.2,-9.1,,,,,,,,,,,,,,,,,,,,,,,,,,,,,,,,,,,
中部,愛知県,517,488,29,5.9,249,249,0,0,147,160,-13,-8.1,48.2,51,-2.8,,,,,,,,,,,,,,,,,,,,,,,,,,,,,,,,,,,
中部,三重県,208,243,-35,-14.4,88,64,24,37.5,33,29,4,13.8,42.3,26.3,16,,,,,,,,,,,,,,,,,,,,,,,,,,,,,,,,,,,
近畿,計,1606,1530,76,5,875,837,38,4.5,663,642,21,3.3,54.5,54.7,-0.2,,,,,,,,,,,,,,,,,,,,,,,,,,,,,,,,,,,
近畿,滋賀県,133,158,-25,-15.8,61,64,-3,-4.7,35,37,-2,-5.4,45.9,40.5,5.4,,,,,,,,,,,,,,,,,,,,,,,,,,,,,,,,,,,
近畿,京都府,127,126,1,0.8,99,93,6,6.5,58,68,-10,-14.7,78,73.8,4.2,,,,,,,,,,,,,,,,,,,,,,,,,,,,,,,,,,,
近畿,大阪府,781,702,79,11.3,362,314,48,15.3,301,234,67,28.6,46.4,44.7,1.7,,,,,,,,,,,,,,,,,,,,,,,,,,,,,,,,,,,
近畿,兵庫県,457,427,30,7,265,288,-23,-8,207,238,-31,-13,58,67.4,-9.4,,,,,,,,,,,,,,,,,,,,,,,,,,,,,,,,,,,
近畿,奈良県,66,76,-10,-13.2,52,45,7,15.6,38,31,7,22.6,78.8,59.2,19.6,,,,,,,,,,,,,,,,,,,,,,,,,,,,,,,,,,,
近畿,和歌山県,42,41,1,2.4,36,33,3,9.1,24,34,-10,-29.4,85.7,80.5,5.2,,,,,,,,,,,,,,,,,,,,,,,,,,,,,,,,,,,
中国,計,590,508,82,16.1,311,281,30,10.7,179,194,-15,-7.7,52.7,55.3,-2.6,,,,,,,,,,,,,,,,,,,,,,,,,,,,,,,,,,,
中国,鳥取県,69,45,24,53.3,36,32,4,12.5,16,15,1,6.7,52.2,71.1,-18.9,,,,,,,,,,,,,,,,,,,,,,,,,,,,,,,,,,,
中国,島根県,27,32,-5,-15.6,20,25,-5,-20,14,9,5,55.6,74.1,78.1,-4,,,,,,,,,,,,,,,,,,,,,,,,,,,,,,,,,,,
中国,岡山県,133,127,6,4.7,75,73,2,2.7,38,57,-19,-33.3,56.4,57.5,-1.1,,,,,,,,,,,,,,,,,,,,,,,,,,,,,,,,,,,
中国,広島県,280,242,38,15.7,130,112,18,16.1,88,86,2,2.3,46.4,46.3,0.1,,,,,,,,,,,,,,,,,,,,,,,,,,,,,,,,,,,
中国,山口県,81,62,19,30.6,50,39,11,28.2,23,27,-4,-14.8,61.7,62.9,-1.2,,,,,,,,,,,,,,,,,,,,,,,,,,,,,,,,,,,
四国,計,243,289,-46,-15.9,177,116,61,52.6,86,76,10,13.2,72.8,40.1,32.7,,,,,,,,,,,,,,,,,,,,,,,,,,,,,,,,,,,
四国,徳島県,46,27,19,70.4,20,14,6,42.9,8,6,2,33.3,43.5,51.9,-8.4,,,,,,,,,,,,,,,,,,,,,,,,,,,,,,,,,,,
四国,香川県,103,143,-40,-28,100,40,60,150,43,28,15,53.6,97.1,28,69.1,,,,,,,,,,,,,,,,,,,,,,,,,,,,,,,,,,,
四国,愛媛県,49,64,-15,-23.4,30,31,-1,-3.2,16,25,-9,-36,61.2,48.4,12.8,,,,,,,,,,,,,,,,,,,,,,,,,,,,,,,,,,,
四国,高知県,45,55,-10,-18.2,27,31,-4,-12.9,19,17,2,11.8,60,56.4,3.6,,,,,,,,,,,,,,,,,,,,,,,,,,,,,,,,,,,
九州,計,1133,1109,24,2.2,638,663,-25,-3.8,395,383,12,3.1,56.3,59.8,-3.5,,,,,,,,,,,,,,,,,,,,,,,,,,,,,,,,,,,
九州,福岡県,436,459,-23,-5,235,256,-21,-8.2,120,128,-8,-6.3,53.9,55.8,-1.9,,,,,,,,,,,,,,,,,,,,,,,,,,,,,,,,,,,
九州,佐賀県,71,60,11,18.3,33,44,-11,-25,17,11,6,54.5,46.5,73.3,-26.8,,,,,,,,,,,,,,,,,,,,,,,,,,,,,,,,,,,
九州,長崎県,95,98,-3,-3.1,68,54,14,25.9,43,30,13,43.3,71.6,55.1,16.5,,,,,,,,,,,,,,,,,,,,,,,,,,,,,,,,,,,
九州,熊本県,79,78,1,1.3,37,63,-26,-41.3,32,22,10,45.5,46.8,80.8,-34,,,,,,,,,,,,,,,,,,,,,,,,,,,,,,,,,,,
九州,大分県,39,31,8,25.8,25,20,5,25,17,14,3,21.4,64.1,64.5,-0.4,,,,,,,,,,,,,,,,,,,,,,,,,,,,,,,,,,,
九州,宮崎県,94,98,-4,-4.1,60,64,-4,-6.3,42,31,11,35.5,63.8,65.3,-1.5,,,,,,,,,,,,,,,,,,,,,,,,,,,,,,,,,,,
九州,鹿児島県,139,113,26,23,65,45,20,44.4,29,33,-4,-12.1,46.8,39.8,7,,,,,,,,,,,,,,,,,,,,,,,,,,,,,,,,,,,
九州,沖縄県,180,172,8,4.7,115,117,-2,-1.7,95,114,-19,-16.7,63.9,68,-4.1,,,,,,,,,,,,,,,,,,,,,,,,,,,,,,,,,,,
,,,,,,,,,,,,,,,,,,,,,,,,,,,,,,,,,,,,,,,,,,,,,,,,,,,
,,,,,,,,,,,,,,,,,,,,,,,,,,,,,,,,,,,,,,,,,,,,,,,,,,,
,,,,,,,,,,,,,,,,,,,,,,,,,,,,,,,,,,,,,,,,,,,,,,,,,,,
,,,,,,,,,,,,,,,,,,,,,,,,,,,,,,,,,,,,,,,,,,,,,,,,,,,
第１０表,,,,刑法犯　都道府県別　身柄措置別　検挙人員　対前年比較,,,,,,,,,,,,,,,,暫定値,,,,,,,,,,,,,,,,,,,,,,,,,,,,,,,
,,,,,,,,,,,,,,,,,,,,２０２６年２月１日確定,,,,,,,,,,,,,,,,,,,,,,,,,,,,,,,
,,,,,,,,,,,,,,,,,,,,,,,,,,,,,,,,,,,,,,,,,,,,,,,,,,,
,,検挙人員,検挙人員,検挙人員,検挙人員,検挙人員,検挙人員,検挙人員,検挙人員,検挙人員,検挙人員,検挙人員,検挙人員,検挙人員,検挙人員,検挙人員,検挙人員,検挙人員,検挙人員,検挙人員,検挙人員,,,,,,,,,,,,,,,,,,,,,,,,,,,,,,
,,総数,総数,総数,総数,現行犯逮捕,現行犯逮捕,現行犯逮捕,現行犯逮捕,緊急逮捕,緊急逮捕,緊急逮捕,緊急逮捕,通常逮捕,通常逮捕,通常逮捕,通常逮捕,身柄不拘束,身柄不拘束,身柄不拘束,身柄不拘束,,,,,,,,,,,,,,,,,,,,,,,,,,,,,,
,都道府県,"2025年
1～11月","2024年
1～11月",増減,増減率(％),"2025年
1～11月","2024年
1～11月",増減,増減率(％),"2025年
1～11月","2024年
1～11月",増減,増減率(％),"2025年
1～11月","2024年
1～11月",増減,増減率(％),"2025年
1～11月","2024年
1～11月",増減,増減率(％),,,,,,,,,,,,,,,,,,,,,,,,,,,,,,
総数,,182883,175630,7253,4.1,21754,21663,91,0.4,2191,2315,-124,-5.4,35036,33482,1554,4.6,123902,118170,5732,4.9,,,,,,,,,,,,,,,,,,,,,,,,,,,,,,
北海道,計,8812,8308,504,6.1,1266,1127,139,12.3,96,116,-20,-17.2,1316,1229,87,7.1,6134,5836,298,5.1,,,,,,,,,,,,,,,,,,,,,,,,,,,,,,
北海道,札幌方面,6000,5476,524,9.6,871,757,114,15.1,78,73,5,6.8,859,791,68,8.6,4192,3855,337,8.7,,,,,,,,,,,,,,,,,,,,,,,,,,,,,,
北海道,函館方面,625,626,-1,-0.2,112,92,20,21.7,3,10,-7,-70,98,88,10,11.4,412,436,-24,-5.5,,,,,,,,,,,,,,,,,,,,,,,,,,,,,,
北海道,旭川方面,865,934,-69,-7.4,116,140,-24,-17.1,6,15,-9,-60,135,142,-7,-4.9,608,637,-29,-4.6,,,,,,,,,,,,,,,,,,,,,,,,,,,,,,
北海道,釧路方面,927,882,45,5.1,133,95,38,40,8,9,-1,-11.1,155,145,10,6.9,631,633,-2,-0.3,,,,,,,,,,,,,,,,,,,,,,,,,,,,,,
北海道,北見方面,395,390,5,1.3,34,43,-9,-20.9,1,9,-8,-88.9,69,63,6,9.5,291,275,16,5.8,,,,,,,,,,,,,,,,,,,,,,,,,,,,,,
東北,計,9183,9340,-157,-1.7,775,879,-104,-11.8,163,179,-16,-8.9,1645,1685,-40,-2.4,6600,6597,3,0,,,,,,,,,,,,,,,,,,,,,,,,,,,,,,
東北,青森県,1388,1384,4,0.3,93,113,-20,-17.7,58,54,4,7.4,238,218,20,9.2,999,999,0,0,,,,,,,,,,,,,,,,,,,,,,,,,,,,,,
東北,岩手県,1099,1057,42,4,94,109,-15,-13.8,25,19,6,31.6,224,220,4,1.8,756,709,47,6.6,,,,,,,,,,,,,,,,,,,,,,,,,,,,,,
東北,宮城県,2719,2760,-41,-1.5,315,369,-54,-14.6,52,78,-26,-33.3,571,591,-20,-3.4,1781,1722,59,3.4,,,,,,,,,,,,,,,,,,,,,,,,,,,,,,
東北,秋田県,855,953,-98,-10.3,35,53,-18,-34,6,11,-5,-45.5,102,112,-10,-8.9,712,777,-65,-8.4,,,,,,,,,,,,,,,,,,,,,,,,,,,,,,
東北,山形県,1257,1232,25,2,77,57,20,35.1,7,7,0,0,177,202,-25,-12.4,996,966,30,3.1,,,,,,,,,,,,,,,,,,,,,,,,,,,,,,
東北,福島県,1865,1954,-89,-4.6,161,178,-17,-9.6,15,10,5,50,333,342,-9,-2.6,1356,1424,-68,-4.8,,,,,,,,,,,,,,,,,,,,,,,,,,,,,,
東京都,,22257,21483,774,3.6,4119,4007,112,2.8,27,36,-9,-25,5389,5217,172,3.3,12722,12223,499,4.1,,,,,,,,,,,,,,,,,,,,,,,,,,,,,,
関東,計,48664,45753,2911,6.4,5224,5227,-3,-0.1,658,708,-50,-7.1,9162,8429,733,8.7,33620,31389,2231,7.1,,,,,,,,,,,,,,,,,,,,,,,,,,,,,,
関東,茨城県,3956,3385,571,16.9,384,396,-12,-3,39,30,9,30,700,687,13,1.9,2833,2272,561,24.7,,,,,,,,,,,,,,,,,,,,,,,,,,,,,,
関東,栃木県,2011,1887,124,6.6,157,186,-29,-15.6,42,50,-8,-16,460,395,65,16.5,1352,1256,96,7.6,,,,,,,,,,,,,,,,,,,,,,,,,,,,,,
関東,群馬県,2989,2839,150,5.3,284,289,-5,-1.7,4,11,-7,-63.6,655,605,50,8.3,2046,1934,112,5.8,,,,,,,,,,,,,,,,,,,,,,,,,,,,,,
関東,埼玉県,9324,8728,596,6.8,1332,1169,163,13.9,79,124,-45,-36.3,2404,2163,241,11.1,5509,5272,237,4.5,,,,,,,,,,,,,,,,,,,,,,,,,,,,,,
関東,千葉県,8005,7780,225,2.9,964,1010,-46,-4.6,72,92,-20,-21.7,1526,1411,115,8.2,5443,5267,176,3.3,,,,,,,,,,,,,,,,,,,,,,,,,,,,,,
関東,神奈川県,11227,10715,512,4.8,1012,1038,-26,-2.5,143,135,8,5.9,1554,1385,169,12.2,8518,8157,361,4.4,,,,,,,,,,,,,,,,,,,,,,,,,,,,,,
関東,新潟県,3026,2754,272,9.9,207,230,-23,-10,22,18,4,22.2,518,479,39,8.1,2279,2027,252,12.4,,,,,,,,,,,,,,,,,,,,,,,,,,,,,,
関東,山梨県,826,774,52,6.7,63,68,-5,-7.4,7,6,1,16.7,162,156,6,3.8,594,544,50,9.2,,,,,,,,,,,,,,,,,,,,,,,,,,,,,,
関東,長野県,1968,1862,106,5.7,106,143,-37,-25.9,26,26,0,0,261,214,47,22,1575,1479,96,6.5,,,,,,,,,,,,,,,,,,,,,,,,,,,,,,
関東,静岡県,5332,5029,303,6,715,698,17,2.4,224,216,8,3.7,922,934,-12,-1.3,3471,3181,290,9.1,,,,,,,,,,,,,,,,,,,,,,,,,,,,,,
中部,計,21111,21237,-126,-0.6,2318,2578,-260,-10.1,346,421,-75,-17.8,3836,3914,-78,-2,14611,14324,287,2,,,,,,,,,,,,,,,,,,,,,,,,,,,,,,
中部,富山県,1792,1694,98,5.8,173,143,30,21,13,25,-12,-48,191,239,-48,-20.1,1415,1287,128,9.9,,,,,,,,,,,,,,,,,,,,,,,,,,,,,,
中部,石川県,1378,1443,-65,-4.5,105,135,-30,-22.2,3,4,-1,-25,302,316,-14,-4.4,968,988,-20,-2,,,,,,,,,,,,,,,,,,,,,,,,,,,,,,
中部,福井県,1134,1164,-30,-2.6,117,101,16,15.8,13,8,5,62.5,212,223,-11,-4.9,792,832,-40,-4.8,,,,,,,,,,,,,,,,,,,,,,,,,,,,,,
中部,岐阜県,2742,2830,-88,-3.1,205,229,-24,-10.5,23,33,-10,-30.3,493,445,48,10.8,2021,2123,-102,-4.8,,,,,,,,,,,,,,,,,,,,,,,,,,,,,,
中部,愛知県,12071,11906,165,1.4,1575,1807,-232,-12.8,281,342,-61,-17.8,2244,2289,-45,-2,7971,7468,503,6.7,,,,,,,,,,,,,,,,,,,,,,,,,,,,,,
中部,三重県,1994,2200,-206,-9.4,143,163,-20,-12.3,13,9,4,44.4,394,402,-8,-2,1444,1626,-182,-11.2,,,,,,,,,,,,,,,,,,,,,,,,,,,,,,
近畿,計,35369,34499,870,2.5,4646,4452,194,4.4,416,388,28,7.2,7338,7091,247,3.5,22969,22568,401,1.8,,,,,,,,,,,,,,,,,,,,,,,,,,,,,,
近畿,滋賀県,2296,2195,101,4.6,119,167,-48,-28.7,21,24,-3,-12.5,483,412,71,17.2,1673,1592,81,5.1,,,,,,,,,,,,,,,,,,,,,,,,,,,,,,
近畿,京都府,3600,3552,48,1.4,389,363,26,7.2,57,51,6,11.8,653,773,-120,-15.5,2501,2365,136,5.8,,,,,,,,,,,,,,,,,,,,,,,,,,,,,,
近畿,大阪府,15376,14818,558,3.8,2074,1763,311,17.6,238,221,17,7.7,3196,2929,267,9.1,9868,9905,-37,-0.4,,,,,,,,,,,,,,,,,,,,,,,,,,,,,,
近畿,兵庫県,10416,10088,328,3.3,1727,1775,-48,-2.7,40,46,-6,-13,2307,2201,106,4.8,6342,6066,276,4.5,,,,,,,,,,,,,,,,,,,,,,,,,,,,,,
近畿,奈良県,2173,2238,-65,-2.9,220,276,-56,-20.3,39,35,4,11.4,459,467,-8,-1.7,1455,1460,-5,-0.3,,,,,,,,,,,,,,,,,,,,,,,,,,,,,,
近畿,和歌山県,1508,1608,-100,-6.2,117,108,9,8.3,21,11,10,90.9,240,309,-69,-22.3,1130,1180,-50,-4.2,,,,,,,,,,,,,,,,,,,,,,,,,,,,,,
中国,計,10180,9500,680,7.2,1138,1094,44,4,70,56,14,25,2075,1982,93,4.7,6897,6368,529,8.3,,,,,,,,,,,,,,,,,,,,,,,,,,,,,,
中国,鳥取県,995,832,163,19.6,56,43,13,30.2,2,1,1,100,153,142,11,7.7,784,646,138,21.4,,,,,,,,,,,,,,,,,,,,,,,,,,,,,,
中国,島根県,787,712,75,10.5,49,48,1,2.1,18,12,6,50,184,172,12,7,536,480,56,11.7,,,,,,,,,,,,,,,,,,,,,,,,,,,,,,
中国,岡山県,2801,2618,183,7,319,306,13,4.2,36,27,9,33.3,534,501,33,6.6,1912,1784,128,7.2,,,,,,,,,,,,,,,,,,,,,,,,,,,,,,
中国,広島県,3817,3759,58,1.5,531,527,4,0.8,8,10,-2,-20,864,862,2,0.2,2414,2360,54,2.3,,,,,,,,,,,,,,,,,,,,,,,,,,,,,,
中国,山口県,1780,1579,201,12.7,183,170,13,7.6,6,6,0,0,340,305,35,11.5,1251,1098,153,13.9,,,,,,,,,,,,,,,,,,,,,,,,,,,,,,
四国,計,5022,4901,121,2.5,359,347,12,3.5,29,26,3,11.5,846,836,10,1.2,3788,3692,96,2.6,,,,,,,,,,,,,,,,,,,,,,,,,,,,,,
四国,徳島県,800,753,47,6.2,26,39,-13,-33.3,1,1,0,0,83,93,-10,-10.8,690,620,70,11.3,,,,,,,,,,,,,,,,,,,,,,,,,,,,,,
四国,香川県,1526,1543,-17,-1.1,64,83,-19,-22.9,6,10,-4,-40,323,324,-1,-0.3,1133,1126,7,0.6,,,,,,,,,,,,,,,,,,,,,,,,,,,,,,
四国,愛媛県,1710,1676,34,2,91,83,8,9.6,1,6,-5,-83.3,223,197,26,13.2,1395,1390,5,0.4,,,,,,,,,,,,,,,,,,,,,,,,,,,,,,
四国,高知県,986,929,57,6.1,178,142,36,25.4,21,9,12,133.3,217,222,-5,-2.3,570,556,14,2.5,,,,,,,,,,,,,,,,,,,,,,,,,,,,,,
九州,計,22285,20609,1676,8.1,1909,1952,-43,-2.2,386,385,1,0.3,3429,3099,330,10.6,16561,15173,1388,9.1,,,,,,,,,,,,,,,,,,,,,,,,,,,,,,
九州,福岡県,9024,8404,620,7.4,770,745,25,3.4,144,166,-22,-13.3,1231,1094,137,12.5,6879,6399,480,7.5,,,,,,,,,,,,,,,,,,,,,,,,,,,,,,
九州,佐賀県,1353,1270,83,6.5,92,93,-1,-1.1,19,31,-12,-38.7,190,216,-26,-12,1052,930,122,13.1,,,,,,,,,,,,,,,,,,,,,,,,,,,,,,
九州,長崎県,1689,1576,113,7.2,114,117,-3,-2.6,41,33,8,24.2,292,210,82,39,1242,1216,26,2.1,,,,,,,,,,,,,,,,,,,,,,,,,,,,,,
九州,熊本県,2527,2369,158,6.7,123,168,-45,-26.8,7,7,0,0,433,369,64,17.3,1964,1825,139,7.6,,,,,,,,,,,,,,,,,,,,,,,,,,,,,,
九州,大分県,1328,1123,205,18.3,51,73,-22,-30.1,8,1,7,700,242,173,69,39.9,1027,876,151,17.2,,,,,,,,,,,,,,,,,,,,,,,,,,,,,,
九州,宮崎県,1385,1236,149,12.1,99,93,6,6.5,25,10,15,150,274,313,-39,-12.5,987,820,167,20.4,,,,,,,,,,,,,,,,,,,,,,,,,,,,,,
九州,鹿児島県,1931,1810,121,6.7,117,143,-26,-18.2,10,5,5,100,359,311,48,15.4,1445,1351,94,7,,,,,,,,,,,,,,,,,,,,,,,,,,,,,,
九州,沖縄県,3048,2821,227,8,543,520,23,4.4,132,132,0,0,408,413,-5,-1.2,1965,1756,209,11.9,,,,,,,,,,,,,,,,,,,,,,,,,,,,,,
第１１表,特別法犯　主要法令別　検挙件数・検挙人員　対前年比較,,,,,,,,,,,,,,,,,,,,,,,,,,,,,,,,,,,,,,,,,,,,,,,,,,
,,,,,,,,暫定値,,,,,,,,,,,,,,,,,,,,,,,,,,,,,,,,,,,,,,,,,,,
,,,,,,,,２０２６年２月１日確定,,,,,,,,,,,,,,,,,,,,,,,,,,,,,,,,,,,,,,,,,,,
,,,,,,,,,,,,,,,,,,,,,,,,,,,,,,,,,,,,,,,,,,,,,,,,,,,
,検挙件数,検挙件数,検挙件数,検挙件数,検挙人員,検挙人員,検挙人員,検挙人員,,,,,,,,,,,,,,,,,,,,,,,,,,,,,,,,,,,,,,,,,,,
法令別,"2025年
1～11月","2024年
1～11月",増減,増減率（％),"2025年
1～11月","2024年
1～11月",増減,増減率（％),,,,,,,,,,,,,,,,,,,,,,,,,,,,,,,,,,,,,,,,,,,
特別法犯総数　注１,59705,59561,144,0.2,45872,47230,-1358,-2.9,,,,,,,,,,,,,,,,,,,,,,,,,,,,,,,,,,,,,,,,,,,
公職選挙法,195,136,59,43.4,315,92,223,242.4,,,,,,,,,,,,,,,,,,,,,,,,,,,,,,,,,,,,,,,,,,,
入管法,4871,5667,-796,-14,3298,3807,-509,-13.4,,,,,,,,,,,,,,,,,,,,,,,,,,,,,,,,,,,,,,,,,,,
軽犯罪法,5669,5956,-287,-4.8,5576,5996,-420,-7,,,,,,,,,,,,,,,,,,,,,,,,,,,,,,,,,,,,,,,,,,,
迷惑防止条例,4531,5269,-738,-14,3163,3735,-572,-15.3,,,,,,,,,,,,,,,,,,,,,,,,,,,,,,,,,,,,,,,,,,,
ストーカー規制法,1325,1219,106,8.7,1076,972,104,10.7,,,,,,,,,,,,,,,,,,,,,,,,,,,,,,,,,,,,,,,,,,,
DV法,69,60,9,15,59,52,7,13.5,,,,,,,,,,,,,,,,,,,,,,,,,,,,,,,,,,,,,,,,,,,
競馬法,3,1,2,200,2,1,1,100,,,,,,,,,,,,,,,,,,,,,,,,,,,,,,,,,,,,,,,,,,,
風営適正化法,587,670,-83,-12.4,736,948,-212,-22.4,,,,,,,,,,,,,,,,,,,,,,,,,,,,,,,,,,,,,,,,,,,
売春防止法,311,384,-73,-19,305,350,-45,-12.9,,,,,,,,,,,,,,,,,,,,,,,,,,,,,,,,,,,,,,,,,,,
児童福祉法,74,76,-2,-2.6,48,67,-19,-28.4,,,,,,,,,,,,,,,,,,,,,,,,,,,,,,,,,,,,,,,,,,,
児童買春・児童ポルノ法,2729,2952,-223,-7.6,1333,1616,-283,-17.5,,,,,,,,,,,,,,,,,,,,,,,,,,,,,,,,,,,,,,,,,,,
青少年保護育成条例,1205,1352,-147,-10.9,952,1090,-138,-12.7,,,,,,,,,,,,,,,,,,,,,,,,,,,,,,,,,,,,,,,,,,,
出資法,60,68,-8,-11.8,62,71,-9,-12.7,,,,,,,,,,,,,,,,,,,,,,,,,,,,,,,,,,,,,,,,,,,
貸金業法,44,55,-11,-20,42,59,-17,-28.8,,,,,,,,,,,,,,,,,,,,,,,,,,,,,,,,,,,,,,,,,,,
犯罪収益移転防止法,4310,4113,197,4.8,3211,3087,124,4,,,,,,,,,,,,,,,,,,,,,,,,,,,,,,,,,,,,,,,,,,,
宅地建物取引業法,13,16,-3,-18.8,17,22,-5,-22.7,,,,,,,,,,,,,,,,,,,,,,,,,,,,,,,,,,,,,,,,,,,
関税法,30,36,-6,-16.7,32,36,-4,-11.1,,,,,,,,,,,,,,,,,,,,,,,,,,,,,,,,,,,,,,,,,,,
外為法,1,5,-4,-80,2,8,-6,-75,,,,,,,,,,,,,,,,,,,,,,,,,,,,,,,,,,,,,,,,,,,
著作権法,221,151,70,46.4,66,79,-13,-16.5,,,,,,,,,,,,,,,,,,,,,,,,,,,,,,,,,,,,,,,,,,,
商標法,495,613,-118,-19.2,178,241,-63,-26.1,,,,,,,,,,,,,,,,,,,,,,,,,,,,,,,,,,,,,,,,,,,
不正アクセス禁止法,399,501,-102,-20.4,137,145,-8,-5.5,,,,,,,,,,,,,,,,,,,,,,,,,,,,,,,,,,,,,,,,,,,
不正競争防止法,64,36,28,77.8,79,59,20,33.9,,,,,,,,,,,,,,,,,,,,,,,,,,,,,,,,,,,,,,,,,,,
銃刀法,4187,4205,-18,-0.4,3516,3589,-73,-2,,,,,,,,,,,,,,,,,,,,,,,,,,,,,,,,,,,,,,,,,,,
火薬類取締法,103,112,-9,-8,77,76,1,1.3,,,,,,,,,,,,,,,,,,,,,,,,,,,,,,,,,,,,,,,,,,,
麻薬等取締法,10575,1881,8694,462.2,6994,1091,5903,541.1,,,,,,,,,,,,,,,,,,,,,,,,,,,,,,,,,,,,,,,,,,,
あへん法,4,6,-2,-33.3,9,10,-1,-10,,,,,,,,,,,,,,,,,,,,,,,,,,,,,,,,,,,,,,,,,,,
大麻草栽培規制法　　注２,137,6688,-6551,-98,127,5335,-5208,-97.6,,,,,,,,,,,,,,,,,,,,,,,,,,,,,,,,,,,,,,,,,,,
覚醒剤取締法,8368,7930,438,5.5,5593,5380,213,4,,,,,,,,,,,,,,,,,,,,,,,,,,,,,,,,,,,,,,,,,,,
医薬品医療機器等法,346,537,-191,-35.6,252,369,-117,-31.7,,,,,,,,,,,,,,,,,,,,,,,,,,,,,,,,,,,,,,,,,,,
毒物及び劇物取締法,89,96,-7,-7.3,68,78,-10,-12.8,,,,,,,,,,,,,,,,,,,,,,,,,,,,,,,,,,,,,,,,,,,
廃棄物処理法,4467,4523,-56,-1.2,4788,4955,-167,-3.4,,,,,,,,,,,,,,,,,,,,,,,,,,,,,,,,,,,,,,,,,,,
労働基準法,17,32,-15,-46.9,18,36,-18,-50,,,,,,,,,,,,,,,,,,,,,,,,,,,,,,,,,,,,,,,,,,,
その他,4206,4215,-9,-0.2,3741,3778,-37,-1,,,,,,,,,,,,,,,,,,,,,,,,,,,,,,,,,,,,,,,,,,,
,,,,,,,,,,,,,,,,,,,,,,,,,,,,,,,,,,,,,,,,,,,,,,,,,,,
注１　自動車の運転により人を死傷させる行為等の処罰に関する法律及び交通法令違反を除く。,,,,,,,,,,,,,,,,,,,,,,,,,,,,,,,,,,,,,,,,,,,,,,,,,,,
注２　2024年の大麻草栽培規制法の数値には、大麻取締法の数値を含む。,,,,,,,,,,,,,,,,,,,,,,,,,,,,,,,,,,,,,,,,,,,,,,,,,,,
,第１２表,,,来日外国人による　重要犯罪・重要窃盗犯　国籍別　検挙人員　対前年比較,,,,,,,,,,,,暫定値,,,,,,,,,,,,,,,,,,,,,,,,,,,,,,,,,,,
,,,,,,,,,,,,,,,,２０２６年２月１日確定,,,,,,,,,,,,,,,,,,,,,,,,,,,,,,,,,,,
,,,,,,,,,,,,,,,,,,,,,,,,,,,,,,,,,,,,,,,,,,,,,,,,,,,
,,検挙人員,検挙人員,検挙人員,検挙人員,検挙人員,検挙人員,検挙人員,検挙人員,検挙人員,検挙人員,検挙人員,検挙人員,検挙人員,検挙人員,検挙人員,検挙人員,,,,,,,,,,,,,,,,,,,,,,,,,,,,,,,,,,
,,総数,総数,重要犯罪,重要犯罪,殺人,殺人,強盗,強盗,放火,放火,不同意性交等,不同意性交等,"略取誘拐・
人身売買","略取誘拐・
人身売買",不同意わいせつ,不同意わいせつ,,,,,,,,,,,,,,,,,,,,,,,,,,,,,,,,,,
,,"2025年
1～11月","2024年
1～11月","2025年
1～11月","2024年
1～11月","2025年
1～11月","2024年
1～11月","2025年
1～11月","2024年
1～11月","2025年
1～11月","2024年
1～11月","2025年
1～11月","2024年
1～11月","2025年
1～11月","2024年
1～11月","2025年
1～11月","2024年
1～11月",,,,,,,,,,,,,,,,,,,,,,,,,,,,,,,,,,
総数,,897,802,508,449,56,64,128,93,10,11,127,100,21,11,166,170,,,,,,,,,,,,,,,,,,,,,,,,,,,,,,,,,,
アジア州,計,738,628,413,337,53,60,95,64,7,7,106,71,16,9,136,126,,,,,,,,,,,,,,,,,,,,,,,,,,,,,,,,,,
アジア州,韓国・朝鮮,28,28,22,19,1,1,6,5,0,1,11,5,0,0,4,7,,,,,,,,,,,,,,,,,,,,,,,,,,,,,,,,,,
アジア州,中国,103,118,65,81,7,13,13,27,1,2,20,13,1,5,23,21,,,,,,,,,,,,,,,,,,,,,,,,,,,,,,,,,,
アジア州,イラン,4,3,3,3,1,3,0,0,0,0,2,0,0,0,0,0,,,,,,,,,,,,,,,,,,,,,,,,,,,,,,,,,,
アジア州,インド,24,17,22,17,1,0,4,0,0,0,2,2,1,0,14,15,,,,,,,,,,,,,,,,,,,,,,,,,,,,,,,,,,
アジア州,インドネシア,32,14,21,10,4,0,12,6,0,0,0,2,0,0,5,2,,,,,,,,,,,,,,,,,,,,,,,,,,,,,,,,,,
アジア州,スリランカ,28,37,24,22,2,1,7,2,3,0,5,8,0,0,7,11,,,,,,,,,,,,,,,,,,,,,,,,,,,,,,,,,,
アジア州,タイ,19,10,7,3,1,0,4,1,0,0,1,1,0,0,1,1,,,,,,,,,,,,,,,,,,,,,,,,,,,,,,,,,,
アジア州,パキスタン,27,28,19,18,0,0,0,3,1,0,4,4,0,0,14,11,,,,,,,,,,,,,,,,,,,,,,,,,,,,,,,,,,
アジア州,バングラデシユ,17,11,15,10,1,1,0,0,0,1,4,5,1,0,9,3,,,,,,,,,,,,,,,,,,,,,,,,,,,,,,,,,,
アジア州,フイリピン,50,40,32,27,1,7,9,2,0,2,13,7,2,0,7,9,,,,,,,,,,,,,,,,,,,,,,,,,,,,,,,,,,
アジア州,ベトナム,287,230,100,67,28,31,30,14,2,0,15,4,9,4,16,14,,,,,,,,,,,,,,,,,,,,,,,,,,,,,,,,,,
アジア州,マレーシア,7,1,6,1,0,0,3,0,0,0,0,0,0,0,3,1,,,,,,,,,,,,,,,,,,,,,,,,,,,,,,,,,,
アジア州,その他,112,91,77,59,6,3,7,4,0,1,29,20,2,0,33,31,,,,,,,,,,,,,,,,,,,,,,,,,,,,,,,,,,
ヨーロッパ州,計,39,29,22,17,0,1,11,7,2,0,4,1,1,0,4,8,,,,,,,,,,,,,,,,,,,,,,,,,,,,,,,,,,
ヨーロッパ州,イギリス,4,0,4,0,0,0,1,0,1,0,0,0,0,0,2,0,,,,,,,,,,,,,,,,,,,,,,,,,,,,,,,,,,
ヨーロッパ州,イタリア,2,1,0,0,0,0,0,0,0,0,0,0,0,0,0,0,,,,,,,,,,,,,,,,,,,,,,,,,,,,,,,,,,
ヨーロッパ州,ドイツ,0,0,0,0,0,0,0,0,0,0,0,0,0,0,0,0,,,,,,,,,,,,,,,,,,,,,,,,,,,,,,,,,,
ヨーロッパ州,フランス,6,3,2,2,0,0,1,1,0,0,0,0,1,0,0,1,,,,,,,,,,,,,,,,,,,,,,,,,,,,,,,,,,
ヨーロッパ州,ロシア,4,4,1,3,0,0,0,2,1,0,0,0,0,0,0,1,,,,,,,,,,,,,,,,,,,,,,,,,,,,,,,,,,
ヨーロッパ州,その他,23,21,15,12,0,1,9,4,0,0,4,1,0,0,2,6,,,,,,,,,,,,,,,,,,,,,,,,,,,,,,,,,,
南北アメリカ州,計,91,101,53,61,3,2,20,15,1,4,12,15,4,2,13,23,,,,,,,,,,,,,,,,,,,,,,,,,,,,,,,,,,
南北アメリカ州,アメリカ,16,15,11,12,0,0,3,4,0,1,3,2,1,1,4,4,,,,,,,,,,,,,,,,,,,,,,,,,,,,,,,,,,
南北アメリカ州,カナダ,2,3,1,3,0,0,0,0,0,1,0,1,0,0,1,1,,,,,,,,,,,,,,,,,,,,,,,,,,,,,,,,,,
南北アメリカ州,ブラジル,50,51,29,26,3,1,12,7,1,1,5,8,3,0,5,9,,,,,,,,,,,,,,,,,,,,,,,,,,,,,,,,,,
南北アメリカ州,その他,23,32,12,20,0,1,5,4,0,1,4,4,0,1,3,9,,,,,,,,,,,,,,,,,,,,,,,,,,,,,,,,,,
アフリカ州,計,26,34,19,28,0,1,2,3,0,0,5,11,0,0,12,13,,,,,,,,,,,,,,,,,,,,,,,,,,,,,,,,,,
オセアニア州,計,3,10,1,6,0,0,0,4,0,0,0,2,0,0,1,0,,,,,,,,,,,,,,,,,,,,,,,,,,,,,,,,,,
無国籍,計,0,0,0,0,0,0,0,0,0,0,0,0,0,0,0,0,,,,,,,,,,,,,,,,,,,,,,,,,,,,,,,,,,
国籍不明,計,0,0,0,0,0,0,0,0,0,0,0,0,0,0,0,0,,,,,,,,,,,,,,,,,,,,,,,,,,,,,,,,,,
,,,,,,,,,,,,,,,,,,,,,,,,,,,,,,,,,,,,,,,,,,,,,,,,,,,
 注 「中国」は、台湾、香港等を含む。,,,,,,,,,,,,,,,,,,,,,,,,,,,,,,,,,,,,,,,,,,,,,,,,,,,
,第１２表,,,来日外国人による　重要犯罪・重要窃盗犯　国籍別　検挙人員　対前年比較,,,,,,,,,,,,暫定値,,,,,,,,,,,,,,,,,,,,,,,,,,,,,,,,,,,
,,,,,,,,,,,,,,,,２０２６年２月１日確定,,,,,,,,,,,,,,,,,,,,,,,,,,,,,,,,,,,
,,,,,,,,,,,,,,,,,,,,,,,,,,,,,,,,,,,,,,,,,,,,,,,,,,,
,,検挙人員,検挙人員,検挙人員,検挙人員,検挙人員,検挙人員,検挙人員,検挙人員,検挙人員,検挙人員,,,,,,,,,,,,,,,,,,,,,,,,,,,,,,,,,,,,,,,,
,,重要窃盗犯,重要窃盗犯,侵入盗,侵入盗,自動車盗,自動車盗,ひったくり,ひったくり,すり,すり,,,,,,,,,,,,,,,,,,,,,,,,,,,,,,,,,,,,,,,,
,,"2025年
1～11月","2024年
1～11月","2025年
1～11月","2024年
1～11月","2025年
1～11月","2024年
1～11月","2025年
1～11月","2024年
1～11月","2025年
1～11月","2024年
1～11月",,,,,,,,,,,,,,,,,,,,,,,,,,,,,,,,,,,,,,,,
総数,,389,353,313,264,46,60,11,6,19,23,,,,,,,,,,,,,,,,,,,,,,,,,,,,,,,,,,,,,,,,
アジア州,計,325,291,271,221,31,49,7,2,16,19,,,,,,,,,,,,,,,,,,,,,,,,,,,,,,,,,,,,,,,,
アジア州,韓国・朝鮮,6,9,6,8,0,0,0,1,0,0,,,,,,,,,,,,,,,,,,,,,,,,,,,,,,,,,,,,,,,,
アジア州,中国,38,37,26,26,2,1,1,0,9,10,,,,,,,,,,,,,,,,,,,,,,,,,,,,,,,,,,,,,,,,
アジア州,イラン,1,0,0,0,1,0,0,0,0,0,,,,,,,,,,,,,,,,,,,,,,,,,,,,,,,,,,,,,,,,
アジア州,インド,2,0,2,0,0,0,0,0,0,0,,,,,,,,,,,,,,,,,,,,,,,,,,,,,,,,,,,,,,,,
アジア州,インドネシア,11,4,9,4,0,0,1,0,1,0,,,,,,,,,,,,,,,,,,,,,,,,,,,,,,,,,,,,,,,,
アジア州,スリランカ,4,15,1,7,3,8,0,0,0,0,,,,,,,,,,,,,,,,,,,,,,,,,,,,,,,,,,,,,,,,
アジア州,タイ,12,7,12,7,0,0,0,0,0,0,,,,,,,,,,,,,,,,,,,,,,,,,,,,,,,,,,,,,,,,
アジア州,パキスタン,8,10,2,1,6,9,0,0,0,0,,,,,,,,,,,,,,,,,,,,,,,,,,,,,,,,,,,,,,,,
アジア州,バングラデシユ,2,1,1,0,0,0,1,0,0,1,,,,,,,,,,,,,,,,,,,,,,,,,,,,,,,,,,,,,,,,
アジア州,フイリピン,18,13,12,11,5,0,1,0,0,2,,,,,,,,,,,,,,,,,,,,,,,,,,,,,,,,,,,,,,,,
アジア州,ベトナム,187,163,174,135,12,24,0,1,1,3,,,,,,,,,,,,,,,,,,,,,,,,,,,,,,,,,,,,,,,,
アジア州,マレーシア,1,0,0,0,0,0,0,0,1,0,,,,,,,,,,,,,,,,,,,,,,,,,,,,,,,,,,,,,,,,
アジア州,その他,35,32,26,22,2,7,3,0,4,3,,,,,,,,,,,,,,,,,,,,,,,,,,,,,,,,,,,,,,,,
ヨーロッパ州,計,17,12,12,9,2,1,1,2,2,0,,,,,,,,,,,,,,,,,,,,,,,,,,,,,,,,,,,,,,,,
ヨーロッパ州,イギリス,0,0,0,0,0,0,0,0,0,0,,,,,,,,,,,,,,,,,,,,,,,,,,,,,,,,,,,,,,,,
ヨーロッパ州,イタリア,2,1,1,0,0,1,1,0,0,0,,,,,,,,,,,,,,,,,,,,,,,,,,,,,,,,,,,,,,,,
ヨーロッパ州,ドイツ,0,0,0,0,0,0,0,0,0,0,,,,,,,,,,,,,,,,,,,,,,,,,,,,,,,,,,,,,,,,
ヨーロッパ州,フランス,4,1,4,1,0,0,0,0,0,0,,,,,,,,,,,,,,,,,,,,,,,,,,,,,,,,,,,,,,,,
ヨーロッパ州,ロシア,3,1,1,1,1,0,0,0,1,0,,,,,,,,,,,,,,,,,,,,,,,,,,,,,,,,,,,,,,,,
ヨーロッパ州,その他,8,9,6,7,1,0,0,2,1,0,,,,,,,,,,,,,,,,,,,,,,,,,,,,,,,,,,,,,,,,
南北アメリカ州,計,38,40,28,28,10,9,0,2,0,1,,,,,,,,,,,,,,,,,,,,,,,,,,,,,,,,,,,,,,,,
南北アメリカ州,アメリカ,5,3,4,2,1,0,0,1,0,0,,,,,,,,,,,,,,,,,,,,,,,,,,,,,,,,,,,,,,,,
南北アメリカ州,カナダ,1,0,1,0,0,0,0,0,0,0,,,,,,,,,,,,,,,,,,,,,,,,,,,,,,,,,,,,,,,,
南北アメリカ州,ブラジル,21,25,13,18,8,6,0,0,0,1,,,,,,,,,,,,,,,,,,,,,,,,,,,,,,,,,,,,,,,,
南北アメリカ州,その他,11,12,10,8,1,3,0,1,0,0,,,,,,,,,,,,,,,,,,,,,,,,,,,,,,,,,,,,,,,,
アフリカ州,計,7,6,1,3,3,0,2,0,1,3,,,,,,,,,,,,,,,,,,,,,,,,,,,,,,,,,,,,,,,,
オセアニア州,計,2,4,1,3,0,1,1,0,0,0,,,,,,,,,,,,,,,,,,,,,,,,,,,,,,,,,,,,,,,,
無国籍,計,0,0,0,0,0,0,0,0,0,0,,,,,,,,,,,,,,,,,,,,,,,,,,,,,,,,,,,,,,,,
国籍不明,計,0,0,0,0,0,0,0,0,0,0,,,,,,,,,,,,,,,,,,,,,,,,,,,,,,,,,,,,,,,,
,,,,,,,,,,,,,,,,,,,,,,,,,,,,,,,,,,,,,,,,,,,,,,,,,,,
第１３表,,,,来日外国人による　刑法犯・特別法犯　検挙件数・検挙人員　対前年比較,,,,,,,,,,,,暫定値,,,,,,,,,,,,,,,,,,,,,,,,,,,,,,,,,,,
,,,,,,,,,,,,,,,,２０２６年２月１日確定,,,,,,,,,,,,,,,,,,,,,,,,,,,,,,,,,,,
,,,,,,,,,,,,,,,,,,,,,,,,,,,,,,,,,,,,,,,,,,,,,,,,,,,
,,検挙件数,検挙件数,検挙件数,検挙件数,検挙人員,検挙人員,検挙人員,検挙人員,検挙件数,検挙件数,検挙件数,検挙件数,検挙人員,検挙人員,検挙人員,検挙人員,,,,,,,,,,,,,,,,,,,,,,,,,,,,,,,,,,
,,"刑法犯
特別法犯","刑法犯
特別法犯","刑法犯
特別法犯","刑法犯
特別法犯","刑法犯
特別法犯","刑法犯
特別法犯","刑法犯
特別法犯","刑法犯
特別法犯",刑法犯,刑法犯,刑法犯,刑法犯,刑法犯,刑法犯,刑法犯,刑法犯,,,,,,,,,,,,,,,,,,,,,,,,,,,,,,,,,,
,,"2025年
1～11月","2024年
1～11月",増減,増減率（％）,"2025年
1～11月","2024年
1～11月",増減,増減率（％）,"2025年
1～11月","2024年
1～11月",増減,増減率（％）,"2025年
1～11月","2024年
1～11月",増減,増減率（％）,,,,,,,,,,,,,,,,,,,,,,,,,,,,,,,,,,
総数,,22831,19292,3539,18.3,11541,11024,517,4.7,15706,11666,4040,34.6,6626,5770,856,14.8,,,,,,,,,,,,,,,,,,,,,,,,,,,,,,,,,,
北海道,計,217,219,-2,-0.9,153,132,21,15.9,175,143,32,22.4,118,89,29,32.6,,,,,,,,,,,,,,,,,,,,,,,,,,,,,,,,,,
北海道,札幌方面,148,175,-27,-15.4,118,88,30,34.1,109,115,-6,-5.2,87,57,30,52.6,,,,,,,,,,,,,,,,,,,,,,,,,,,,,,,,,,
北海道,函館方面,8,5,3,60,8,5,3,60,6,3,3,100,6,4,2,50,,,,,,,,,,,,,,,,,,,,,,,,,,,,,,,,,,
北海道,旭川方面,24,14,10,71.4,11,13,-2,-15.4,23,12,11,91.7,9,12,-3,-25,,,,,,,,,,,,,,,,,,,,,,,,,,,,,,,,,,
北海道,釧路方面,26,15,11,73.3,13,12,1,8.3,26,7,19,271.4,13,7,6,85.7,,,,,,,,,,,,,,,,,,,,,,,,,,,,,,,,,,
北海道,北見方面,11,10,1,10,3,14,-11,-78.6,11,6,5,83.3,3,9,-6,-66.7,,,,,,,,,,,,,,,,,,,,,,,,,,,,,,,,,,
東北,計,652,513,139,27.1,240,183,57,31.1,515,391,124,31.7,150,118,32,27.1,,,,,,,,,,,,,,,,,,,,,,,,,,,,,,,,,,
東北,青森県,19,28,-9,-32.1,18,17,1,5.9,13,23,-10,-43.5,11,11,0,0,,,,,,,,,,,,,,,,,,,,,,,,,,,,,,,,,,
東北,岩手県,122,95,27,28.4,40,23,17,73.9,96,73,23,31.5,19,14,5,35.7,,,,,,,,,,,,,,,,,,,,,,,,,,,,,,,,,,
東北,宮城県,180,142,38,26.8,99,68,31,45.6,121,86,35,40.7,53,41,12,29.3,,,,,,,,,,,,,,,,,,,,,,,,,,,,,,,,,,
東北,秋田県,39,8,31,387.5,15,8,7,87.5,28,6,22,366.7,10,6,4,66.7,,,,,,,,,,,,,,,,,,,,,,,,,,,,,,,,,,
東北,山形県,202,182,20,11,33,27,6,22.2,184,172,12,7,27,26,1,3.8,,,,,,,,,,,,,,,,,,,,,,,,,,,,,,,,,,
東北,福島県,90,58,32,55.2,35,40,-5,-12.5,73,31,42,135.5,30,20,10,50,,,,,,,,,,,,,,,,,,,,,,,,,,,,,,,,,,
東京都,,4574,4219,355,8.4,3095,2897,198,6.8,2253,1793,460,25.7,1543,1252,291,23.2,,,,,,,,,,,,,,,,,,,,,,,,,,,,,,,,,,
関東,計,10160,8502,1658,19.5,3772,3835,-63,-1.6,7427,5367,2060,38.4,1946,1732,214,12.4,,,,,,,,,,,,,,,,,,,,,,,,,,,,,,,,,,
関東,茨城県,1741,1298,443,34.1,529,632,-103,-16.3,1258,617,641,103.9,236,182,54,29.7,,,,,,,,,,,,,,,,,,,,,,,,,,,,,,,,,,
関東,栃木県,548,328,220,67.1,182,186,-4,-2.2,425,167,258,154.5,93,77,16,20.8,,,,,,,,,,,,,,,,,,,,,,,,,,,,,,,,,,
関東,群馬県,1583,1219,364,29.9,371,416,-45,-10.8,1293,859,434,50.5,217,201,16,8,,,,,,,,,,,,,,,,,,,,,,,,,,,,,,,,,,
関東,埼玉県,1620,1751,-131,-7.5,798,762,36,4.7,958,1094,-136,-12.4,391,375,16,4.3,,,,,,,,,,,,,,,,,,,,,,,,,,,,,,,,,,
関東,千葉県,2283,1262,1021,80.9,740,740,0,0,1791,713,1078,151.2,336,352,-16,-4.5,,,,,,,,,,,,,,,,,,,,,,,,,,,,,,,,,,
関東,神奈川県,1061,1249,-188,-15.1,577,614,-37,-6,681,784,-103,-13.1,304,245,59,24.1,,,,,,,,,,,,,,,,,,,,,,,,,,,,,,,,,,
関東,新潟県,226,387,-161,-41.6,81,54,27,50,195,349,-154,-44.1,65,38,27,71.1,,,,,,,,,,,,,,,,,,,,,,,,,,,,,,,,,,
関東,山梨県,100,116,-16,-13.8,64,54,10,18.5,54,78,-24,-30.8,31,24,7,29.2,,,,,,,,,,,,,,,,,,,,,,,,,,,,,,,,,,
関東,長野県,181,332,-151,-45.5,115,84,31,36.9,102,269,-167,-62.1,58,31,27,87.1,,,,,,,,,,,,,,,,,,,,,,,,,,,,,,,,,,
関東,静岡県,817,560,257,45.9,315,293,22,7.5,670,437,233,53.3,215,207,8,3.9,,,,,,,,,,,,,,,,,,,,,,,,,,,,,,,,,,
中部,計,2973,2586,387,15,1575,1650,-75,-4.5,2124,1645,479,29.1,1021,1012,9,0.9,,,,,,,,,,,,,,,,,,,,,,,,,,,,,,,,,,
中部,富山県,171,133,38,28.6,99,73,26,35.6,129,105,24,22.9,68,56,12,21.4,,,,,,,,,,,,,,,,,,,,,,,,,,,,,,,,,,
中部,石川県,64,108,-44,-40.7,47,60,-13,-21.7,41,76,-35,-46.1,32,34,-2,-5.9,,,,,,,,,,,,,,,,,,,,,,,,,,,,,,,,,,
中部,福井県,145,130,15,11.5,65,53,12,22.6,117,105,12,11.4,53,41,12,29.3,,,,,,,,,,,,,,,,,,,,,,,,,,,,,,,,,,
中部,岐阜県,517,423,94,22.2,188,209,-21,-10,455,345,110,31.9,146,161,-15,-9.3,,,,,,,,,,,,,,,,,,,,,,,,,,,,,,,,,,
中部,愛知県,1560,1522,38,2.5,1033,1105,-72,-6.5,951,832,119,14.3,629,620,9,1.5,,,,,,,,,,,,,,,,,,,,,,,,,,,,,,,,,,
中部,三重県,516,270,246,91.1,143,150,-7,-4.7,431,182,249,136.8,93,100,-7,-7,,,,,,,,,,,,,,,,,,,,,,,,,,,,,,,,,,
近畿,計,2487,1821,666,36.6,1684,1452,232,16,1797,1204,593,49.3,1071,916,155,16.9,,,,,,,,,,,,,,,,,,,,,,,,,,,,,,,,,,
近畿,滋賀県,154,140,14,10,99,87,12,13.8,138,113,25,22.1,87,68,19,27.9,,,,,,,,,,,,,,,,,,,,,,,,,,,,,,,,,,
近畿,京都府,322,175,147,84,160,138,22,15.9,274,122,152,124.6,114,96,18,18.8,,,,,,,,,,,,,,,,,,,,,,,,,,,,,,,,,,
近畿,大阪府,1205,981,224,22.8,947,845,102,12.1,775,617,158,25.6,543,490,53,10.8,,,,,,,,,,,,,,,,,,,,,,,,,,,,,,,,,,
近畿,兵庫県,624,449,175,39,364,317,47,14.8,461,297,164,55.2,241,210,31,14.8,,,,,,,,,,,,,,,,,,,,,,,,,,,,,,,,,,
近畿,奈良県,138,59,79,133.9,86,46,40,87,110,45,65,144.4,63,38,25,65.8,,,,,,,,,,,,,,,,,,,,,,,,,,,,,,,,,,
近畿,和歌山県,44,17,27,158.8,28,19,9,47.4,39,10,29,290,23,14,9,64.3,,,,,,,,,,,,,,,,,,,,,,,,,,,,,,,,,,
中国,計,546,389,157,40.4,290,271,19,7,447,283,164,58,218,193,25,13,,,,,,,,,,,,,,,,,,,,,,,,,,,,,,,,,,
中国,鳥取県,71,33,38,115.2,21,13,8,61.5,66,22,44,200,17,9,8,88.9,,,,,,,,,,,,,,,,,,,,,,,,,,,,,,,,,,
中国,島根県,59,45,14,31.1,18,25,-7,-28,56,42,14,33.3,16,21,-5,-23.8,,,,,,,,,,,,,,,,,,,,,,,,,,,,,,,,,,
中国,岡山県,133,92,41,44.6,72,69,3,4.3,105,72,33,45.8,59,51,8,15.7,,,,,,,,,,,,,,,,,,,,,,,,,,,,,,,,,,
中国,広島県,216,153,63,41.2,121,113,8,7.1,172,113,59,52.2,80,87,-7,-8,,,,,,,,,,,,,,,,,,,,,,,,,,,,,,,,,,
中国,山口県,67,66,1,1.5,58,51,7,13.7,48,34,14,41.2,46,25,21,84,,,,,,,,,,,,,,,,,,,,,,,,,,,,,,,,,,
四国,計,190,160,30,18.8,88,93,-5,-5.4,161,137,24,17.5,71,75,-4,-5.3,,,,,,,,,,,,,,,,,,,,,,,,,,,,,,,,,,
四国,徳島県,26,29,-3,-10.3,17,14,3,21.4,24,26,-2,-7.7,15,10,5,50,,,,,,,,,,,,,,,,,,,,,,,,,,,,,,,,,,
四国,香川県,66,76,-10,-13.2,43,37,6,16.2,51,60,-9,-15,31,27,4,14.8,,,,,,,,,,,,,,,,,,,,,,,,,,,,,,,,,,
四国,愛媛県,80,34,46,135.3,23,26,-3,-11.5,70,32,38,118.8,21,25,-4,-16,,,,,,,,,,,,,,,,,,,,,,,,,,,,,,,,,,
四国,高知県,18,21,-3,-14.3,5,16,-11,-68.8,16,19,-3,-15.8,4,13,-9,-69.2,,,,,,,,,,,,,,,,,,,,,,,,,,,,,,,,,,
九州,計,1032,883,149,16.9,644,511,133,26,807,703,104,14.8,488,383,105,27.4,,,,,,,,,,,,,,,,,,,,,,,,,,,,,,,,,,
九州,福岡県,565,488,77,15.8,330,284,46,16.2,456,386,70,18.1,263,216,47,21.8,,,,,,,,,,,,,,,,,,,,,,,,,,,,,,,,,,
九州,佐賀県,60,14,46,328.6,38,13,25,192.3,38,12,26,216.7,30,11,19,172.7,,,,,,,,,,,,,,,,,,,,,,,,,,,,,,,,,,
九州,長崎県,28,37,-9,-24.3,24,27,-3,-11.1,25,31,-6,-19.4,22,24,-2,-8.3,,,,,,,,,,,,,,,,,,,,,,,,,,,,,,,,,,
九州,熊本県,64,130,-66,-50.8,50,48,2,4.2,54,111,-57,-51.4,42,31,11,35.5,,,,,,,,,,,,,,,,,,,,,,,,,,,,,,,,,,
九州,大分県,124,63,61,96.8,49,28,21,75,104,53,51,96.2,34,23,11,47.8,,,,,,,,,,,,,,,,,,,,,,,,,,,,,,,,,,
九州,宮崎県,17,32,-15,-46.9,15,17,-2,-11.8,15,27,-12,-44.4,12,13,-1,-7.7,,,,,,,,,,,,,,,,,,,,,,,,,,,,,,,,,,
九州,鹿児島県,67,24,43,179.2,53,21,32,152.4,53,18,35,194.4,40,16,24,150,,,,,,,,,,,,,,,,,,,,,,,,,,,,,,,,,,
九州,沖縄県,107,95,12,12.6,85,73,12,16.4,62,65,-3,-4.6,45,49,-4,-8.2,,,,,,,,,,,,,,,,,,,,,,,,,,,,,,,,,,
第１３表,,,,来日外国人による　刑法犯・特別法犯　検挙件数・検挙人員　対前年比較,,,,,,,,,,,,暫定値,,,,,,,,,,,,,,,,,,,,,,,,,,,,,,,,,,,
,,,,,,,,,,,,,,,,２０２６年２月１日確定,,,,,,,,,,,,,,,,,,,,,,,,,,,,,,,,,,,
,,,,,,,,,,,,,,,,,,,,,,,,,,,,,,,,,,,,,,,,,,,,,,,,,,,
,,検挙件数,検挙件数,検挙件数,検挙件数,検挙人員,検挙人員,検挙人員,検挙人員,,,,,,,,,,,,,,,,,,,,,,,,,,,,,,,,,,,,,,,,,,
,,特別法犯,特別法犯,特別法犯,特別法犯,特別法犯,特別法犯,特別法犯,特別法犯,,,,,,,,,,,,,,,,,,,,,,,,,,,,,,,,,,,,,,,,,,
,,"2025年
1～11月","2024年
1～11月",増減,増減率（％）,"2025年
1～11月","2024年
1～11月",増減,増減率（％）,,,,,,,,,,,,,,,,,,,,,,,,,,,,,,,,,,,,,,,,,,
総数,,7125,7626,-501,-6.6,4915,5254,-339,-6.5,,,,,,,,,,,,,,,,,,,,,,,,,,,,,,,,,,,,,,,,,,
北海道,計,42,76,-34,-44.7,35,43,-8,-18.6,,,,,,,,,,,,,,,,,,,,,,,,,,,,,,,,,,,,,,,,,,
北海道,札幌方面,39,60,-21,-35,31,31,0,0,,,,,,,,,,,,,,,,,,,,,,,,,,,,,,,,,,,,,,,,,,
北海道,函館方面,2,2,0,0,2,1,1,100,,,,,,,,,,,,,,,,,,,,,,,,,,,,,,,,,,,,,,,,,,
北海道,旭川方面,1,2,-1,-50,2,1,1,100,,,,,,,,,,,,,,,,,,,,,,,,,,,,,,,,,,,,,,,,,,
北海道,釧路方面,0,8,-8,-100,0,5,-5,-100,,,,,,,,,,,,,,,,,,,,,,,,,,,,,,,,,,,,,,,,,,
北海道,北見方面,0,4,-4,-100,0,5,-5,-100,,,,,,,,,,,,,,,,,,,,,,,,,,,,,,,,,,,,,,,,,,
東北,計,137,122,15,12.3,90,65,25,38.5,,,,,,,,,,,,,,,,,,,,,,,,,,,,,,,,,,,,,,,,,,
東北,青森県,6,5,1,20,7,6,1,16.7,,,,,,,,,,,,,,,,,,,,,,,,,,,,,,,,,,,,,,,,,,
東北,岩手県,26,22,4,18.2,21,9,12,133.3,,,,,,,,,,,,,,,,,,,,,,,,,,,,,,,,,,,,,,,,,,
東北,宮城県,59,56,3,5.4,46,27,19,70.4,,,,,,,,,,,,,,,,,,,,,,,,,,,,,,,,,,,,,,,,,,
東北,秋田県,11,2,9,450,5,2,3,150,,,,,,,,,,,,,,,,,,,,,,,,,,,,,,,,,,,,,,,,,,
東北,山形県,18,10,8,80,6,1,5,500,,,,,,,,,,,,,,,,,,,,,,,,,,,,,,,,,,,,,,,,,,
東北,福島県,17,27,-10,-37,5,20,-15,-75,,,,,,,,,,,,,,,,,,,,,,,,,,,,,,,,,,,,,,,,,,
東京都,,2321,2426,-105,-4.3,1552,1645,-93,-5.7,,,,,,,,,,,,,,,,,,,,,,,,,,,,,,,,,,,,,,,,,,
関東,計,2733,3135,-402,-12.8,1826,2103,-277,-13.2,,,,,,,,,,,,,,,,,,,,,,,,,,,,,,,,,,,,,,,,,,
関東,茨城県,483,681,-198,-29.1,293,450,-157,-34.9,,,,,,,,,,,,,,,,,,,,,,,,,,,,,,,,,,,,,,,,,,
関東,栃木県,123,161,-38,-23.6,89,109,-20,-18.3,,,,,,,,,,,,,,,,,,,,,,,,,,,,,,,,,,,,,,,,,,
関東,群馬県,290,360,-70,-19.4,154,215,-61,-28.4,,,,,,,,,,,,,,,,,,,,,,,,,,,,,,,,,,,,,,,,,,
関東,埼玉県,662,657,5,0.8,407,387,20,5.2,,,,,,,,,,,,,,,,,,,,,,,,,,,,,,,,,,,,,,,,,,
関東,千葉県,492,549,-57,-10.4,404,388,16,4.1,,,,,,,,,,,,,,,,,,,,,,,,,,,,,,,,,,,,,,,,,,
関東,神奈川県,380,465,-85,-18.3,273,369,-96,-26,,,,,,,,,,,,,,,,,,,,,,,,,,,,,,,,,,,,,,,,,,
関東,新潟県,31,38,-7,-18.4,16,16,0,0,,,,,,,,,,,,,,,,,,,,,,,,,,,,,,,,,,,,,,,,,,
関東,山梨県,46,38,8,21.1,33,30,3,10,,,,,,,,,,,,,,,,,,,,,,,,,,,,,,,,,,,,,,,,,,
関東,長野県,79,63,16,25.4,57,53,4,7.5,,,,,,,,,,,,,,,,,,,,,,,,,,,,,,,,,,,,,,,,,,
関東,静岡県,147,123,24,19.5,100,86,14,16.3,,,,,,,,,,,,,,,,,,,,,,,,,,,,,,,,,,,,,,,,,,
中部,計,849,941,-92,-9.8,554,638,-84,-13.2,,,,,,,,,,,,,,,,,,,,,,,,,,,,,,,,,,,,,,,,,,
中部,富山県,42,28,14,50,31,17,14,82.4,,,,,,,,,,,,,,,,,,,,,,,,,,,,,,,,,,,,,,,,,,
中部,石川県,23,32,-9,-28.1,15,26,-11,-42.3,,,,,,,,,,,,,,,,,,,,,,,,,,,,,,,,,,,,,,,,,,
中部,福井県,28,25,3,12,12,12,0,0,,,,,,,,,,,,,,,,,,,,,,,,,,,,,,,,,,,,,,,,,,
中部,岐阜県,62,78,-16,-20.5,42,48,-6,-12.5,,,,,,,,,,,,,,,,,,,,,,,,,,,,,,,,,,,,,,,,,,
中部,愛知県,609,690,-81,-11.7,404,485,-81,-16.7,,,,,,,,,,,,,,,,,,,,,,,,,,,,,,,,,,,,,,,,,,
中部,三重県,85,88,-3,-3.4,50,50,0,0,,,,,,,,,,,,,,,,,,,,,,,,,,,,,,,,,,,,,,,,,,
近畿,計,690,617,73,11.8,613,536,77,14.4,,,,,,,,,,,,,,,,,,,,,,,,,,,,,,,,,,,,,,,,,,
近畿,滋賀県,16,27,-11,-40.7,12,19,-7,-36.8,,,,,,,,,,,,,,,,,,,,,,,,,,,,,,,,,,,,,,,,,,
近畿,京都府,48,53,-5,-9.4,46,42,4,9.5,,,,,,,,,,,,,,,,,,,,,,,,,,,,,,,,,,,,,,,,,,
近畿,大阪府,430,364,66,18.1,404,355,49,13.8,,,,,,,,,,,,,,,,,,,,,,,,,,,,,,,,,,,,,,,,,,
近畿,兵庫県,163,152,11,7.2,123,107,16,15,,,,,,,,,,,,,,,,,,,,,,,,,,,,,,,,,,,,,,,,,,
近畿,奈良県,28,14,14,100,23,8,15,187.5,,,,,,,,,,,,,,,,,,,,,,,,,,,,,,,,,,,,,,,,,,
近畿,和歌山県,5,7,-2,-28.6,5,5,0,0,,,,,,,,,,,,,,,,,,,,,,,,,,,,,,,,,,,,,,,,,,
中国,計,99,106,-7,-6.6,72,78,-6,-7.7,,,,,,,,,,,,,,,,,,,,,,,,,,,,,,,,,,,,,,,,,,
中国,鳥取県,5,11,-6,-54.5,4,4,0,0,,,,,,,,,,,,,,,,,,,,,,,,,,,,,,,,,,,,,,,,,,
中国,島根県,3,3,0,0,2,4,-2,-50,,,,,,,,,,,,,,,,,,,,,,,,,,,,,,,,,,,,,,,,,,
中国,岡山県,28,20,8,40,13,18,-5,-27.8,,,,,,,,,,,,,,,,,,,,,,,,,,,,,,,,,,,,,,,,,,
中国,広島県,44,40,4,10,41,26,15,57.7,,,,,,,,,,,,,,,,,,,,,,,,,,,,,,,,,,,,,,,,,,
中国,山口県,19,32,-13,-40.6,12,26,-14,-53.8,,,,,,,,,,,,,,,,,,,,,,,,,,,,,,,,,,,,,,,,,,
四国,計,29,23,6,26.1,17,18,-1,-5.6,,,,,,,,,,,,,,,,,,,,,,,,,,,,,,,,,,,,,,,,,,
四国,徳島県,2,3,-1,-33.3,2,4,-2,-50,,,,,,,,,,,,,,,,,,,,,,,,,,,,,,,,,,,,,,,,,,
四国,香川県,15,16,-1,-6.3,12,10,2,20,,,,,,,,,,,,,,,,,,,,,,,,,,,,,,,,,,,,,,,,,,
四国,愛媛県,10,2,8,400,2,1,1,100,,,,,,,,,,,,,,,,,,,,,,,,,,,,,,,,,,,,,,,,,,
四国,高知県,2,2,0,0,1,3,-2,-66.7,,,,,,,,,,,,,,,,,,,,,,,,,,,,,,,,,,,,,,,,,,
九州,計,225,180,45,25,156,128,28,21.9,,,,,,,,,,,,,,,,,,,,,,,,,,,,,,,,,,,,,,,,,,
九州,福岡県,109,102,7,6.9,67,68,-1,-1.5,,,,,,,,,,,,,,,,,,,,,,,,,,,,,,,,,,,,,,,,,,
九州,佐賀県,22,2,20,1000,8,2,6,300,,,,,,,,,,,,,,,,,,,,,,,,,,,,,,,,,,,,,,,,,,
九州,長崎県,3,6,-3,-50,2,3,-1,-33.3,,,,,,,,,,,,,,,,,,,,,,,,,,,,,,,,,,,,,,,,,,
九州,熊本県,10,19,-9,-47.4,8,17,-9,-52.9,,,,,,,,,,,,,,,,,,,,,,,,,,,,,,,,,,,,,,,,,,
九州,大分県,20,10,10,100,15,5,10,200,,,,,,,,,,,,,,,,,,,,,,,,,,,,,,,,,,,,,,,,,,
九州,宮崎県,2,5,-3,-60,3,4,-1,-25,,,,,,,,,,,,,,,,,,,,,,,,,,,,,,,,,,,,,,,,,,
九州,鹿児島県,14,6,8,133.3,13,5,8,160,,,,,,,,,,,,,,,,,,,,,,,,,,,,,,,,,,,,,,,,,,
九州,沖縄県,45,30,15,50,40,24,16,66.7,,,,,,,,,,,,,,,,,,,,,,,,,,,,,,,,,,,,,,,,,,
,,,,,,,,,,,,,,,,,,,,,,,,,,,,,,,,,,,,,,,,,,,,,,,,,,,
注 自動車の運転により人を死傷させる行為等の処罰に関する法律及び交通法令違反を除く。,,,,,,,,,,,,,,,,,,,,,,,,,,,,,,,,,,,,,,,,,,,,,,,,,,,
第１４表,暴力団犯罪（刑法犯）罪種別　検挙件数・検挙人員　対前年比較,,,,,,,,,,,,,,,,,,,,,,,,,,,,,,,,,,,,,,,,,,,,,,,,,,
,,,,,,,暫定値,,,,,,,,,,,,,,,,,,,,,,,,,,,,,,,,,,,,,,,,,,,,
,,,,,,,２０２６年２月１日確定,,,,,,,,,,,,,,,,,,,,,,,,,,,,,,,,,,,,,,,,,,,,
,,,,,,,,,,,,,,,,,,,,,,,,,,,,,,,,,,,,,,,,,,,,,,,,,,,
,検挙件数,検挙件数,検挙件数,検挙件数,検挙人員,検挙人員,検挙人員,検挙人員,,,,,,,,,,,,,,,,,,,,,,,,,,,,,,,,,,,,,,,,,,,
,"2025年
1～11月","2024年
1～11月",増減,増減率(％),"2025年
1～11月","2024年
1～11月",増減,増減率(％),,,,,,,,,,,,,,,,,,,,,,,,,,,,,,,,,,,,,,,,,,,
刑法犯計,7282,9651,-2369,-24.5,4137,4772,-635,-13.3,,,,,,,,,,,,,,,,,,,,,,,,,,,,,,,,,,,,,,,,,,,
殺人,31,36,-5,-13.9,43,66,-23,-34.8,,,,,,,,,,,,,,,,,,,,,,,,,,,,,,,,,,,,,,,,,,,
強盗,79,88,-9,-10.2,160,176,-16,-9.1,,,,,,,,,,,,,,,,,,,,,,,,,,,,,,,,,,,,,,,,,,,
放火,2,10,-8,-80,2,9,-7,-77.8,,,,,,,,,,,,,,,,,,,,,,,,,,,,,,,,,,,,,,,,,,,
不同意性交等,39,30,9,30,36,32,4,12.5,,,,,,,,,,,,,,,,,,,,,,,,,,,,,,,,,,,,,,,,,,,
凶器準備集合,7,7,0,0,44,4,40,1000,,,,,,,,,,,,,,,,,,,,,,,,,,,,,,,,,,,,,,,,,,,
暴行,351,400,-49,-12.3,303,365,-62,-17,,,,,,,,,,,,,,,,,,,,,,,,,,,,,,,,,,,,,,,,,,,
傷害,664,798,-134,-16.8,826,992,-166,-16.7,,,,,,,,,,,,,,,,,,,,,,,,,,,,,,,,,,,,,,,,,,,
脅迫,248,251,-3,-1.2,232,255,-23,-9,,,,,,,,,,,,,,,,,,,,,,,,,,,,,,,,,,,,,,,,,,,
恐喝,285,320,-35,-10.9,340,345,-5,-1.4,,,,,,,,,,,,,,,,,,,,,,,,,,,,,,,,,,,,,,,,,,,
窃盗,3177,4976,-1799,-36.2,559,660,-101,-15.3,,,,,,,,,,,,,,,,,,,,,,,,,,,,,,,,,,,,,,,,,,,
詐欺,1389,1634,-245,-15,777,1000,-223,-22.3,,,,,,,,,,,,,,,,,,,,,,,,,,,,,,,,,,,,,,,,,,,
賭博,54,66,-12,-18.2,148,100,48,48,,,,,,,,,,,,,,,,,,,,,,,,,,,,,,,,,,,,,,,,,,,
わいせつ物頒布等,0,3,-3,-100,0,4,-4,-100,,,,,,,,,,,,,,,,,,,,,,,,,,,,,,,,,,,,,,,,,,,
公務執行妨害,90,103,-13,-12.6,65,72,-7,-9.7,,,,,,,,,,,,,,,,,,,,,,,,,,,,,,,,,,,,,,,,,,,
犯人蔵匿,36,25,11,44,35,34,1,2.9,,,,,,,,,,,,,,,,,,,,,,,,,,,,,,,,,,,,,,,,,,,
証人威迫,6,3,3,100,7,5,2,40,,,,,,,,,,,,,,,,,,,,,,,,,,,,,,,,,,,,,,,,,,,
逮捕監禁,53,42,11,26.2,57,46,11,23.9,,,,,,,,,,,,,,,,,,,,,,,,,,,,,,,,,,,,,,,,,,,
信用毀損・威力業務妨害,27,20,7,35,23,40,-17,-42.5,,,,,,,,,,,,,,,,,,,,,,,,,,,,,,,,,,,,,,,,,,,
器物損壊等,122,171,-49,-28.7,76,101,-25,-24.8,,,,,,,,,,,,,,,,,,,,,,,,,,,,,,,,,,,,,,,,,,,
暴力行為,2,5,-3,-60,7,7,0,0,,,,,,,,,,,,,,,,,,,,,,,,,,,,,,,,,,,,,,,,,,,
その他,620,663,-43,-6.5,397,459,-62,-13.5,,,,,,,,,,,,,,,,,,,,,,,,,,,,,,,,,,,,,,,,,,,
,,,,,,,,,,,,,,,,,,,,,,,,,,,,,,,,,,,,,,,,,,,,,,,,,,,
総数 注）,11134,13884,-2750,-19.8,6508,7583,-1075,-14.2,,,,,,,,,,,,,,,,,,,,,,,,,,,,,,,,,,,,,,,,,,,
,,,,,,,,,,,,,,,,,,,,,,,,,,,,,,,,,,,,,,,,,,,,,,,,,,,
注　第１４表の刑法犯計と第１５表の特別法犯計の合計数である。,,,,,,,,,,,,,,,,,,,,,,,,,,,,,,,,,,,,,,,,,,,,,,,,,,,
,,,,,,,,,,,,,,,,,,,,,,,,,,,,,,,,,,,,,,,,,,,,,,,,,,,
,,,,,,,,,,,,,,,,,,,,,,,,,,,,,,,,,,,,,,,,,,,,,,,,,,,
,,,,,,,,,,,,,,,,,,,,,,,,,,,,,,,,,,,,,,,,,,,,,,,,,,,
,,,,,,,,,,,,,,,,,,,,,,,,,,,,,,,,,,,,,,,,,,,,,,,,,,,
,,,,,,,,,,,,,,,,,,,,,,,,,,,,,,,,,,,,,,,,,,,,,,,,,,,
,,,,,,,,,,,,,,,,,,,,,,,,,,,,,,,,,,,,,,,,,,,,,,,,,,,
,,,,,,,,,,,,,,,,,,,,,,,,,,,,,,,,,,,,,,,,,,,,,,,,,,,
,,,,,,,,,,,,,,,,,,,,,,,,,,,,,,,,,,,,,,,,,,,,,,,,,,,
,,,,,,,,,,,,,,,,,,,,,,,,,,,,,,,,,,,,,,,,,,,,,,,,,,,
,,,,,,,,,,,,,,,,,,,,,,,,,,,,,,,,,,,,,,,,,,,,,,,,,,,
,,,,,,,,,,,,,,,,,,,,,,,,,,,,,,,,,,,,,,,,,,,,,,,,,,,
,,,,,,,,,,,,,,,,,,,,,,,,,,,,,,,,,,,,,,,,,,,,,,,,,,,
,,,,,,,,,,,,,,,,,,,,,,,,,,,,,,,,,,,,,,,,,,,,,,,,,,,
,,,,,,,,,,,,,,,,,,,,,,,,,,,,,,,,,,,,,,,,,,,,,,,,,,,
,,,,,,,,,,,,,,,,,,,,,,,,,,,,,,,,,,,,,,,,,,,,,,,,,,,
,,,,,,,,,,,,,,,,,,,,,,,,,,,,,,,,,,,,,,,,,,,,,,,,,,,
,,,,,,,,,,,,,,,,,,,,,,,,,,,,,,,,,,,,,,,,,,,,,,,,,,,
,,,,,,,,,,,,,,,,,,,,,,,,,,,,,,,,,,,,,,,,,,,,,,,,,,,
,,,,,,,,,,,,,,,,,,,,,,,,,,,,,,,,,,,,,,,,,,,,,,,,,,,
,,,,,,,,,,,,,,,,,,,,,,,,,,,,,,,,,,,,,,,,,,,,,,,,,,,
,,,,,,,,,,,,,,,,,,,,,,,,,,,,,,,,,,,,,,,,,,,,,,,,,,,
,,,,,,,,,,,,,,,,,,,,,,,,,,,,,,,,,,,,,,,,,,,,,,,,,,,
,,,,,,,,,,,,,,,,,,,,,,,,,,,,,,,,,,,,,,,,,,,,,,,,,,,
,,,,,,,,,,,,,,,,,,,,,,,,,,,,,,,,,,,,,,,,,,,,,,,,,,,
,,,,,,,,,,,,,,,,,,,,,,,,,,,,,,,,,,,,,,,,,,,,,,,,,,,
,,,,,,,,,,,,,,,,,,,,,,,,,,,,,,,,,,,,,,,,,,,,,,,,,,,
,,,,,,,,,,,,,,,,,,,,,,,,,,,,,,,,,,,,,,,,,,,,,,,,,,,
,,,,,,,,,,,,,,,,,,,,,,,,,,,,,,,,,,,,,,,,,,,,,,,,,,,
,,,,,,,,,,,,,,,,,,,,,,,,,,,,,,,,,,,,,,,,,,,,,,,,,,,
,,,,,,,,,,,,,,,,,,,,,,,,,,,,,,,,,,,,,,,,,,,,,,,,,,,
,,,,,,,,,,,,,,,,,,,,,,,,,,,,,,,,,,,,,,,,,,,,,,,,,,,
,,,,,,,,,,,,,,,,,,,,,,,,,,,,,,,,,,,,,,,,,,,,,,,,,,,
,,,,,,,,,,,,,,,,,,,,,,,,,,,,,,,,,,,,,,,,,,,,,,,,,,,
,,,,,,,,,,,,,,,,,,,,,,,,,,,,,,,,,,,,,,,,,,,,,,,,,,,
第１５表,暴力団犯罪（特別法犯）主要法令別　検挙件数・検挙人員　対前年比較,,,,,,,,,,,,,,,,,,,,,,,,,,,,,,,,,,,,,,,,,,,,,,,,,,
,,,,,,,暫定値,,,,,,,,,,,,,,,,,,,,,,,,,,,,,,,,,,,,,,,,,,,,
,,,,,,,２０２６年２月１日確定,,,,,,,,,,,,,,,,,,,,,,,,,,,,,,,,,,,,,,,,,,,,
,,,,,,,,,,,,,,,,,,,,,,,,,,,,,,,,,,,,,,,,,,,,,,,,,,,
,検挙件数,検挙件数,検挙件数,検挙件数,検挙人員,検挙人員,検挙人員,検挙人員,,,,,,,,,,,,,,,,,,,,,,,,,,,,,,,,,,,,,,,,,,,
,"2025年
1～11月","2024年
1～11月",増減,増減率（％）,"2025年
1～11月","2024年
1～11月",増減,増減率（％）,,,,,,,,,,,,,,,,,,,,,,,,,,,,,,,,,,,,,,,,,,,
特別法犯計　　　注１,3852,4233,-381,-9,2371,2811,-440,-15.7,,,,,,,,,,,,,,,,,,,,,,,,,,,,,,,,,,,,,,,,,,,
入管法,15,23,-8,-34.8,10,23,-13,-56.5,,,,,,,,,,,,,,,,,,,,,,,,,,,,,,,,,,,,,,,,,,,
軽犯罪法,42,52,-10,-19.2,32,47,-15,-31.9,,,,,,,,,,,,,,,,,,,,,,,,,,,,,,,,,,,,,,,,,,,
酩酊者規制法,2,0,2,0,2,0,2,0,,,,,,,,,,,,,,,,,,,,,,,,,,,,,,,,,,,,,,,,,,,
迷惑防止条例,37,78,-41,-52.6,28,79,-51,-64.6,,,,,,,,,,,,,,,,,,,,,,,,,,,,,,,,,,,,,,,,,,,
暴力団員不当行為防止法,11,8,3,37.5,4,10,-6,-60,,,,,,,,,,,,,,,,,,,,,,,,,,,,,,,,,,,,,,,,,,,
暴力団排除条例,33,53,-20,-37.7,51,75,-24,-32,,,,,,,,,,,,,,,,,,,,,,,,,,,,,,,,,,,,,,,,,,,
自転車競技法,0,0,0,0,0,0,0,0,,,,,,,,,,,,,,,,,,,,,,,,,,,,,,,,,,,,,,,,,,,
競馬法,0,0,0,0,0,0,0,0,,,,,,,,,,,,,,,,,,,,,,,,,,,,,,,,,,,,,,,,,,,
モーターボート競走法,1,9,-8,-88.9,2,7,-5,-71.4,,,,,,,,,,,,,,,,,,,,,,,,,,,,,,,,,,,,,,,,,,,
小型自動車競走法,0,0,0,0,0,0,0,0,,,,,,,,,,,,,,,,,,,,,,,,,,,,,,,,,,,,,,,,,,,
風営適正化法,60,75,-15,-20,99,105,-6,-5.7,,,,,,,,,,,,,,,,,,,,,,,,,,,,,,,,,,,,,,,,,,,
売春防止法,15,11,4,36.4,4,6,-2,-33.3,,,,,,,,,,,,,,,,,,,,,,,,,,,,,,,,,,,,,,,,,,,
児童福祉法,7,7,0,0,2,9,-7,-77.8,,,,,,,,,,,,,,,,,,,,,,,,,,,,,,,,,,,,,,,,,,,
青少年保護育成条例,7,8,-1,-12.5,1,7,-6,-85.7,,,,,,,,,,,,,,,,,,,,,,,,,,,,,,,,,,,,,,,,,,,
出資法,8,12,-4,-33.3,6,5,1,20,,,,,,,,,,,,,,,,,,,,,,,,,,,,,,,,,,,,,,,,,,,
貸金業法,7,13,-6,-46.2,6,11,-5,-45.5,,,,,,,,,,,,,,,,,,,,,,,,,,,,,,,,,,,,,,,,,,,
宅地建物取引業法,3,3,0,0,7,4,3,75,,,,,,,,,,,,,,,,,,,,,,,,,,,,,,,,,,,,,,,,,,,
建設業法,10,3,7,233.3,9,2,7,350,,,,,,,,,,,,,,,,,,,,,,,,,,,,,,,,,,,,,,,,,,,
銃刀法,62,62,0,0,46,42,4,9.5,,,,,,,,,,,,,,,,,,,,,,,,,,,,,,,,,,,,,,,,,,,
火薬類取締法,4,2,2,100,0,1,-1,-100,,,,,,,,,,,,,,,,,,,,,,,,,,,,,,,,,,,,,,,,,,,
麻薬等取締法,1001,250,751,300.4,467,104,363,349,,,,,,,,,,,,,,,,,,,,,,,,,,,,,,,,,,,,,,,,,,,
あへん法,1,1,0,0,6,2,4,200,,,,,,,,,,,,,,,,,,,,,,,,,,,,,,,,,,,,,,,,,,,
大麻草栽培規制法　　注２,23,757,-734,-97,17,434,-417,-96.1,,,,,,,,,,,,,,,,,,,,,,,,,,,,,,,,,,,,,,,,,,,
覚醒剤取締法,2100,2389,-289,-12.1,1299,1557,-258,-16.6,,,,,,,,,,,,,,,,,,,,,,,,,,,,,,,,,,,,,,,,,,,
毒物及び劇物取締法,7,14,-7,-50,6,12,-6,-50,,,,,,,,,,,,,,,,,,,,,,,,,,,,,,,,,,,,,,,,,,,
廃棄物処理法,17,36,-19,-52.8,20,33,-13,-39.4,,,,,,,,,,,,,,,,,,,,,,,,,,,,,,,,,,,,,,,,,,,
労働基準法,3,5,-2,-40,1,2,-1,-50,,,,,,,,,,,,,,,,,,,,,,,,,,,,,,,,,,,,,,,,,,,
職業安定法,24,13,11,84.6,30,12,18,150,,,,,,,,,,,,,,,,,,,,,,,,,,,,,,,,,,,,,,,,,,,
健康保険法,0,0,0,0,0,0,0,0,,,,,,,,,,,,,,,,,,,,,,,,,,,,,,,,,,,,,,,,,,,
労働者派遣法,2,4,-2,-50,2,2,0,0,,,,,,,,,,,,,,,,,,,,,,,,,,,,,,,,,,,,,,,,,,,
旅券法,2,1,1,100,1,1,0,0,,,,,,,,,,,,,,,,,,,,,,,,,,,,,,,,,,,,,,,,,,,
麻薬等特例法,154,103,51,49.5,75,48,27,56.3,,,,,,,,,,,,,,,,,,,,,,,,,,,,,,,,,,,,,,,,,,,
その他,194,241,-47,-19.5,138,171,-33,-19.3,,,,,,,,,,,,,,,,,,,,,,,,,,,,,,,,,,,,,,,,,,,
,,,,,,,,,,,,,,,,,,,,,,,,,,,,,,,,,,,,,,,,,,,,,,,,,,,
注１　自動車の運転により人を死傷させる行為等の処罰に関する法律及び交通法令違反を除く。,,,,,,,,,,,,,,,,,,,,,,,,,,,,,,,,,,,,,,,,,,,,,,,,,,,
注２　2024年の大麻草栽培規制法の数値には、大麻取締法の数値を含む。,,,,,,,,,,,,,,,,,,,,,,,,,,,,,,,,,,,,,,,,,,,,,,,,,,,
,,,,,,,,,,,,,,,,,,,,,,,,,,,,,,,,,,,,,,,,,,,,,,,,,,,
,,,,,,,,,,,,,,,,,,,,,,,,,,,,,,,,,,,,,,,,,,,,,,,,,,,
,,,,,,,,,,,,,,,,,,,,,,,,,,,,,,,,,,,,,,,,,,,,,,,,,,,
,,,,,,,,,,,,,,,,,,,,,,,,,,,,,,,,,,,,,,,,,,,,,,,,,,,
,,,,,,,,,,,,,,,,,,,,,,,,,,,,,,,,,,,,,,,,,,,,,,,,,,,
,,,,,,,,,,,,,,,,,,,,,,,,,,,,,,,,,,,,,,,,,,,,,,,,,,,
,,,,,,,,,,,,,,,,,,,,,,,,,,,,,,,,,,,,,,,,,,,,,,,,,,,
,,,,,,,,,,,,,,,,,,,,,,,,,,,,,,,,,,,,,,,,,,,,,,,,,,,
,,,,,,,,,,,,,,,,,,,,,,,,,,,,,,,,,,,,,,,,,,,,,,,,,,,
,,,,,,,,,,,,,,,,,,,,,,,,,,,,,,,,,,,,,,,,,,,,,,,,,,,
,,,,,,,,,,,,,,,,,,,,,,,,,,,,,,,,,,,,,,,,,,,,,,,,,,,
,,,,,,,,,,,,,,,,,,,,,,,,,,,,,,,,,,,,,,,,,,,,,,,,,,,
,,,,,,,,,,,,,,,,,,,,,,,,,,,,,,,,,,,,,,,,,,,,,,,,,,,
,,,,,,,,,,,,,,,,,,,,,,,,,,,,,,,,,,,,,,,,,,,,,,,,,,,
,,,,,,,,,,,,,,,,,,,,,,,,,,,,,,,,,,,,,,,,,,,,,,,,,,,
,,,,,,,,,,,,,,,,,,,,,,,,,,,,,,,,,,,,,,,,,,,,,,,,,,,
,,,,,,,,,,,,,,,,,,,,,,,,,,,,,,,,,,,,,,,,,,,,,,,,,,,
,,,,,,,,,,,,,,,,,,,,,,,,,,,,,,,,,,,,,,,,,,,,,,,,,,,
,,,,,,,,,,,,,,,,,,,,,,,,,,,,,,,,,,,,,,,,,,,,,,,,,,,
,,,,,,,,,,,,,,,,,,,,,,,,,,,,,,,,,,,,,,,,,,,,,,,,,,,
,,,,,,,,,,,,,,,,,,,,,,,,,,,,,,,,,,,,,,,,,,,,,,,,,,,
,,,,,,,,,,,,,,,,,,,,,,,,,,,,,,,,,,,,,,,,,,,,,,,,,,,
,,,,,,,,,,,,,,,,,,,,,,,,,,,,,,,,,,,,,,,,,,,,,,,,,,,
,,,,,,,,,,,,,,,,,,,,,,,,,,,,,,,,,,,,,,,,,,,,,,,,,,,
,,,,,,,,,,,,,,,,,,,,,,,,,,,,,,,,,,,,,,,,,,,,,,,,,,,
,,,,,,,,,,,,,,,,,,,,,,,,,,,,,,,,,,,,,,,,,,,,,,,,,,,
,,,,,,,,,,,,,,,,,,,,,,,,,,,,,,,,,,,,,,,,,,,,,,,,,,,
,,,,,,,,,,,,,,,,,,,,,,,,,,,,,,,,,,,,,,,,,,,,,,,,,,,
,,,,,,,,,,,,,,,,,,,,,,,,,,,,,,,,,,,,,,,,,,,,,,,,,,,
,,,,,,,,,,,,,,,,,,,,,,,,,,,,,,,,,,,,,,,,,,,,,,,,,,,
,,,,,,,,,,,,,,,,,,,,,,,,,,,,,,,,,,,,,,,,,,,,,,,,,,,
,,,,,,,,,,,,,,,,,,,,,,,,,,,,,,,,,,,,,,,,,,,,,,,,,,,
,,,,,,,,,,,,,,,,,,,,,,,,,,,,,,,,,,,,,,,,,,,,,,,,,,,
,,,,,,,,,,,,,,,,,,,,,,,,,,,,,,,,,,,,,,,,,,,,,,,,,,,
,,,,,,,,,,,,,,,,,,,,,,,,,,,,,,,,,,,,,,,,,,,,,,,,,,,
,,,,,,,,,,,,,,,,,,,,,,,,,,,,,,,,,,,,,,,,,,,,,,,,,,,
,,,,,,,,,,,,,,,,,,,,,,,,,,,,,,,,,,,,,,,,,,,,,,,,,,,
,,,,,,,,,,,,,,,,,,,,,,,,,,,,,,,,,,,,,,,,,,,,,,,,,,,
,,,,,,,,,,,,,,,,,,,,,,,,,,,,,,,,,,,,,,,,,,,,,,,,,,,
,,,,,,,,,,,,,,,,,,,,,,,,,,,,,,,,,,,,,,,,,,,,,,,,,,,
,,,,,,,,,,,,,,,,,,,,,,,,,,,,,,,,,,,,,,,,,,,,,,,,,,,
,,,,,,,,,,,,,,,,,,,,,,,,,,,,,,,,,,,,,,,,,,,,,,,,,,,
,,,,,,,,,,,,,,,,,,,,,,,,,,,,,,,,,,,,,,,,,,,,,,,,,,,
,,,,,,,,,,,,,,,,,,,,,,,,,,,,,,,,,,,,,,,,,,,,,,,,,,,
,,,,,,,,,,,,,,,,,,,,,,,,,,,,,,,,,,,,,,,,,,,,,,,,,,,
,,,,,,,,,,,,,,,,,,,,,,,,,,,,,,,,,,,,,,,,,,,,,,,,,,,
,,,,,,,,,,,,,,,,,,,,,,,,,,,,,,,,,,,,,,,,,,,,,,,,,,,
,,,,,,,,,,,,,,,,,,,,,,,,,,,,,,,,,,,,,,,,,,,,,,,,,,,
,,,,,,,,,,,,,,,,,,,,,,,,,,,,,,,,,,,,,,,,,,,,,,,,,,,
,,,,,,,,,,,,,,,,,,,,,,,,,,,,,,,,,,,,,,,,,,,,,,,,,,,
,,,,,,,,,,,,,,,,,,,,,,,,,,,,,,,,,,,,,,,,,,,,,,,,,,,
,,,,,,,,,,,,,,,,,,,,,,,,,,,,,,,,,,,,,,,,,,,,,,,,,,,
,,,,,,,,,,,,,,,,,,,,,,,,,,,,,,,,,,,,,,,,,,,,,,,,,,,
,,,,,,,,,,,,,,,,,,,,,,,,,,,,,,,,,,,,,,,,,,,,,,,,,,,
,,,,,,,,,,,,,,,,,,,,,,,,,,,,,,,,,,,,,,,,,,,,,,,,,,,
,,,,,,,,,,,,,,,,,,,,,,,,,,,,,,,,,,,,,,,,,,,,,,,,,,,
,,,,,,,,,,,,,,,,,,,,,,,,,,,,,,,,,,,,,,,,,,,,,,,,,,,
,,,,,,,,,,,,,,,,,,,,,,,,,,,,,,,,,,,,,,,,,,,,,,,,,,,
,,,,,,,,,,,,,,,,,,,,,,,,,,,,,,,,,,,,,,,,,,,,,,,,,,,
,,,,,,,,,,,,,,,,,,,,,,,,,,,,,,,,,,,,,,,,,,,,,,,,,,,
,,,,,,,,,,,,,,,,,,,,,,,,,,,,,,,,,,,,,,,,,,,,,,,,,,,
,,,,,,,,,,,,,,,,,,,,,,,,,,,,,,,,,,,,,,,,,,,,,,,,,,,
,,,,,,,,,,,,,,,,,,,,,,,,,,,,,,,,,,,,,,,,,,,,,,,,,,,
,,,,,,,,,,,,,,,,,,,,,,,,,,,,,,,,,,,,,,,,,,,,,,,,,,,
,,,,,,,,,,,,,,,,,,,,,,,,,,,,,,,,,,,,,,,,,,,,,,,,,,,
,,,,,,,,,,,,,,,,,,,,,,,,,,,,,,,,,,,,,,,,,,,,,,,,,,,
,,,,,,,,,,,,,,,,,,,,,,,,,,,,,,,,,,,,,,,,,,,,,,,,,,,
,,,,,,,,,,,,,,,,,,,,,,,,,,,,,,,,,,,,,,,,,,,,,,,,,,,
,,,,,,,,,,,,,,,,,,,,,,,,,,,,,,,,,,,,,,,,,,,,,,,,,,,
,,,,,,,,,,,,,,,,,,,,,,,,,,,,,,,,,,,,,,,,,,,,,,,,,,,
,,,,,,,,,,,,,,,,,,,,,,,,,,,,,,,,,,,,,,,,,,,,,,,,,,,
,,,,,,,,,,,,,,,,,,,,,,,,,,,,,,,,,,,,,,,,,,,,,,,,,,,
,,,,,,,,,,,,,,,,,,,,,,,,,,,,,,,,,,,,,,,,,,,,,,,,,,,
,,,,,,,,,,,,,,,,,,,,,,,,,,,,,,,,,,,,,,,,,,,,,,,,,,,
,,,,,,,,,,,,,,,,,,,,,,,,,,,,,,,,,,,,,,,,,,,,,,,,,,,
,,,,,,,,,,,,,,,,,,,,,,,,,,,,,,,,,,,,,,,,,,,,,,,,,,,
,,,,,,,,,,,,,,,,,,,,,,,,,,,,,,,,,,,,,,,,,,,,,,,,,,,
,,,,,,,,,,,,,,,,,,,,,,,,,,,,,,,,,,,,,,,,,,,,,,,,,,,
,,,,,,,,,,,,,,,,,,,,,,,,,,,,,,,,,,,,,,,,,,,,,,,,,,,
,,,,,,,,,,,,,,,,,,,,,,,,,,,,,,,,,,,,,,,,,,,,,,,,,,,
,,,,,,,,,,,,,,,,,,,,,,,,,,,,,,,,,,,,,,,,,,,,,,,,,,,
,,,,,,,,,,,,,,,,,,,,,,,,,,,,,,,,,,,,,,,,,,,,,,,,,,,
,,,,,,,,,,,,,,,,,,,,,,,,,,,,,,,,,,,,,,,,,,,,,,,,,,,
,,,,,,,,,,,,,,,,,,,,,,,,,,,,,,,,,,,,,,,,,,,,,,,,,,,
,,,,,,,,,,,,,,,,,,,,,,,,,,,,,,,,,,,,,,,,,,,,,,,,,,,
,,,,,,,,,,,,,,,,,,,,,,,,,,,,,,,,,,,,,,,,,,,,,,,,,,,
,,,,,,,,,,,,,,,,,,,,,,,,,,,,,,,,,,,,,,,,,,,,,,,,,,,
,,,,,,,,,,,,,,,,,,,,,,,,,,,,,,,,,,,,,,,,,,,,,,,,,,,
,,,,,,,,,,,,,,,,,,,,,,,,,,,,,,,,,,,,,,,,,,,,,,,,,,,
,,,,,,,,,,,,,,,,,,,,,,,,,,,,,,,,,,,,,,,,,,,,,,,,,,,
,,,,,,,,,,,,,,,,,,,,,,,,,,,,,,,,,,,,,,,,,,,,,,,,,,,
,,,,,,,,,,,,,,,,,,,,,,,,,,,,,,,,,,,,,,,,,,,,,,,,,,,
,,,,,,,,,,,,,,,,,,,,,,,,,,,,,,,,,,,,,,,,,,,,,,,,,,,
,,,,,,,,,,,,,,,,,,,,,,,,,,,,,,,,,,,,,,,,,,,,,,,,,,,
,,,,,,,,,,,,,,,,,,,,,,,,,,,,,,,,,,,,,,,,,,,,,,,,,,,
